date,data_source,cpi,Alimentos y Bebidas No Alcohólicas,Bebidas Alcohólicas y Tabaco,Prendas de Vestir y Calzado,Vivienda y Servicios Básicos,"Muebles, Bienes y Servicios Domésticos",Salud,Transporte,Comunicaciones,Recreación y Cultura,Educación,Bienes y Servicios Diversos
2021-11-01,Forward Fill,99.99999999999999,100.0,100.0,100.0,100.0,100.0,100.0,100.0,100.0,100.0,100.0,100.0
2021-11-02,Forward Fill,99.99999999999999,100.0,100.0,100.0,100.0,100.0,100.0,100.0,100.0,100.0,100.0,100.0
2021-11-03,Forward Fill,99.99999999999999,100.0,100.0,100.0,100.0,100.0,100.0,100.0,100.0,100.0,100.0,100.0
2021-11-04,Forward Fill,99.99999999999999,100.0,100.0,100.0,100.0,100.0,100.0,100.0,100.0,100.0,100.0,100.0
2021-11-05,Forward Fill,99.99999999999999,100.0,100.0,100.0,100.0,100.0,100.0,100.0,100.0,100.0,100.0,100.0
2021-11-06,Forward Fill,99.99999999999999,100.0,100.0,100.0,100.0,100.0,100.0,100.0,100.0,100.0,100.0,100.0
2021-11-07,Forward Fill,99.99999999999999,100.0,100.0,100.0,100.0,100.0,100.0,100.0,100.0,100.0,100.0,100.0
2021-11-08,Forward Fill,99.99999999999999,100.0,100.0,100.0,100.0,100.0,100.0,100.0,100.0,100.0,100.0,100.0
2021-11-09,Forward Fill,99.99999999999999,100.0,100.0,100.0,100.0,100.0,100.0,100.0,100.0,100.0,100.0,100.0
2021-11-10,Forward Fill,99.99999999999999,100.0,100.0,100.0,100.0,100.0,100.0,100.0,100.0,100.0,100.0,100.0
2021-11-11,Forward Fill,99.99999999999999,100.0,100.0,100.0,100.0,100.0,100.0,100.0,100.0,100.0,100.0,100.0
2021-11-12,Forward Fill,99.99999999999999,100.0,100.0,100.0,100.0,100.0,100.0,100.0,100.0,100.0,100.0,100.0
2021-11-13,Forward Fill,99.99999999999999,100.0,100.0,100.0,100.0,100.0,100.0,100.0,100.0,100.0,100.0,100.0
2021-11-14,Forward Fill,99.99999999999999,100.0,100.0,100.0,100.0,100.0,100.0,100.0,100.0,100.0,100.0,100.0
2021-11-15,2021_11.csv,99.99999999999999,100.0,100.0,100.0,100.0,100.0,100.0,100.0,100.0,100.0,100.0,100.0
2021-11-16,2021_11.csv,99.93176463464577,99.75354780877956,100.0,100.0,100.0,100.0,100.0,100.0,100.0,100.0,100.0,100.43507715679938
2021-11-17,2021_11.csv,99.93082018919775,99.75205800211238,99.96212649491643,100.0,100.0,100.0,100.0,100.0,100.0,100.0,100.0,100.43507715679938
2021-11-18,2021_11.csv,99.91997767219479,99.7256245749006,99.96212649491643,100.0,100.0,100.0,100.0,100.0,100.0,100.0,100.0,100.43507715679938
2021-11-19,2021_11.csv,99.89808746809888,99.67377532553549,99.89139366645593,100.0,100.0,100.0,100.0,100.0,100.0,100.0,100.0,100.43507715679938
2021-11-20,2021_11.csv,99.89872280998965,99.66496838965027,99.89139366645593,100.0,100.0,100.06985097415992,100.0,100.0,100.0,100.0,100.0,100.43507715679938
2021-11-21,2021_11.csv,99.90284002051511,99.67500590997057,99.89139366645593,100.0,100.0,100.06985097415992,100.0,100.0,100.0,100.0,100.0,100.43507715679938
2021-11-22,2021_11.csv,98.96630152343316,99.62405174782482,99.15668076439619,100.0,100.0,94.70738516850888,100.0,100.0,100.0,98.96971955708949,100.0,93.5626526612254
2021-11-23,2021_11.csv,98.97187849001142,99.63955563806823,99.06778369577457,100.0,100.0,94.70738516850888,100.0,100.0,100.0,98.96971955708949,100.0,93.5626526612254
2021-11-24,2021_11.csv,98.96037337693919,99.6130954551528,98.99375062350133,100.0,100.0,94.70738516850888,100.0,100.0,100.0,98.96971955708949,100.0,93.5626526612254
2021-11-25,2021_11.csv,98.96037337693919,99.6130954551528,98.99375062350133,100.0,100.0,94.70738516850888,100.0,100.0,100.0,98.96971955708949,100.0,93.5626526612254
2021-11-26,2021_11.csv,98.93644223869309,99.55475272894348,98.99375062350133,100.0,100.0,94.70738516850888,100.0,100.0,100.0,98.96971955708949,100.0,93.5626526612254
2021-11-27,2021_11.csv,98.93453024525023,99.55475272894348,98.99375062350133,100.0,100.0,94.70738516850888,100.0,100.0,100.0,98.92030249455726,100.0,93.57804511480593
2021-11-28,2021_11.csv,98.93453024525023,99.55475272894348,98.99375062350133,100.0,100.0,94.70738516850888,100.0,100.0,100.0,98.92030249455726,100.0,93.57804511480593
2021-11-29,2021_11.csv,99.95749385378409,99.8640965484975,100.08658088918574,100.0,100.0,98.55909472882695,100.0,100.0,100.0,99.95006850301954,100.0,101.36671825495601
2021-11-30,2021_11.csv,99.95078950882751,99.84092331805662,100.40480108420974,100.0,100.0,98.55909472882695,100.0,100.0,100.0,99.95006850301954,100.0,101.36671825495601
2021-12-01,2021_12.csv,100.27879861848258,100.26987561470085,100.88874349925749,100.0,100.0,99.224193231913,100.0,100.0,100.0,103.05745745765809,100.0,100.2283592584101
2021-12-02,2021_12.csv,100.06350651982459,100.26987561470085,100.88874349925749,100.0,100.0,99.18494739924078,100.0,100.0,100.0,99.83595750280968,100.0,100.06298712039396
2021-12-03,2021_12.csv,99.6808136070026,100.10752257696896,100.88874349925749,100.0,100.0,96.89964368522645,100.0,100.0,100.0,99.83595750280968,100.0,97.7174384097516
2021-12-04,2021_12.csv,99.59391162008556,99.90283947379763,100.55419055504368,100.0,100.0,96.89964368522645,100.0,100.0,100.0,99.83595750280968,100.0,97.7174384097516
2021-12-05,2021_12.csv,99.64887030624722,100.03682556115292,100.55419055504368,100.0,100.0,96.89964368522645,100.0,100.0,100.0,99.83595750280968,100.0,97.7174384097516
2021-12-06,2021_12.csv,99.64800053333862,100.03682556115292,100.55419055504368,100.0,100.0,96.89964368522645,100.0,100.0,100.0,99.83595750280968,100.0,97.70592054281087
2021-12-07,2021_12.csv,99.64800053333862,100.03682556115292,100.55419055504368,100.0,100.0,96.89964368522645,100.0,100.0,100.0,99.83595750280968,100.0,97.70592054281087
2021-12-08,2021_12.csv,98.59215487661281,98.61523238375734,98.86483852515043,100.0,100.0,96.24592833617845,100.0,100.0,100.0,97.21192543344176,100.0,94.33092531440467
2021-12-09,2021_12.csv,98.56244179070322,98.66245624217792,98.86483852515043,100.0,100.0,95.43879597383149,100.0,100.0,100.0,97.21192543344176,100.0,94.33092531440467
2021-12-10,2021_12.csv,98.52596923196005,98.57774932548088,98.66859333265405,100.0,100.0,95.43879597383149,100.0,100.0,100.0,97.21192543344176,100.0,94.33092531440467
2021-12-11,2021_12.csv,98.51774464853466,98.55601021609456,98.74726040658955,100.0,100.0,95.43879597383149,100.0,100.0,100.0,97.21192543344176,100.0,94.33092531440467
2021-12-12,2021_12.csv,98.51651229752335,98.55601021609456,98.74726040658955,100.0,100.0,95.43879597383149,100.0,100.0,100.0,97.21192543344176,100.0,94.31460604895942
2021-12-13,2021_12.csv,98.51635641655848,98.55115344762979,98.77830192540597,100.0,100.0,95.44628559774814,100.0,100.0,100.0,97.21192543344176,100.0,94.32927328682739
2021-12-14,2021_12.csv,98.5195006137795,98.55881881798233,98.77830192540597,100.0,100.0,95.44628559774814,100.0,100.0,100.0,97.21192543344176,100.0,94.32927328682739
2021-12-15,2021_12.csv,98.49957233651243,98.50734302826275,98.67074129884361,100.0,100.0,95.48135900673036,100.0,100.0,100.0,97.21192543344176,100.0,94.32927328682739
2021-12-16,2021_12.csv,98.2938272470112,98.56305989156719,98.77585615245728,100.0,100.0,91.56131528567077,100.0,100.0,100.0,97.21192543344176,100.0,94.44662721271015
2021-12-17,2021_12.csv,98.18941658272757,98.32644922284312,98.77585615245728,100.0,100.0,91.56131528567077,100.0,100.0,100.0,97.09366583686587,100.0,94.44662721271015
2021-12-18,2021_12.csv,98.17574470725006,98.32644922284312,98.79114777584036,100.0,100.0,91.33428062468049,100.0,100.0,100.0,97.09366583686587,100.0,94.44662721271015
2021-12-19,2021_12.csv,98.17574470725006,98.32644922284312,98.79114777584036,100.0,100.0,91.33428062468049,100.0,100.0,100.0,97.09366583686587,100.0,94.44662721271015
2021-12-20,2021_12.csv,98.17906759390372,98.33442401594148,98.7970295288753,100.0,100.0,91.33428062468049,100.0,100.0,100.0,97.09366583686587,100.0,94.44662721271015
2021-12-21,2021_12.csv,98.22551386261502,98.44993350955325,98.78907085188284,100.0,100.0,91.32007951423489,100.0,100.0,100.0,97.09366583686587,100.0,94.44662721271015
2021-12-22,2021_12.csv,98.19952456742992,98.38603592714352,98.81410508144529,100.0,100.0,91.32007951423489,100.0,100.0,100.0,97.09366583686587,100.0,94.44662721271015
2021-12-23,2021_12.csv,100.10993343388104,100.44683078729773,101.88061243217665,100.0,100.0,96.19780330331508,100.0,100.0,100.0,101.08408780466337,100.0,100.97827880302917
2021-12-24,2021_12.csv,97.57157619913896,98.182252210018,98.97748766901427,100.0,100.0,84.24435221300834,100.0,100.0,100.0,97.09366583686587,100.0,92.91702955601916
2021-12-25,2021_12.csv,97.58604493958346,98.2167499796832,99.01365941409559,100.0,100.0,84.24435221300834,100.0,100.0,100.0,97.09366583686587,100.0,92.91702955601916
2021-12-26,2021_12.csv,97.61352926755461,98.279555216206,99.20938709677385,100.0,100.0,84.24435221300834,100.0,100.0,100.0,97.09366583686587,100.0,92.91702955601916
2021-12-27,2021_12.csv,97.61352926755461,98.279555216206,99.20938709677385,100.0,100.0,84.24435221300834,100.0,100.0,100.0,97.09366583686587,100.0,92.91702955601916
2021-12-28,2021_12.csv,97.60974367529678,98.25375486672206,99.20938709677385,100.0,100.0,84.28818899513522,100.0,100.0,100.0,97.09366583686587,100.0,92.97173964649167
2021-12-29,2021_12.csv,97.23067435914145,98.18489200335456,99.20938709677385,100.0,100.0,78.43483333794674,100.0,100.0,100.0,97.17616072323204,100.0,92.97173964649167
2021-12-30,2021_12.csv,97.14754990788298,97.9822394152828,99.20938709677385,100.0,100.0,78.43483333794674,100.0,100.0,100.0,97.17616072323204,100.0,92.97173964649167
2021-12-31,2021_12.csv,97.54969486548997,98.40674016297545,99.41583466224367,100.0,100.0,78.48722217366448,100.0,100.0,100.0,97.17616072323204,100.0,95.92504815243792
2022-01-01,2022_01.csv,97.54969486548997,98.40674016297545,99.41583466224367,100.0,100.0,78.48722217366448,100.0,100.0,100.0,97.17616072323204,100.0,95.92504815243792
2022-01-02,2022_01.csv,98.56651900297408,99.9439957450183,101.82977361374716,100.0,100.0,79.5338383733386,100.0,100.0,100.0,97.79452921738657,100.0,99.40654233006718
2022-01-03,2022_01.csv,98.60509801756379,100.03346265949578,101.85004237022508,100.0,100.0,79.57750291693444,100.0,100.0,100.0,97.79452921738657,100.0,99.39392971883471
2022-01-04,2022_01.csv,98.37757954652099,98.82411609596244,101.0635713213515,100.0,100.0,93.23233397636328,100.0,100.0,100.0,97.30029379763405,100.0,92.45258823912401
2022-01-05,2022_01.csv,98.0666018818961,98.61176288922414,100.79996877174935,100.0,100.0,92.45377760493935,100.0,100.0,100.0,97.30029379763405,100.0,90.14565460747508
2022-01-06,2022_01.csv,98.08521508039169,98.61990574403622,100.79824884410432,100.0,100.0,92.40202451927468,100.0,100.0,100.0,97.30029379763405,100.0,90.38978459514585
2022-01-07,2022_01.csv,98.12545548137724,98.71820935105599,100.7889356243938,100.0,100.0,92.40202451927468,100.0,100.0,100.0,97.30029379763405,100.0,90.38978459514585
2022-01-08,2022_01.csv,98.57712949183276,98.71820935105599,100.7889356243938,100.0,100.0,92.40202451927468,100.0,100.0,100.0,97.30029379763405,100.0,96.37102533227721
2022-01-09,2022_01.csv,98.56968586294954,98.69839806424176,100.7889356243938,100.0,100.0,92.4132493312002,100.0,100.0,100.0,97.30029379763405,100.0,96.37102533227721
2022-01-10,2022_01.csv,98.52741937109705,98.7034178547304,100.7889356243938,100.0,100.0,91.7575203548157,100.0,100.0,100.0,97.30029379763405,100.0,96.31210701612716
2022-01-11,2022_01.csv,98.53934718299226,98.73385250975434,100.72577361388315,100.0,100.0,91.7575203548157,100.0,100.0,100.0,97.30029379763405,100.0,96.31210701612716
2022-01-12,2022_01.csv,98.44943325309067,98.51721982289843,100.72577361388315,100.0,100.0,91.7575203548157,100.0,100.0,100.0,97.30029379763405,100.0,96.29813506598173
2022-01-13,2022_01.csv,98.43833712390123,98.49463411572479,100.6889526277172,100.0,100.0,91.73272616446305,100.0,100.0,100.0,97.30029379763405,100.0,96.29813506598173
2022-01-14,2022_01.csv,98.42992667944846,98.47143193277127,100.6889526277172,100.0,100.0,91.75092440237987,100.0,100.0,100.0,97.30029379763405,100.0,96.29813506598173
2022-01-15,2022_01.csv,98.45574460779252,98.52319201398957,100.6889526277172,100.0,100.0,91.7331986806781,100.0,100.0,100.0,97.30029379763405,100.0,96.37315068624993
2022-01-16,2022_01.csv,98.45574460779252,98.52319201398957,100.6889526277172,100.0,100.0,91.7331986806781,100.0,100.0,100.0,97.30029379763405,100.0,96.37315068624993
2022-01-17,2022_01.csv,98.45639672806426,98.51846635876136,100.6889526277172,100.0,100.0,91.77579705332235,100.0,100.0,100.0,97.30029379763405,100.0,96.37315068624993
2022-01-18,2022_01.csv,98.47876872796708,98.57932348277897,100.6889526277172,100.0,100.0,91.73319868067811,100.0,100.0,100.0,97.30029379763405,100.0,96.37315068624993
2022-01-19,2022_01.csv,98.47390082845715,98.56745582628045,100.6889526277172,100.0,100.0,91.73319868067811,100.0,100.0,100.0,97.30029379763405,100.0,96.37315068624993
2022-01-20,2022_01.csv,98.46998744498761,98.56530497135763,100.6889526277172,100.0,100.0,91.7175862247146,100.0,100.0,100.0,97.30029379763405,100.0,96.34558382709201
2022-01-21,2022_01.csv,98.52023170833701,98.6877975694965,100.6889526277172,100.0,100.0,91.7175862247146,100.0,100.0,100.0,97.30029379763405,100.0,96.34558382709201
2022-01-22,2022_01.csv,98.52301031131131,98.69457164229266,100.6889526277172,100.0,100.0,91.7175862247146,100.0,100.0,100.0,97.30029379763405,100.0,96.34558382709201
2022-01-23,2022_01.csv,98.52301031131131,98.69457164229266,100.6889526277172,100.0,100.0,91.7175862247146,100.0,100.0,100.0,97.30029379763405,100.0,96.34558382709201
2022-01-24,2022_01.csv,98.52644733978826,98.69932067138745,100.85813038220284,100.0,100.0,91.7175862247146,100.0,100.0,100.0,97.30029379763405,100.0,96.34558382709201
2022-01-25,2022_01.csv,98.54462373103462,98.74363365838602,100.85813038220284,100.0,100.0,91.7175862247146,100.0,100.0,100.0,97.30029379763405,100.0,96.34558382709201
2022-01-26,2022_01.csv,98.57622185556946,98.74363365838602,100.85813038220284,100.0,100.0,91.7175862247146,100.0,100.0,100.0,97.80820062898331,100.0,96.34558382709201
2022-01-27,2022_01.csv,98.57622185556946,98.74363365838602,100.85813038220284,100.0,100.0,91.7175862247146,100.0,100.0,100.0,97.80820062898331,100.0,96.34558382709201
2022-01-28,2022_01.csv,98.56719006786922,98.72161468412928,100.85813038220284,100.0,100.0,91.7175862247146,100.0,100.0,100.0,97.80820062898331,100.0,96.34558382709201
2022-01-29,2022_01.csv,98.58697818955912,98.76985697641298,100.85813038220284,100.0,100.0,91.7175862247146,100.0,100.0,100.0,97.80820062898331,100.0,96.34558382709201
2022-01-30,2022_01.csv,98.58697818955912,98.76985697641298,100.85813038220284,100.0,100.0,91.7175862247146,100.0,100.0,100.0,97.80820062898331,100.0,96.34558382709201
2022-01-31,2022_01.csv,98.58771402135223,98.76985697641298,100.85813038220284,100.0,100.0,91.72968630081259,100.0,100.0,100.0,97.80820062898331,100.0,96.34558382709201
2022-02-01,2022_02.csv,99.01086257294637,99.4084147338161,101.17882150051373,100.0,100.0,92.26325233750751,100.0,100.0,100.0,98.83656572928346,100.0,97.16630143585961
2022-02-02,2022_02.csv,98.97615195104402,99.32586018873253,101.13322565313287,100.0,100.0,92.26325233750751,100.0,100.0,100.0,98.83656572928346,100.0,97.16038332483612
2022-02-03,2022_02.csv,98.7779732450938,99.32974226730333,101.13322565313287,100.0,100.0,92.26325233750751,100.0,100.0,100.0,95.62545462589273,100.0,97.16038332483612
2022-02-04,2022_02.csv,98.7740072993705,99.32007352179208,101.13322565313287,100.0,100.0,92.26325233750751,100.0,100.0,100.0,95.62545462589273,100.0,97.16038332483612
2022-02-05,2022_02.csv,98.70509081898685,99.18819327465846,101.13322565313287,100.0,100.0,92.23317881189234,100.0,100.0,100.0,95.62545462589273,100.0,96.98832852509231
2022-02-06,2022_02.csv,98.70509081898685,99.18819327465846,101.13322565313287,100.0,100.0,92.23317881189234,100.0,100.0,100.0,95.62545462589273,100.0,96.98832852509231
2022-02-07,2022_02.csv,98.7757332409872,99.35416238447252,101.184238690099,100.0,100.0,92.26797234570644,100.0,100.0,100.0,95.62545462589273,100.0,96.98832852509231
2022-02-08,2022_02.csv,98.78662043322161,99.40895406543102,101.184238690099,100.0,100.0,92.2766892972282,100.0,100.0,100.0,95.62545462589273,100.0,96.82786436326944
2022-02-09,2022_02.csv,98.78465678306902,99.40895406543102,101.184238690099,100.0,100.0,92.2766892972282,100.0,100.0,100.0,95.62545462589273,100.0,96.8018609536991
2022-02-10,2022_02.csv,98.76748176263582,99.3678588974946,101.14805038800937,100.0,100.0,92.2766892972282,100.0,100.0,100.0,95.62545462589273,100.0,96.8018609536991
2022-02-11,2022_02.csv,98.72228972866894,99.29464325146176,101.12500731552905,100.0,100.0,92.03072745373798,100.0,100.0,100.0,95.62545462589273,100.0,96.8018609536991
2022-02-12,2022_02.csv,98.72541610632472,99.26656964782913,101.12500731552905,100.0,100.0,92.0457644658509,100.0,100.0,100.0,95.82717776396005,100.0,96.8174544332452
2022-02-13,2022_02.csv,98.72541610632472,99.26656964782913,101.12500731552905,100.0,100.0,92.0457644658509,100.0,100.0,100.0,95.82717776396005,100.0,96.8174544332452
2022-02-14,2022_02.csv,98.73966403895659,99.30348484076738,101.12500731552905,100.0,100.0,92.03106318988698,100.0,100.0,100.0,95.82717776396005,100.0,96.8174544332452
2022-02-15,2022_02.csv,98.72617572757788,99.29564996419695,101.03540920358361,100.0,100.0,91.99686891286002,100.0,100.0,100.0,95.82717776396005,100.0,96.71937422918502
2022-02-16,2022_02.csv,98.72759631128422,99.2986388102885,101.0575198635214,100.0,100.0,91.99686891286002,100.0,100.0,100.0,95.82717776396005,100.0,96.71937422918502
2022-02-17,2022_02.csv,98.71704218454612,99.27511591593844,101.0575198635214,100.0,100.0,91.98197948950816,100.0,100.0,100.0,95.82717776396005,100.0,96.71937422918502
2022-02-18,2022_02.csv,98.66872751685273,99.15732756002559,101.0575198635214,100.0,100.0,91.98197948950816,100.0,100.0,100.0,95.82717776396005,100.0,96.71937422918502
2022-02-19,2022_02.csv,98.66109776205845,99.14191627708414,100.90887648749573,100.0,100.0,91.98197948950816,100.0,100.0,100.0,95.82717776396005,100.0,96.71937422918502
2022-02-20,2022_02.csv,98.66109776205845,99.14191627708414,100.90887648749573,100.0,100.0,91.98197948950816,100.0,100.0,100.0,95.82717776396005,100.0,96.71937422918502
2022-02-21,2022_02.csv,98.67632261132734,99.14191627708414,100.9019816985499,100.0,100.0,92.23333604282642,100.0,100.0,100.0,95.82717776396005,100.0,96.71937422918502
2022-02-22,2022_02.csv,98.63170182672114,99.13270892884258,100.97691670542439,100.0,100.0,92.23333604282642,100.0,100.0,100.0,95.82717776396005,100.0,96.16976687824575
2022-02-23,2022_02.csv,98.62394743712204,99.11478071389625,100.93140786773291,100.0,100.0,92.23333604282642,100.0,100.0,100.0,95.82717776396005,100.0,96.16976687824575
2022-02-24,2022_02.csv,98.59722785721358,99.04963992874026,100.93140786773291,100.0,100.0,92.23333604282642,100.0,100.0,100.0,95.82717776396005,100.0,96.16976687824575
2022-02-25,2022_02.csv,98.56290183397063,98.96440112861883,100.8909999749307,100.0,100.0,92.23333604282642,100.0,100.0,100.0,95.82717776396005,100.0,96.18291738616809
2022-02-26,2022_02.csv,98.68825009780154,98.97040533580098,100.8436418638792,100.0,100.0,92.23333604282642,100.0,100.0,100.0,97.80913307248133,100.0,96.18291738616809
2022-02-27,2022_02.csv,98.67699334787083,98.97040533580098,100.86686364640849,100.0,100.0,92.23333604282642,100.0,100.0,100.0,97.62490718394439,100.0,96.18291738616809
2022-02-28,2022_02.csv,98.67629934027069,98.97040533580098,100.86686364640849,100.0,100.0,92.22192372705932,100.0,100.0,100.0,97.62490718394439,100.0,96.18291738616809
2022-03-01,2022_03.csv,98.63899751073389,99.07700771960747,100.88415101083054,100.0,100.0,92.2588345688481,100.0,100.0,100.0,95.9521257645393,100.0,96.45627751238538
2022-03-02,2022_03.csv,99.56731835405341,100.52761280448054,101.68320069673915,100.0,100.0,94.83302557407369,100.0,100.0,100.0,97.2685922880686,100.0,97.6193949392357
2022-03-03,2022_03.csv,99.563558556635,100.51844663657286,101.68320069673915,100.0,100.0,94.83302557407369,100.0,100.0,100.0,97.2685922880686,100.0,97.6193949392357
2022-03-04,2022_03.csv,99.25668205065807,99.91347315378387,101.21864100413767,100.0,100.0,94.54071972375546,100.0,100.0,100.0,96.9234362607989,100.0,97.41560050885745
2022-03-05,2022_03.csv,99.24919981701234,99.89523190238425,101.21864100413767,100.0,100.0,94.54071972375546,100.0,100.0,100.0,96.9234362607989,100.0,97.41560050885745
2022-03-06,2022_03.csv,99.24919981701234,99.89523190238425,101.21864100413767,100.0,100.0,94.54071972375546,100.0,100.0,100.0,96.9234362607989,100.0,97.41560050885745
2022-03-07,2022_03.csv,99.29594809589852,99.96531857390427,101.9855849727898,100.0,100.0,94.60284508702348,100.0,100.0,100.0,96.9234362607989,100.0,97.51454165096592
2022-03-08,2022_03.csv,99.30302243329335,100.01215101529408,101.93323291184657,100.0,100.0,94.60284508702348,100.0,100.0,100.0,96.9234362607989,100.0,97.3599408092399
2022-03-09,2022_03.csv,99.30315645832287,100.01215101529408,101.94845998281417,100.0,100.0,94.60284508702348,100.0,100.0,100.0,96.9234362607989,100.0,97.3599408092399
2022-03-10,2022_03.csv,99.30315645832287,100.01215101529408,101.94845998281417,100.0,100.0,94.60284508702348,100.0,100.0,100.0,96.9234362607989,100.0,97.3599408092399
2022-03-11,2022_03.csv,99.28896509534638,99.97755329594787,101.94845998281417,100.0,100.0,94.60284508702348,100.0,100.0,100.0,96.9234362607989,100.0,97.3599408092399
2022-03-12,2022_03.csv,99.29563987247298,99.9938260152143,101.94845998281417,100.0,100.0,94.60284508702348,100.0,100.0,100.0,96.9234362607989,100.0,97.3599408092399
2022-03-13,2022_03.csv,99.29563987247298,99.9938260152143,101.94845998281417,100.0,100.0,94.60284508702348,100.0,100.0,100.0,96.9234362607989,100.0,97.3599408092399
2022-03-14,2022_03.csv,99.27794865358885,99.99838582652643,101.90305299396684,100.0,100.0,94.28774512390497,100.0,100.0,100.0,96.9234362607989,100.0,97.3599408092399
2022-03-15,2022_03.csv,99.27877628918195,99.9988170418711,101.90305299396684,100.0,100.0,94.28774512390497,100.0,100.0,100.0,96.9234362607989,100.0,97.36855840729484
2022-03-16,2022_03.csv,99.23330824401819,99.88667773154215,101.90305299396684,100.0,100.0,94.28774512390497,100.0,100.0,100.0,96.9234362607989,100.0,97.37557005777401
2022-03-17,2022_03.csv,99.21871276831364,99.89163857819844,101.90305299396684,100.0,100.0,94.2696160293293,100.0,100.0,100.0,96.9234362607989,100.0,97.16994421839696
2022-03-18,2022_03.csv,99.29368518701915,99.86003549780655,101.79140310516662,100.0,100.0,94.98987835496176,100.0,100.0,100.0,96.9234362607989,100.0,97.76740669672112
2022-03-19,2022_03.csv,99.29368518701915,99.86003549780655,101.79140310516662,100.0,100.0,94.98987835496176,100.0,100.0,100.0,96.9234362607989,100.0,97.76740669672112
2022-03-20,2022_03.csv,99.29368518701915,99.86003549780655,101.79140310516662,100.0,100.0,94.98987835496176,100.0,100.0,100.0,96.9234362607989,100.0,97.76740669672112
2022-03-21,2022_03.csv,99.3282123044271,99.94421060627877,101.79140310516662,100.0,100.0,94.98987835496176,100.0,100.0,100.0,96.9234362607989,100.0,97.76740669672112
2022-03-22,2022_03.csv,96.80089956308443,99.98380462387681,101.79140310516662,100.0,100.0,75.04196299219213,100.0,100.0,100.0,88.63121073232035,100.0,86.98018678303117
2022-03-23,2022_03.csv,96.80282393658315,99.97698505067694,101.79140310516662,100.0,100.0,74.75951484008147,100.0,100.0,100.0,88.63121073232035,100.0,87.27016748821808
2022-03-24,2022_03.csv,96.80279159414074,99.97690620167938,101.79140310516662,100.0,100.0,74.75951484008147,100.0,100.0,100.0,88.63121073232035,100.0,87.27016748821808
2022-03-25,2022_03.csv,96.80023489528348,99.969677140175,101.83781794669493,100.0,100.0,74.75951484008147,100.0,100.0,100.0,88.63121073232035,100.0,87.27016748821808
2022-03-26,2022_03.csv,96.80482416577907,99.98086551530663,101.83781794669493,100.0,100.0,74.75951484008147,100.0,100.0,100.0,88.63121073232035,100.0,87.27016748821808
2022-03-27,2022_03.csv,96.80482416577907,99.98086551530663,101.83781794669493,100.0,100.0,74.75951484008147,100.0,100.0,100.0,88.63121073232035,100.0,87.27016748821808
2022-03-28,2022_03.csv,96.80876833549334,99.9895074445377,101.88319586745277,100.0,100.0,74.75951484008147,100.0,100.0,100.0,88.63121073232035,100.0,87.27016748821808
2022-03-29,2022_03.csv,96.85048385429572,100.04966587949582,101.88319586745277,100.0,100.0,75.03971552301395,100.0,100.0,100.0,88.63121073232035,100.0,87.27016748821808
2022-03-30,2022_03.csv,96.85048385429572,100.04966587949582,101.88319586745277,100.0,100.0,75.03971552301395,100.0,100.0,100.0,88.63121073232035,100.0,87.27016748821808
2022-03-31,2022_03.csv,96.90946072400637,100.19344806514981,101.88319586745277,100.0,100.0,75.03971552301395,100.0,100.0,100.0,88.63121073232035,100.0,87.27016748821808
2022-04-01,2022_04.csv,98.18080881435588,101.97837541025046,103.34142493893692,100.0,100.0,76.51747513990989,100.0,100.0,100.0,94.18825499676016,100.0,88.47237626598219
2022-04-02,2022_04.csv,97.43498958720403,101.02921053642577,102.39016915029316,100.0,100.0,76.45614002466633,100.0,100.0,100.0,91.64736315848937,100.0,86.00517295123264
2022-04-03,2022_04.csv,97.42948112452196,101.01578122408841,102.39016915029316,100.0,100.0,76.45614002466633,100.0,100.0,100.0,91.64736315848937,100.0,86.00517295123264
2022-04-04,2022_04.csv,100.46677963581486,101.02878807916562,102.39016915029316,100.0,100.0,97.1188820615308,100.0,100.0,100.0,101.58073768165941,100.0,101.33240909879486
2022-04-05,2022_04.csv,100.13559216564192,101.15315879655247,102.36693313112153,100.0,100.0,97.10320800402387,100.0,100.0,100.0,101.58073768165941,100.0,96.28647261913767
2022-04-06,2022_04.csv,100.13699118686206,101.16000415621602,102.36693313112153,100.0,100.0,97.10320800402387,100.0,100.0,100.0,101.58073768165941,100.0,96.2678164524872
2022-04-07,2022_04.csv,99.95783144797294,101.20050460046694,102.3954566667542,100.0,100.0,97.10320800402387,100.0,100.0,100.0,101.58073768165941,100.0,93.67199994596754
2022-04-08,2022_04.csv,99.92997362336206,101.13670997962049,102.3954566667542,100.0,100.0,97.10320800402387,100.0,100.0,100.0,101.58073768165941,100.0,93.6496147931619
2022-04-09,2022_04.csv,99.92330842584246,101.12046061487995,102.3954566667542,100.0,100.0,97.10320800402387,100.0,100.0,100.0,101.58073768165941,100.0,93.6496147931619
2022-04-10,2022_04.csv,99.92330842584246,101.12046061487995,102.3954566667542,100.0,100.0,97.10320800402387,100.0,100.0,100.0,101.58073768165941,100.0,93.6496147931619
2022-04-11,2022_04.csv,99.91825671949427,101.10669695248798,102.30411541220586,100.0,100.0,97.10320800402387,100.0,100.0,100.0,101.58073768165941,100.0,93.6681258525003
2022-04-12,2022_04.csv,99.92670464232829,101.12729249808528,102.30411541220586,100.0,100.0,97.10320800402387,100.0,100.0,100.0,101.58073768165941,100.0,93.6681258525003
2022-04-13,2022_04.csv,100.22861803305139,100.94121385111205,102.30411541220586,100.0,100.0,97.10320800402387,100.0,100.0,100.0,101.58073768165941,100.0,98.67691871566173
2022-04-14,2022_04.csv,100.2349129879535,100.91833894813568,102.30411541220586,100.0,100.0,97.2555535334294,100.0,100.0,100.0,101.58073768165941,100.0,98.76184699955435
2022-04-15,2022_04.csv,100.21603778499646,100.87446871903944,102.20408734810404,100.0,100.0,97.2555535334294,100.0,100.0,100.0,101.58073768165941,100.0,98.76184699955435
2022-04-16,2022_04.csv,100.22119372843288,100.8870386099142,102.20408734810404,100.0,100.0,97.2555535334294,100.0,100.0,100.0,101.58073768165941,100.0,98.76184699955435
2022-04-17,2022_04.csv,100.22781759180442,100.90318720440058,102.20408734810404,100.0,100.0,97.2555535334294,100.0,100.0,100.0,101.58073768165941,100.0,98.76184699955435
2022-04-18,2022_04.csv,100.27997655802164,101.02860157060609,102.28546267118327,100.0,100.0,97.2555535334294,100.0,100.0,100.0,101.58073768165941,100.0,98.76184699955435
2022-04-19,2022_04.csv,100.33500138681592,101.09192325325355,102.29952467882454,100.0,100.0,97.2555535334294,100.0,100.0,100.0,101.58073768165941,100.0,99.14491794137608
2022-04-20,2022_04.csv,100.33689369680974,101.09563987356955,102.34131394476121,100.0,100.0,97.2555535334294,100.0,100.0,100.0,101.58073768165941,100.0,99.14491794137608
2022-04-21,2022_04.csv,100.33727017871644,101.09563987356955,102.38408742320473,100.0,100.0,97.2555535334294,100.0,100.0,100.0,101.58073768165941,100.0,99.14491794137608
2022-04-22,2022_04.csv,100.19108852859702,101.02997729899887,102.38408742320473,100.0,100.0,97.2555535334294,100.0,100.0,100.0,99.66395002960216,100.0,99.14491794137608
2022-04-23,2022_04.csv,100.19042532019202,101.02997729899887,102.38408742320473,100.0,100.0,97.24464768205895,100.0,100.0,100.0,99.66395002960216,100.0,99.14491794137608
2022-04-24,2022_04.csv,100.19042532019202,101.02997729899887,102.38408742320473,100.0,100.0,97.24464768205895,100.0,100.0,100.0,99.66395002960216,100.0,99.14491794137608
2022-04-25,2022_04.csv,100.18505494682299,101.01510962145282,102.46680733994087,100.0,100.0,97.24464768205895,100.0,100.0,100.0,99.66395002960216,100.0,99.14491794137608
2022-04-26,2022_04.csv,100.2183889100996,101.09352184654385,102.46680733994087,100.0,100.0,97.26389838887039,100.0,100.0,100.0,99.66395002960216,100.0,99.14491794137608
2022-04-27,2022_04.csv,100.22045679746952,101.09856323594265,102.46680733994087,100.0,100.0,97.26389838887039,100.0,100.0,100.0,99.66395002960216,100.0,99.14491794137608
2022-04-28,2022_04.csv,100.22812873439094,101.11726697291904,102.46680733994087,100.0,100.0,97.26389838887039,100.0,100.0,100.0,99.66395002960216,100.0,99.14491794137608
2022-04-29,2022_04.csv,100.17170088602342,100.97955060657121,102.47372995828417,100.0,100.0,97.26389838887039,100.0,100.0,100.0,99.66395002960216,100.0,99.14491794137608
2022-04-30,2022_04.csv,100.22161147234448,101.10157201872526,102.45777803549052,100.0,100.0,97.26389838887039,100.0,100.0,100.0,99.66395002960216,100.0,99.14491794137608
2022-05-01,2022_05.csv,100.4031835635187,101.28780294564612,102.55429469603746,100.0,100.0,97.33814338008187,100.0,100.0,100.0,101.1502852190185,100.0,99.24225546144962
2022-05-02,2022_05.csv,100.41717512170422,101.32030850043269,102.55429469603746,100.0,100.0,97.34896956192269,100.0,100.0,100.0,101.1502852190185,100.0,99.24225546144962
2022-05-03,2022_05.csv,101.28051078502236,102.5330474658715,103.94292146927319,100.0,100.0,98.04492113849926,100.0,100.0,100.0,104.81267972503221,100.0,100.3480042922395
2022-05-04,2022_05.csv,100.61948232800816,101.61852651217377,103.29467424975037,100.0,100.0,97.23279256695757,100.0,100.0,100.0,102.32600991250423,100.0,99.34007908441725
2022-05-05,2022_05.csv,100.73312359387751,101.9170917130106,103.29467424975037,100.0,100.0,97.20612939972911,100.0,100.0,100.0,102.32600991250423,100.0,99.24468927409241
2022-05-06,2022_05.csv,100.77960536564831,102.05377170034053,103.18629934934137,100.0,100.0,97.16521033319047,100.0,100.0,100.0,102.32600991250423,100.0,99.1633858433851
2022-05-07,2022_05.csv,100.78825331427186,102.07485489720426,103.18629934934137,100.0,100.0,97.16521033319047,100.0,100.0,100.0,102.32600991250423,100.0,99.1633858433851
2022-05-08,2022_05.csv,100.78825331427186,102.07485489720426,103.18629934934137,100.0,100.0,97.16521033319047,100.0,100.0,100.0,102.32600991250423,100.0,99.1633858433851
2022-05-09,2022_05.csv,100.78735761636297,102.07485489720426,103.18629934934137,100.0,100.0,97.16521033319047,100.0,100.0,100.0,102.32600991250423,100.0,99.15152466763263
2022-05-10,2022_05.csv,100.80450886140196,102.11104666801776,103.120740577261,100.0,100.0,97.16521033319047,100.0,100.0,100.0,102.32600991250423,100.0,99.18970330039681
2022-05-11,2022_05.csv,100.80851530084618,102.1208141348705,103.120740577261,100.0,100.0,97.16521033319047,100.0,100.0,100.0,102.32600991250423,100.0,99.18970330039681
2022-05-12,2022_05.csv,100.87555155885322,102.12692219056076,103.120740577261,100.0,100.0,97.42001520800503,100.0,100.0,100.0,102.32600991250423,100.0,99.83905165441207
2022-05-13,2022_05.csv,100.86269838214355,102.1033179616809,103.120740577261,100.0,100.0,97.42001520800503,100.0,100.0,100.0,102.32600991250423,100.0,99.79705812049555
2022-05-14,2022_05.csv,100.76870208849418,101.96662068179388,103.120740577261,100.0,100.0,96.96310308035586,100.0,100.0,100.0,102.32600991250423,100.0,99.66278417946371
2022-05-15,2022_05.csv,100.77002357473562,101.96984238855856,103.120740577261,100.0,100.0,96.96310308035586,100.0,100.0,100.0,102.32600991250423,100.0,99.66278417946371
2022-05-16,2022_05.csv,100.76421358511635,101.95331673167344,103.120740577261,100.0,100.0,96.96310308035586,100.0,100.0,100.0,102.32600991250423,100.0,99.67560993134784
2022-05-17,2022_05.csv,100.77612752940563,101.96244694178513,103.14394828103714,100.0,100.0,97.015637942395,100.0,100.0,100.0,102.32600991250423,100.0,99.7387743674855
2022-05-18,2022_05.csv,100.74323375586884,101.89194780228347,103.14394828103714,100.0,100.0,96.96618827520065,100.0,100.0,100.0,102.32600991250423,100.0,99.72594048792213
2022-05-19,2022_05.csv,100.75046827691443,101.90874017723328,103.14394828103714,100.0,100.0,96.96618827520065,100.0,100.0,100.0,102.32600991250423,100.0,99.73053017235209
2022-05-20,2022_05.csv,100.71114567244955,101.81688042659988,102.95723734817066,100.0,100.0,96.96618827520065,100.0,100.0,100.0,102.32600991250423,100.0,99.73053017235209
2022-05-21,2022_05.csv,100.70979473858968,101.80999567877247,103.12459773577555,100.0,100.0,96.96618827520065,100.0,100.0,100.0,102.32600991250423,100.0,99.73053017235209
2022-05-22,2022_05.csv,100.70979473858968,101.80999567877247,103.12459773577555,100.0,100.0,96.96618827520065,100.0,100.0,100.0,102.32600991250423,100.0,99.73053017235209
2022-05-23,2022_05.csv,100.72235665962862,101.79262497158797,103.12459773577555,100.0,100.0,97.28992405926462,100.0,100.0,100.0,102.32600991250423,100.0,99.73053017235209
2022-05-24,2022_05.csv,100.74002888322308,101.83510009067528,103.12459773577555,100.0,100.0,97.29403002656784,100.0,100.0,100.0,102.32600991250423,100.0,99.73053017235209
2022-05-25,2022_05.csv,100.81601864193276,102.0208807648715,103.1002689028281,100.0,100.0,97.29403002656784,100.0,100.0,100.0,102.32600991250423,100.0,99.73053017235209
2022-05-26,2022_05.csv,100.82696725319575,102.04624138990081,103.16231767739735,100.0,100.0,97.29403002656784,100.0,100.0,100.0,102.32600991250423,100.0,99.73053017235209
2022-05-27,2022_05.csv,100.82803093964127,102.04624997016938,103.16231767739735,100.0,100.0,97.29403002656784,100.0,100.0,100.0,102.32600991250423,100.0,99.74456931063143
2022-05-28,2022_05.csv,100.8193504731434,102.02508749661523,103.16231767739735,100.0,100.0,97.29403002656784,100.0,100.0,100.0,102.32600991250423,100.0,99.74456931063143
2022-05-29,2022_05.csv,100.82596127747932,102.04120425393064,103.16231767739735,100.0,100.0,97.29403002656784,100.0,100.0,100.0,102.32600991250423,100.0,99.74456931063143
2022-05-30,2022_05.csv,100.82817513674776,102.04935834228729,103.16231767739735,100.0,100.0,97.29403002656784,100.0,100.0,100.0,102.32600991250423,100.0,99.72959480548617
2022-05-31,2022_05.csv,100.86734444331124,102.2204439940389,103.16231767739735,100.0,100.0,97.29403002656784,100.0,100.0,100.0,101.82760552213153,100.0,99.72959480548617
2022-06-01,2022_06.csv,101.24542966642888,102.57939930186909,103.2532890789118,100.0,100.0,97.91273201785336,100.0,100.0,100.0,103.597061712004,100.0,100.81998195672212
2022-06-02,Forward Fill,101.24542966642888,102.57939930186909,103.2532890789118,100.0,100.0,97.91273201785336,100.0,100.0,100.0,103.597061712004,100.0,100.81998195672212
2022-06-03,2022_06.csv,101.25029701413759,102.87792571462178,103.2532890789118,100.0,100.0,97.94237519498036,100.0,100.0,100.0,101.98121739278461,100.0,100.57023233891317
2022-06-04,2022_06.csv,101.38657180019212,103.15335373746305,103.47656709134291,100.0,100.0,98.25887004052389,100.0,100.0,100.0,101.82508881223103,100.0,100.7264967564243
2022-06-05,2022_06.csv,101.38657180019212,103.15335373746305,103.47656709134291,100.0,100.0,98.25887004052389,100.0,100.0,100.0,101.82508881223103,100.0,100.7264967564243
2022-06-06,2022_06.csv,100.75430797806915,103.11007885297056,103.53222680021024,100.0,100.0,98.19384108261802,100.0,100.0,100.0,101.82508881223103,100.0,92.6347565706557
2022-06-07,2022_06.csv,100.44822001522053,103.26245053770997,103.53222680021024,100.0,100.0,98.19384108261802,100.0,100.0,100.0,101.82508881223103,100.0,87.75377149558709
2022-06-08,2022_06.csv,100.34976750042911,103.02672954608364,103.53222680021024,100.0,100.0,98.19384108261802,100.0,100.0,100.0,101.82508881223103,100.0,87.730411950918
2022-06-09,2022_06.csv,100.37419018433742,103.05264996985227,103.53222680021024,100.0,100.0,98.34084782920698,100.0,100.0,100.0,101.89855944477083,100.0,87.7341198985666
2022-06-10,2022_06.csv,100.37578906729023,103.05438600101364,103.53222680021024,100.0,100.0,98.35543034231434,100.0,100.0,100.0,101.89855944477083,100.0,87.7341198985666
2022-06-11,2022_06.csv,100.37907112030847,103.06238745579938,103.53222680021024,100.0,100.0,98.35543034231434,100.0,100.0,100.0,101.89855944477083,100.0,87.7341198985666
2022-06-12,2022_06.csv,100.37907112030847,103.06238745579938,103.53222680021024,100.0,100.0,98.35543034231434,100.0,100.0,100.0,101.89855944477083,100.0,87.7341198985666
2022-06-13,2022_06.csv,101.52990671579866,103.05016532704187,103.53222680021024,100.0,100.0,98.41964601300089,100.0,100.0,100.0,101.89855944477083,100.0,102.98860215812722
2022-06-14,2022_06.csv,101.52189543019335,103.02970073528478,103.52479316215285,100.0,100.0,98.42701873909103,100.0,100.0,100.0,101.89855944477083,100.0,102.98860215812722
2022-06-15,2022_06.csv,101.52840600797427,103.04337050797768,103.41527524546184,100.0,100.0,98.4825785167417,100.0,100.0,100.0,101.89855944477083,100.0,102.96858924514349
2022-06-16,2022_06.csv,101.5819672056536,103.114638844258,103.41527524546184,100.0,100.0,98.54600770343245,100.0,100.0,100.0,101.89855944477083,100.0,103.2396733005132
2022-06-17,2022_06.csv,101.52467350699683,103.02758685828712,103.41527524546184,100.0,100.0,98.54600770343245,100.0,100.0,100.0,101.89855944477083,100.0,102.95381607574016
2022-06-18,2022_06.csv,101.5066190071312,103.02454258637844,103.41527524546184,100.0,100.0,98.37581065942264,100.0,100.0,100.0,101.89855944477083,100.0,102.86832663494428
2022-06-19,2022_06.csv,101.51373106038797,103.04188135947304,103.41527524546184,100.0,100.0,98.37581065942264,100.0,100.0,100.0,101.89855944477083,100.0,102.86832663494428
2022-06-20,2022_06.csv,101.51865783338933,103.05389254612695,103.41527524546184,100.0,100.0,98.37581065942264,100.0,100.0,100.0,101.89855944477083,100.0,102.86832663494428
2022-06-21,2022_06.csv,101.53202044397588,103.08272615347786,103.58973839203311,100.0,100.0,98.37581065942264,100.0,100.0,100.0,101.89855944477083,100.0,102.86832663494428
2022-06-22,2022_06.csv,101.53202044397588,103.08272615347786,103.58973839203311,100.0,100.0,98.37581065942264,100.0,100.0,100.0,101.89855944477083,100.0,102.86832663494428
2022-06-23,2022_06.csv,101.52790538644528,103.07605092230877,103.56603420457448,100.0,100.0,98.3937273218245,100.0,100.0,100.0,101.89855944477083,100.0,102.83842652314233
2022-06-24,2022_06.csv,101.51089683792364,103.0394734772174,103.52956996875085,100.0,100.0,98.37507913479081,100.0,100.0,100.0,101.89855944477083,100.0,102.83114120482341
2022-06-25,2022_06.csv,101.51089683792364,103.0394734772174,103.52956996875085,100.0,100.0,98.37507913479081,100.0,100.0,100.0,101.89855944477083,100.0,102.83114120482341
2022-06-26,2022_06.csv,101.4942865330484,103.00058797157818,103.45456576970369,100.0,100.0,98.37507913479081,100.0,100.0,100.0,101.89855944477083,100.0,102.83114120482341
2022-06-27,2022_06.csv,101.49366767633197,103.00058797157818,103.45456576970369,100.0,100.0,98.39184109314807,100.0,100.0,100.0,101.89855944477083,100.0,102.80944769471462
2022-06-28,2022_06.csv,101.48024073608914,103.01982234943632,103.36662949842534,100.0,100.0,98.39184109314807,100.0,100.0,100.0,101.89855944477083,100.0,102.53741545594444
2022-06-29,2022_06.csv,101.44410570130376,102.93290219534487,103.31187352279736,100.0,100.0,98.39184109314807,100.0,100.0,100.0,101.89855944477083,100.0,102.53741545594444
2022-06-30,2022_06.csv,101.43839002685729,102.90684362185323,103.2885753976699,100.0,100.0,98.47699098095187,100.0,100.0,100.0,101.89855944477083,100.0,102.53741545594444
2022-07-01,2022_07.csv,101.5233491939204,103.15836968399132,104.02105698447362,100.0,100.0,98.96400545876735,100.0,100.0,100.0,100.63660965853163,100.0,102.85832003390318
2022-07-02,2022_07.csv,101.56685662382345,103.17846127088046,103.99934208047846,100.0,100.0,98.96043156250067,100.0,100.0,100.0,101.23648995206341,100.0,102.83653193356328
2022-07-03,2022_07.csv,101.57752616857995,103.20447300179377,103.99934208047846,100.0,100.0,98.96043156250067,100.0,100.0,100.0,101.23648995206341,100.0,102.83653193356328
2022-07-04,2022_07.csv,101.62632417849187,103.31935179111579,103.99934208047846,100.0,100.0,98.96043156250067,100.0,100.0,100.0,101.23648995206341,100.0,102.85873668599994
2022-07-05,2022_07.csv,101.63013172150875,103.33264559688855,103.99934208047846,100.0,100.0,98.96043156250067,100.0,100.0,100.0,101.23648995206341,100.0,102.83694849740215
2022-07-06,2022_07.csv,101.61915156479371,103.30625516398919,103.98170069960727,100.0,100.0,98.96043156250067,100.0,100.0,100.0,101.23648995206341,100.0,102.83694849740215
2022-07-07,2022_07.csv,101.65162096823713,103.38541368523458,103.98170069960727,100.0,100.0,98.96043156250067,100.0,100.0,100.0,101.23648995206341,100.0,102.83694849740215
2022-07-08,2022_07.csv,101.66978806881089,103.4312025136772,103.91186758702905,100.0,100.0,98.96043156250067,100.0,100.0,100.0,101.23648995206341,100.0,102.83694849740215
2022-07-09,2022_07.csv,101.61963009033835,103.36901812928986,103.67780550684282,100.0,100.0,98.55823610331343,100.0,100.0,100.0,101.23648995206341,100.0,102.86167829057614
2022-07-10,2022_07.csv,101.61963009033835,103.36901812928986,103.67780550684282,100.0,100.0,98.55823610331343,100.0,100.0,100.0,101.23648995206341,100.0,102.86167829057614
2022-07-11,2022_07.csv,101.72062459673869,103.56810429304934,103.6995024271733,100.0,100.0,98.8730081237473,100.0,100.0,100.0,101.23648995206341,100.0,102.86167829057614
2022-07-12,2022_07.csv,101.74345345797116,103.6237597318697,103.6995024271733,100.0,100.0,98.8730081237473,100.0,100.0,100.0,101.23648995206341,100.0,102.86167829057614
2022-07-13,2022_07.csv,101.61003459327463,103.20080595865313,103.6813582932828,100.0,100.0,99.44239790220374,100.0,100.0,100.0,101.23648995206341,100.0,102.93587605641208
2022-07-14,2022_07.csv,101.52387197299716,103.16967354781853,103.6813582932828,100.0,100.0,99.46625814022757,100.0,100.0,100.0,101.23648995206341,100.0,101.94476759890205
2022-07-15,2022_07.csv,101.2949104093766,103.08467689764906,103.55540248323,100.0,100.0,99.50101148750153,100.0,100.0,100.0,98.10512221235447,100.0,101.9408978763958
2022-07-16,2022_07.csv,101.29225523783764,103.07838307372486,103.54704528853293,100.0,100.0,99.50101148750153,100.0,100.0,100.0,98.10512221235447,100.0,101.9408978763958
2022-07-17,2022_07.csv,101.29893946657432,103.09482587301117,103.54019300485425,100.0,100.0,99.50101148750153,100.0,100.0,100.0,98.10512221235447,100.0,101.9408978763958
2022-07-18,2022_07.csv,101.3081484168217,103.11539874258843,103.62771285072633,100.0,100.0,99.50101148750153,100.0,100.0,100.0,98.10512221235447,100.0,101.9408978763958
2022-07-19,2022_07.csv,101.3232156904521,103.15830118190577,103.62771285072633,100.0,100.0,99.45939914887731,100.0,100.0,100.0,98.10512221235447,100.0,101.9408978763958
2022-07-20,2022_07.csv,101.33760626760575,103.15185743823916,103.62771285072633,100.0,100.0,99.51284875486195,100.0,100.0,100.0,98.10512221235447,100.0,102.12342161509802
2022-07-21,2022_07.csv,101.34492676191974,103.1715069303874,103.67248219567591,100.0,100.0,99.4942106504141,100.0,100.0,100.0,98.10512221235447,100.0,102.12342161509802
2022-07-22,2022_07.csv,101.32663429321566,103.12691095328346,103.67248219567591,100.0,100.0,99.4942106504141,100.0,100.0,100.0,98.10512221235447,100.0,102.12342161509802
2022-07-23,2022_07.csv,101.27181211307115,102.99325765967583,103.67248219567591,100.0,100.0,99.4942106504141,100.0,100.0,100.0,98.10512221235447,100.0,102.12342161509802
2022-07-24,2022_07.csv,101.27181211307115,102.99325765967583,103.67248219567591,100.0,100.0,99.4942106504141,100.0,100.0,100.0,98.10512221235447,100.0,102.12342161509802
2022-07-25,2022_07.csv,101.46478559753432,102.97998788726315,103.82483722355751,100.0,100.0,99.5314643638593,100.0,100.0,100.0,101.23648995206341,100.0,102.12342161509802
2022-07-26,2022_07.csv,101.50914864747098,103.0881424284157,103.82483722355751,100.0,100.0,99.5314643638593,100.0,100.0,100.0,101.23648995206341,100.0,102.12342161509802
2022-07-27,2022_07.csv,101.49171425243401,103.03630181401519,103.77999733544739,100.0,100.0,99.60093013397554,100.0,100.0,100.0,101.23648995206341,100.0,102.12342161509802
2022-07-28,2022_07.csv,101.34272812428456,103.03630181401519,103.77999733544739,100.0,100.0,97.2495422998873,100.0,100.0,100.0,101.23648995206341,100.0,102.04405803084315
2022-07-29,2022_07.csv,101.33859492002233,103.02998627761633,103.7424104877282,100.0,100.0,97.2495422998873,100.0,100.0,100.0,101.23648995206341,100.0,102.02801019131613
2022-07-30,2022_07.csv,101.32430336798502,102.998034613253,103.71755855782212,100.0,100.0,97.23364395797422,100.0,100.0,100.0,101.23648995206341,100.0,102.02801019131613
2022-07-31,2022_07.csv,101.32556690672081,103.00051442938367,103.71755855782212,100.0,100.0,97.23364395797422,100.0,100.0,100.0,101.23648995206341,100.0,102.03127262089015
2022-08-01,2022_08.csv,103.83695082033609,105.96217941150996,106.26472110412148,100.0,100.0,102.16682205794675,100.0,100.0,100.0,110.37043121509123,100.0,107.4063643058765
2022-08-02,2022_08.csv,101.9416310549504,104.11143717542717,104.73779441480639,100.0,100.0,100.79547581970184,100.0,100.0,100.0,98.78322233659567,100.0,103.18898533870603
2022-08-03,2022_08.csv,101.56663945989378,103.88946507594743,104.59346526724286,100.0,100.0,100.75419651438433,100.0,100.0,100.0,98.77668116927508,100.0,99.48436149934483
2022-08-04,2022_08.csv,101.55886780936461,103.8841099042855,104.56138602953564,100.0,100.0,100.6671629122681,100.0,100.0,100.0,98.77668116927508,100.0,99.48436149934483
2022-08-05,2022_08.csv,101.56859546503408,103.83176779086345,104.54305208395698,100.0,100.0,100.68454635861298,100.0,100.0,100.0,98.77668116927508,100.0,99.8856282018088
2022-08-06,2022_08.csv,101.61173840249921,103.94871234258936,104.54074066644817,100.0,100.0,100.68454635861298,100.0,100.0,100.0,98.77668116927508,100.0,99.82199493941033
2022-08-07,2022_08.csv,101.61223975825965,103.94995360428663,104.53985590136159,100.0,100.0,100.68454635861298,100.0,100.0,100.0,98.77668116927508,100.0,99.82199493941033
2022-08-08,2022_08.csv,101.73742252898302,104.25924099948922,104.58726991575341,100.0,100.0,100.68454635861298,100.0,100.0,100.0,98.77668116927508,100.0,99.79420328470827
2022-08-09,2022_08.csv,101.78526436408298,104.38048025400636,104.58726991575341,100.0,100.0,100.65349452399884,100.0,100.0,100.0,98.77668116927508,100.0,99.79420328470827
2022-08-10,2022_08.csv,101.78483815365928,104.38048025400636,104.53884659966104,100.0,100.0,100.65349452399884,100.0,100.0,100.0,98.77668116927508,100.0,99.79420328470827
2022-08-11,2022_08.csv,101.78312953924855,104.43898786828015,104.43787625896057,100.0,100.0,100.67410309538243,100.0,100.0,100.0,98.77668116927508,100.0,99.44894888148328
2022-08-12,2022_08.csv,101.70302175283446,104.29362900473424,104.42047011511379,100.0,100.0,100.33977873928414,100.0,100.0,100.0,98.77668116927508,100.0,99.44894888148328
2022-08-13,2022_08.csv,101.72546879840942,104.34835359914013,104.42047011511379,100.0,100.0,100.33977873928414,100.0,100.0,100.0,98.77668116927508,100.0,99.44894888148328
2022-08-14,2022_08.csv,101.72546879840942,104.34835359914013,104.42047011511379,100.0,100.0,100.33977873928414,100.0,100.0,100.0,98.77668116927508,100.0,99.44894888148328
2022-08-15,Forward Fill,101.72546879840942,104.34835359914013,104.42047011511379,100.0,100.0,100.33977873928414,100.0,100.0,100.0,98.77668116927508,100.0,99.44894888148328
2022-08-16,2022_08.csv,101.91500430522983,104.44883397343179,104.42047011511379,100.0,100.0,102.7228832611448,100.0,100.0,100.0,98.77668116927508,100.0,99.49395342840906
2022-08-17,2022_08.csv,101.91546586470999,104.44995922865796,104.42047011511379,100.0,100.0,102.7228832611448,100.0,100.0,100.0,98.77668116927508,100.0,99.49395342840906
2022-08-18,2022_08.csv,101.9099815901386,104.44995922865796,104.42047011511379,100.0,100.0,102.7228832611448,100.0,100.0,100.0,98.77668116927508,100.0,99.42132855799225
2022-08-19,2022_08.csv,101.89929307685162,104.42390125356818,104.42047011511379,100.0,100.0,102.7228832611448,100.0,100.0,100.0,98.77668116927508,100.0,99.42132855799225
2022-08-20,2022_08.csv,101.88585654397774,104.39024361899548,104.46241902090489,100.0,100.0,102.7228832611448,100.0,100.0,100.0,98.77668116927508,100.0,99.42132855799225
2022-08-21,2022_08.csv,102.43318454556821,104.38745113487467,104.46241902090489,100.0,100.0,102.85154743652211,100.0,100.0,100.0,102.77084426960157,100.0,103.29025580335457
2022-08-22,2022_08.csv,101.55270928915995,104.34132455828481,104.60563980530222,100.0,100.0,99.97671211842777,100.0,100.0,100.0,98.77668116927508,100.0,97.47017549845724
2022-08-23,2022_08.csv,101.38236071177639,104.3670309995932,104.60563980530222,100.0,100.0,99.97671211842777,100.0,100.0,100.0,98.77668116927508,100.0,95.07472226337593
2022-08-24,2022_08.csv,101.40039522932875,104.4109981067594,104.60563980530222,100.0,100.0,99.97671211842777,100.0,100.0,100.0,98.77668116927508,100.0,95.07472226337593
2022-08-25,2022_08.csv,101.41950252599254,104.45758058714088,104.60563980530222,100.0,100.0,99.97671211842777,100.0,100.0,100.0,98.77668116927508,100.0,95.07472226337593
2022-08-26,2022_08.csv,101.40935246231814,104.4336171719609,104.60563980530222,100.0,100.0,99.97485521082862,100.0,100.0,100.0,98.77668116927508,100.0,95.07197077841792
2022-08-27,2022_08.csv,101.40405453232943,104.42665172584351,104.60563980530222,100.0,100.0,99.9505288566752,100.0,100.0,100.0,98.77558867556837,100.0,95.06013838757187
2022-08-28,2022_08.csv,101.45802217009822,104.55822169473217,104.60563980530222,100.0,100.0,99.9505288566752,100.0,100.0,100.0,98.77558867556837,100.0,95.06013838757187
2022-08-29,2022_08.csv,101.7877637238465,104.61004523320243,104.60563980530222,100.0,100.0,102.6602844228123,100.0,100.0,100.0,98.77558867556837,100.0,96.96304744571415
2022-08-30,2022_08.csv,101.7795024511158,104.58990472972485,104.60563980530222,100.0,100.0,102.6602844228123,100.0,100.0,100.0,98.77558867556837,100.0,96.96304744571415
2022-08-31,2022_08.csv,101.78163233413962,104.58990472972485,104.60563980530222,100.0,100.0,102.6602844228123,100.0,100.0,100.0,98.77558867556837,100.0,96.99125217481621
2022-09-01,2022_09.csv,103.10211358465811,105.49939685951965,105.76762106284332,100.0,100.0,103.180684670314,100.0,100.0,100.0,110.1350933397557,100.0,99.62446371935457
2022-09-02,2022_09.csv,103.07617991554864,105.4338524232934,105.76762106284332,100.0,100.0,103.180684670314,100.0,100.0,100.0,110.1350933397557,100.0,99.63706359909943
2022-09-03,2022_09.csv,102.96804555002834,105.23354516937307,105.50427291034796,100.0,100.0,103.17845283642758,100.0,100.0,100.0,110.1350933397557,100.0,99.32562552529508
2022-09-04,2022_09.csv,102.99505378311095,105.31357172142846,105.43228872902814,100.0,100.0,103.09321275803435,100.0,100.0,100.0,110.1350933397557,100.0,99.32562552529508
2022-09-05,2022_09.csv,103.0358185599856,105.42253789056494,105.45911555800144,100.0,100.0,103.04018225903398,100.0,100.0,100.0,110.1350933397557,100.0,99.31314573987335
2022-09-06,2022_09.csv,102.98538474249649,105.46256303006481,105.45911555800144,100.0,100.0,101.9408723834666,100.0,100.0,100.0,110.1350933397557,100.0,99.31314573987335
2022-09-07,2022_09.csv,102.98056879070452,105.44923175296353,105.48593747057323,100.0,100.0,101.94771671417367,100.0,100.0,100.0,110.1350933397557,100.0,99.31314573987335
2022-09-08,2022_09.csv,102.93121254712631,105.45878487702767,105.48593747057323,100.0,100.0,101.07166229792043,100.0,100.0,100.0,110.1350933397557,100.0,99.31314573987335
2022-09-09,2022_09.csv,102.84891731164964,105.25797702420293,105.46083021412194,100.0,100.0,101.07166229792043,100.0,100.0,100.0,110.1350933397557,100.0,99.31703273153715
2022-09-10,2022_09.csv,102.86426896368127,105.27731972997945,105.51156683578776,100.0,100.0,101.30131264154429,100.0,100.0,100.0,110.1350933397557,100.0,99.2244090878192
2022-09-11,2022_09.csv,102.8827772983239,105.3178705714681,105.51156683578776,100.0,100.0,101.30131264154429,100.0,100.0,100.0,110.1350933397557,100.0,99.24923998690785
2022-09-12,2022_09.csv,102.96457139269505,105.30237620357275,105.38347420148405,100.0,100.0,102.14543261723085,100.0,100.0,100.0,110.1350933397557,100.0,99.7517127880508
2022-09-13,2022_09.csv,102.9668392321384,105.34490805043505,105.38347420148405,100.0,100.0,102.05631848363015,100.0,100.0,100.0,109.97823184136573,100.0,99.7517127880508
2022-09-14,2022_09.csv,102.95084215359137,105.3056266529412,105.39659033567696,100.0,100.0,102.05631848363015,100.0,100.0,100.0,109.97823184136573,100.0,99.7517127880508
2022-09-15,2022_09.csv,102.83501912380993,105.02325682808022,105.39659033567696,100.0,100.0,102.05631848363015,100.0,100.0,100.0,109.97823184136573,100.0,99.7517127880508
2022-09-16,2022_09.csv,102.82775302816097,105.00703423787886,105.48396708101568,100.0,100.0,102.04102533184118,100.0,100.0,100.0,109.97823184136573,100.0,99.74574126595218
2022-09-17,2022_09.csv,102.83119169956018,105.0155895769106,105.47594880010654,100.0,100.0,102.04102533184118,100.0,100.0,100.0,109.97823184136573,100.0,99.74574126595218
2022-09-18,2022_09.csv,102.84501218811685,105.04432649762245,105.47594880010654,100.0,100.0,102.04102533184118,100.0,100.0,100.0,109.97823184136573,100.0,99.77266462058836
2022-09-19,2022_09.csv,102.8310733014722,105.0109000139724,105.74704378363599,100.0,100.0,102.03593137102656,100.0,100.0,100.0,109.97823184136573,100.0,99.74215043568839
2022-09-20,2022_09.csv,102.84506315627954,105.04850766831886,105.70531071040328,100.0,100.0,102.01835585841692,100.0,100.0,100.0,109.97823184136573,100.0,99.74215043568839
2022-09-21,2022_09.csv,102.84558845072493,105.04850766831886,105.69419891907677,100.0,100.0,102.01835585841692,100.0,100.0,100.0,109.97823184136573,100.0,99.75040173569063
2022-09-22,2022_09.csv,102.84624503532359,105.04986991183243,105.6805366341452,100.0,100.0,102.01820283471467,100.0,100.0,100.0,109.97823184136573,100.0,99.75341271801277
2022-09-23,2022_09.csv,102.85933416182549,105.08178044262148,105.6805366341452,100.0,100.0,102.01820283471467,100.0,100.0,100.0,109.97823184136573,100.0,99.75341271801277
2022-09-24,2022_09.csv,102.85933416182549,105.08178044262148,105.6805366341452,100.0,100.0,102.01820283471467,100.0,100.0,100.0,109.97823184136573,100.0,99.75341271801277
2022-09-25,2022_09.csv,102.91536569931867,105.2048398603834,105.6805366341452,100.0,100.0,102.10954599197674,100.0,100.0,100.0,109.97823184136573,100.0,99.75341271801277
2022-09-26,2022_09.csv,102.93212703059797,105.21149936514117,105.6805366341452,100.0,100.0,102.19135626308783,100.0,100.0,100.0,109.97823184136573,100.0,99.87331803759308
2022-09-27,2022_09.csv,102.85049500139537,105.01248521542952,105.6805366341452,100.0,100.0,102.19135626308783,100.0,100.0,100.0,109.97823184136573,100.0,99.87331803759308
2022-09-28,2022_09.csv,102.85049500139537,105.01248521542952,105.6805366341452,100.0,100.0,102.19135626308783,100.0,100.0,100.0,109.97823184136573,100.0,99.87331803759308
2022-09-29,2022_09.csv,102.85032612736147,105.01248521542952,105.6613502410661,100.0,100.0,102.19135626308783,100.0,100.0,100.0,109.97823184136573,100.0,99.87331803759308
2022-09-30,2022_09.csv,102.87582558093888,105.05843672645523,105.69068050133174,100.0,100.0,102.21805090243805,100.0,100.0,100.0,110.04369039712138,100.0,99.88254951420558
2022-10-01,2022_10.csv,104.3170417573,107.16094411320766,106.99485819568976,100.0,100.0,103.89371431380212,100.0,100.0,100.0,111.77305059901683,100.0,104.62117666837067
2022-10-02,2022_10.csv,104.41432204496726,107.39857589062811,106.97304452405402,100.0,100.0,103.89371431380212,100.0,100.0,100.0,111.77305059901683,100.0,104.62117666837067
2022-10-03,2022_10.csv,104.43168919744805,107.4256745286499,106.97304452405402,100.0,100.0,103.89371431380212,100.0,100.0,100.0,111.77305059901683,100.0,104.70396511337158
2022-10-04,2022_10.csv,104.5318809374139,107.66329963189605,107.0587354363177,100.0,100.0,103.91400859715097,100.0,100.0,100.0,111.78484600610828,100.0,104.70396511337158
2022-10-05,2022_10.csv,104.53990962788373,107.67172437754897,107.0587354363177,100.0,100.0,104.00900818401988,100.0,100.0,100.0,111.5030563914312,100.0,104.92016955960648
2022-10-06,2022_10.csv,103.35532605852337,106.28394617636715,105.76541984272525,100.0,100.0,101.99077157554642,100.0,100.0,100.0,105.86060551197633,100.0,103.19608473019021
2022-10-07,2022_10.csv,103.32938620973422,106.22568782113997,105.76541984272525,100.0,100.0,101.99077157554642,100.0,100.0,100.0,105.86060551197633,100.0,103.1690263283263
2022-10-08,2022_10.csv,103.32727584552623,106.2205428756751,105.76541984272525,100.0,100.0,101.99077157554642,100.0,100.0,100.0,105.86060551197633,100.0,103.1690263283263
2022-10-09,2022_10.csv,103.32764187362508,106.22143523093783,105.76541984272525,100.0,100.0,101.99077157554642,100.0,100.0,100.0,105.86060551197633,100.0,103.1690263283263
2022-10-10,2022_10.csv,103.32727210616042,106.22143523093783,105.76541984272525,100.0,100.0,101.96822260592197,100.0,100.0,100.0,105.86060551197633,100.0,103.18228836596846
2022-10-11,2022_10.csv,103.29135020129297,106.15040233257463,105.74442132981282,100.0,100.0,101.96822260592197,100.0,100.0,100.0,105.86060551197633,100.0,103.0948798632652
2022-10-12,2022_10.csv,103.31044081242473,106.1591431711884,105.70250442330676,100.0,100.0,102.15679758765309,100.0,100.0,100.0,105.86060551197633,100.0,103.1532333067358
2022-10-13,2022_10.csv,103.2391380213945,105.98134340758901,105.69166361080302,100.0,100.0,102.15679758765309,100.0,100.0,100.0,105.86060551197633,100.0,103.17604856143902
2022-10-14,2022_10.csv,103.23385950904456,106.00911242182531,105.69166361080302,100.0,100.0,102.15679758765309,100.0,100.0,100.0,105.86060551197633,100.0,102.95531307288596
2022-10-15,2022_10.csv,103.25462869228438,106.03448068718501,105.6968847988803,100.0,100.0,102.19959391033275,100.0,100.0,100.0,105.86060551197633,100.0,103.05747917759017
2022-10-16,2022_10.csv,103.2625797641897,106.04980408135057,105.6968847988803,100.0,100.0,102.22698466269492,100.0,100.0,100.0,105.86060551197633,100.0,103.05747917759017
2022-10-17,2022_10.csv,103.26395449558206,106.04980408135057,105.6968847988803,100.0,100.0,102.24959085424211,100.0,100.0,100.0,105.86060551197633,100.0,103.05747917759017
2022-10-18,2022_10.csv,103.27214725334092,106.06977754930308,105.6968847988803,100.0,100.0,102.24959085424211,100.0,100.0,100.0,105.86060551197633,100.0,103.05747917759017
2022-10-19,2022_10.csv,103.27252101622534,106.06977754930308,105.6968847988803,100.0,100.0,102.27227465311658,100.0,100.0,100.0,105.84444012870128,100.0,103.05747917759017
2022-10-20,Forward Fill,103.27252101622534,106.06977754930308,105.6968847988803,100.0,100.0,102.27227465311658,100.0,100.0,100.0,105.84444012870128,100.0,103.05747917759017
2022-10-21,Forward Fill,103.27252101622534,106.06977754930308,105.6968847988803,100.0,100.0,102.27227465311658,100.0,100.0,100.0,105.84444012870128,100.0,103.05747917759017
2022-10-22,Forward Fill,103.27252101622534,106.06977754930308,105.6968847988803,100.0,100.0,102.27227465311658,100.0,100.0,100.0,105.84444012870128,100.0,103.05747917759017
2022-10-23,2022_10.csv,103.27332461293318,106.0270387428159,105.66952688039581,100.0,100.0,102.27227465311658,100.0,100.0,100.0,105.84444012870128,100.0,103.30345759098819
2022-10-24,2022_10.csv,103.26946978500814,106.01740832065424,105.68036542233123,100.0,100.0,102.27227465311658,100.0,100.0,100.0,105.84444012870128,100.0,103.30345759098819
2022-10-25,2022_10.csv,103.28633693626921,106.05357214267653,105.68036542233123,100.0,100.0,102.27227465311658,100.0,100.0,100.0,105.84444012870128,100.0,103.33038466939198
2022-10-26,2022_10.csv,103.28633693626921,106.05357214267653,105.68036542233123,100.0,100.0,102.27227465311658,100.0,100.0,100.0,105.84444012870128,100.0,103.33038466939198
2022-10-27,2022_10.csv,103.2854109349682,106.05357214267653,105.68036542233123,100.0,100.0,102.25704741461733,100.0,100.0,100.0,105.84444012870128,100.0,103.33038466939198
2022-10-28,2022_10.csv,103.28318828764586,106.03326763576831,105.704456714557,100.0,100.0,102.35396636393644,100.0,100.0,100.0,105.84444012870128,100.0,103.33038466939198
2022-10-29,2022_10.csv,103.28318828764586,106.03326763576831,105.704456714557,100.0,100.0,102.35396636393644,100.0,100.0,100.0,105.84444012870128,100.0,103.33038466939198
2022-10-30,2022_10.csv,103.28318828764586,106.03326763576831,105.704456714557,100.0,100.0,102.35396636393644,100.0,100.0,100.0,105.84444012870128,100.0,103.33038466939198
2022-10-31,2022_10.csv,102.84637433985762,105.23487195453372,105.1591766626557,100.0,100.0,101.93246800469409,100.0,100.0,100.0,105.50173360688294,100.0,102.5679660499404
2022-11-01,Forward Fill,102.84637433985762,105.23487195453372,105.1591766626557,100.0,100.0,101.93246800469409,100.0,100.0,100.0,105.50173360688294,100.0,102.5679660499404
2022-11-02,Forward Fill,102.84637433985762,105.23487195453372,105.1591766626557,100.0,100.0,101.93246800469409,100.0,100.0,100.0,105.50173360688294,100.0,102.5679660499404
2022-11-03,Forward Fill,102.84637433985762,105.23487195453372,105.1591766626557,100.0,100.0,101.93246800469409,100.0,100.0,100.0,105.50173360688294,100.0,102.5679660499404
2022-11-04,Forward Fill,102.84637433985762,105.23487195453372,105.1591766626557,100.0,100.0,101.93246800469409,100.0,100.0,100.0,105.50173360688294,100.0,102.5679660499404
2022-11-05,Forward Fill,102.84637433985762,105.23487195453372,105.1591766626557,100.0,100.0,101.93246800469409,100.0,100.0,100.0,105.50173360688294,100.0,102.5679660499404
2022-11-06,Forward Fill,102.84637433985762,105.23487195453372,105.1591766626557,100.0,100.0,101.93246800469409,100.0,100.0,100.0,105.50173360688294,100.0,102.5679660499404
2022-11-07,Forward Fill,102.84637433985762,105.23487195453372,105.1591766626557,100.0,100.0,101.93246800469409,100.0,100.0,100.0,105.50173360688294,100.0,102.5679660499404
2022-11-08,Forward Fill,102.84637433985762,105.23487195453372,105.1591766626557,100.0,100.0,101.93246800469409,100.0,100.0,100.0,105.50173360688294,100.0,102.5679660499404
2022-11-09,Forward Fill,102.84637433985762,105.23487195453372,105.1591766626557,100.0,100.0,101.93246800469409,100.0,100.0,100.0,105.50173360688294,100.0,102.5679660499404
2022-11-10,Forward Fill,102.84637433985762,105.23487195453372,105.1591766626557,100.0,100.0,101.93246800469409,100.0,100.0,100.0,105.50173360688294,100.0,102.5679660499404
2022-11-11,Forward Fill,102.84637433985762,105.23487195453372,105.1591766626557,100.0,100.0,101.93246800469409,100.0,100.0,100.0,105.50173360688294,100.0,102.5679660499404
2022-11-12,Forward Fill,102.84637433985762,105.23487195453372,105.1591766626557,100.0,100.0,101.93246800469409,100.0,100.0,100.0,105.50173360688294,100.0,102.5679660499404
2022-11-13,Forward Fill,102.84637433985762,105.23487195453372,105.1591766626557,100.0,100.0,101.93246800469409,100.0,100.0,100.0,105.50173360688294,100.0,102.5679660499404
2022-11-14,Forward Fill,102.84637433985762,105.23487195453372,105.1591766626557,100.0,100.0,101.93246800469409,100.0,100.0,100.0,105.50173360688294,100.0,102.5679660499404
2022-11-15,Forward Fill,102.84637433985762,105.23487195453372,105.1591766626557,100.0,100.0,101.93246800469409,100.0,100.0,100.0,105.50173360688294,100.0,102.5679660499404
2022-11-16,Forward Fill,102.84637433985762,105.23487195453372,105.1591766626557,100.0,100.0,101.93246800469409,100.0,100.0,100.0,105.50173360688294,100.0,102.5679660499404
2022-11-17,Forward Fill,102.84637433985762,105.23487195453372,105.1591766626557,100.0,100.0,101.93246800469409,100.0,100.0,100.0,105.50173360688294,100.0,102.5679660499404
2022-11-18,Forward Fill,102.84637433985762,105.23487195453372,105.1591766626557,100.0,100.0,101.93246800469409,100.0,100.0,100.0,105.50173360688294,100.0,102.5679660499404
2022-11-19,Forward Fill,102.84637433985762,105.23487195453372,105.1591766626557,100.0,100.0,101.93246800469409,100.0,100.0,100.0,105.50173360688294,100.0,102.5679660499404
2022-11-20,Forward Fill,102.84637433985762,105.23487195453372,105.1591766626557,100.0,100.0,101.93246800469409,100.0,100.0,100.0,105.50173360688294,100.0,102.5679660499404
2022-11-21,Forward Fill,102.84637433985762,105.23487195453372,105.1591766626557,100.0,100.0,101.93246800469409,100.0,100.0,100.0,105.50173360688294,100.0,102.5679660499404
2022-11-22,Forward Fill,102.84637433985762,105.23487195453372,105.1591766626557,100.0,100.0,101.93246800469409,100.0,100.0,100.0,105.50173360688294,100.0,102.5679660499404
2022-11-23,Forward Fill,102.84637433985762,105.23487195453372,105.1591766626557,100.0,100.0,101.93246800469409,100.0,100.0,100.0,105.50173360688294,100.0,102.5679660499404
2022-11-24,Forward Fill,102.84637433985762,105.23487195453372,105.1591766626557,100.0,100.0,101.93246800469409,100.0,100.0,100.0,105.50173360688294,100.0,102.5679660499404
2022-11-25,Forward Fill,102.84637433985762,105.23487195453372,105.1591766626557,100.0,100.0,101.93246800469409,100.0,100.0,100.0,105.50173360688294,100.0,102.5679660499404
2022-11-26,Forward Fill,102.84637433985762,105.23487195453372,105.1591766626557,100.0,100.0,101.93246800469409,100.0,100.0,100.0,105.50173360688294,100.0,102.5679660499404
2022-11-27,Forward Fill,102.84637433985762,105.23487195453372,105.1591766626557,100.0,100.0,101.93246800469409,100.0,100.0,100.0,105.50173360688294,100.0,102.5679660499404
2022-11-28,Forward Fill,102.84637433985762,105.23487195453372,105.1591766626557,100.0,100.0,101.93246800469409,100.0,100.0,100.0,105.50173360688294,100.0,102.5679660499404
2022-11-29,Forward Fill,102.84637433985762,105.23487195453372,105.1591766626557,100.0,100.0,101.93246800469409,100.0,100.0,100.0,105.50173360688294,100.0,102.5679660499404
2022-11-30,Forward Fill,102.84637433985762,105.23487195453372,105.1591766626557,100.0,100.0,101.93246800469409,100.0,100.0,100.0,105.50173360688294,100.0,102.5679660499404
2022-12-01,Forward Fill,102.84637433985762,105.23487195453372,105.1591766626557,100.0,100.0,101.93246800469409,100.0,100.0,100.0,105.50173360688294,100.0,102.5679660499404
2022-12-02,Forward Fill,102.84637433985762,105.23487195453372,105.1591766626557,100.0,100.0,101.93246800469409,100.0,100.0,100.0,105.50173360688294,100.0,102.5679660499404
2022-12-03,Forward Fill,102.84637433985762,105.23487195453372,105.1591766626557,100.0,100.0,101.93246800469409,100.0,100.0,100.0,105.50173360688294,100.0,102.5679660499404
2022-12-04,Forward Fill,102.84637433985762,105.23487195453372,105.1591766626557,100.0,100.0,101.93246800469409,100.0,100.0,100.0,105.50173360688294,100.0,102.5679660499404
2022-12-05,Forward Fill,102.84637433985762,105.23487195453372,105.1591766626557,100.0,100.0,101.93246800469409,100.0,100.0,100.0,105.50173360688294,100.0,102.5679660499404
2022-12-06,Forward Fill,102.84637433985762,105.23487195453372,105.1591766626557,100.0,100.0,101.93246800469409,100.0,100.0,100.0,105.50173360688294,100.0,102.5679660499404
2022-12-07,Forward Fill,102.84637433985762,105.23487195453372,105.1591766626557,100.0,100.0,101.93246800469409,100.0,100.0,100.0,105.50173360688294,100.0,102.5679660499404
2022-12-08,Forward Fill,102.84637433985762,105.23487195453372,105.1591766626557,100.0,100.0,101.93246800469409,100.0,100.0,100.0,105.50173360688294,100.0,102.5679660499404
2022-12-09,Forward Fill,102.84637433985762,105.23487195453372,105.1591766626557,100.0,100.0,101.93246800469409,100.0,100.0,100.0,105.50173360688294,100.0,102.5679660499404
2022-12-10,Forward Fill,102.84637433985762,105.23487195453372,105.1591766626557,100.0,100.0,101.93246800469409,100.0,100.0,100.0,105.50173360688294,100.0,102.5679660499404
2022-12-11,Forward Fill,102.84637433985762,105.23487195453372,105.1591766626557,100.0,100.0,101.93246800469409,100.0,100.0,100.0,105.50173360688294,100.0,102.5679660499404
2022-12-12,Forward Fill,102.84637433985762,105.23487195453372,105.1591766626557,100.0,100.0,101.93246800469409,100.0,100.0,100.0,105.50173360688294,100.0,102.5679660499404
2022-12-13,Forward Fill,102.84637433985762,105.23487195453372,105.1591766626557,100.0,100.0,101.93246800469409,100.0,100.0,100.0,105.50173360688294,100.0,102.5679660499404
2022-12-14,Forward Fill,102.84637433985762,105.23487195453372,105.1591766626557,100.0,100.0,101.93246800469409,100.0,100.0,100.0,105.50173360688294,100.0,102.5679660499404
2022-12-15,Forward Fill,102.84637433985762,105.23487195453372,105.1591766626557,100.0,100.0,101.93246800469409,100.0,100.0,100.0,105.50173360688294,100.0,102.5679660499404
2022-12-16,Forward Fill,102.84637433985762,105.23487195453372,105.1591766626557,100.0,100.0,101.93246800469409,100.0,100.0,100.0,105.50173360688294,100.0,102.5679660499404
2022-12-17,Forward Fill,102.84637433985762,105.23487195453372,105.1591766626557,100.0,100.0,101.93246800469409,100.0,100.0,100.0,105.50173360688294,100.0,102.5679660499404
2022-12-18,Forward Fill,102.84637433985762,105.23487195453372,105.1591766626557,100.0,100.0,101.93246800469409,100.0,100.0,100.0,105.50173360688294,100.0,102.5679660499404
2022-12-19,Forward Fill,102.84637433985762,105.23487195453372,105.1591766626557,100.0,100.0,101.93246800469409,100.0,100.0,100.0,105.50173360688294,100.0,102.5679660499404
2022-12-20,Forward Fill,102.84637433985762,105.23487195453372,105.1591766626557,100.0,100.0,101.93246800469409,100.0,100.0,100.0,105.50173360688294,100.0,102.5679660499404
2022-12-21,Forward Fill,102.84637433985762,105.23487195453372,105.1591766626557,100.0,100.0,101.93246800469409,100.0,100.0,100.0,105.50173360688294,100.0,102.5679660499404
2022-12-22,Forward Fill,102.84637433985762,105.23487195453372,105.1591766626557,100.0,100.0,101.93246800469409,100.0,100.0,100.0,105.50173360688294,100.0,102.5679660499404
2022-12-23,Forward Fill,102.84637433985762,105.23487195453372,105.1591766626557,100.0,100.0,101.93246800469409,100.0,100.0,100.0,105.50173360688294,100.0,102.5679660499404
2022-12-24,Forward Fill,102.84637433985762,105.23487195453372,105.1591766626557,100.0,100.0,101.93246800469409,100.0,100.0,100.0,105.50173360688294,100.0,102.5679660499404
2022-12-25,Forward Fill,102.84637433985762,105.23487195453372,105.1591766626557,100.0,100.0,101.93246800469409,100.0,100.0,100.0,105.50173360688294,100.0,102.5679660499404
2022-12-26,Forward Fill,102.84637433985762,105.23487195453372,105.1591766626557,100.0,100.0,101.93246800469409,100.0,100.0,100.0,105.50173360688294,100.0,102.5679660499404
2022-12-27,Forward Fill,102.84637433985762,105.23487195453372,105.1591766626557,100.0,100.0,101.93246800469409,100.0,100.0,100.0,105.50173360688294,100.0,102.5679660499404
2022-12-28,Forward Fill,102.84637433985762,105.23487195453372,105.1591766626557,100.0,100.0,101.93246800469409,100.0,100.0,100.0,105.50173360688294,100.0,102.5679660499404
2022-12-29,Forward Fill,102.84637433985762,105.23487195453372,105.1591766626557,100.0,100.0,101.93246800469409,100.0,100.0,100.0,105.50173360688294,100.0,102.5679660499404
2022-12-30,Forward Fill,102.84637433985762,105.23487195453372,105.1591766626557,100.0,100.0,101.93246800469409,100.0,100.0,100.0,105.50173360688294,100.0,102.5679660499404
2022-12-31,Forward Fill,102.84637433985762,105.23487195453372,105.1591766626557,100.0,100.0,101.93246800469409,100.0,100.0,100.0,105.50173360688294,100.0,102.5679660499404
2023-01-01,Forward Fill,102.84637433985762,105.23487195453372,105.1591766626557,100.0,100.0,101.93246800469409,100.0,100.0,100.0,105.50173360688294,100.0,102.5679660499404
2023-01-02,Forward Fill,102.84637433985762,105.23487195453372,105.1591766626557,100.0,100.0,101.93246800469409,100.0,100.0,100.0,105.50173360688294,100.0,102.5679660499404
2023-01-03,Forward Fill,102.84637433985762,105.23487195453372,105.1591766626557,100.0,100.0,101.93246800469409,100.0,100.0,100.0,105.50173360688294,100.0,102.5679660499404
2023-01-04,Forward Fill,102.84637433985762,105.23487195453372,105.1591766626557,100.0,100.0,101.93246800469409,100.0,100.0,100.0,105.50173360688294,100.0,102.5679660499404
2023-01-05,Forward Fill,102.84637433985762,105.23487195453372,105.1591766626557,100.0,100.0,101.93246800469409,100.0,100.0,100.0,105.50173360688294,100.0,102.5679660499404
2023-01-06,Forward Fill,102.84637433985762,105.23487195453372,105.1591766626557,100.0,100.0,101.93246800469409,100.0,100.0,100.0,105.50173360688294,100.0,102.5679660499404
2023-01-07,Forward Fill,102.84637433985762,105.23487195453372,105.1591766626557,100.0,100.0,101.93246800469409,100.0,100.0,100.0,105.50173360688294,100.0,102.5679660499404
2023-01-08,Forward Fill,102.84637433985762,105.23487195453372,105.1591766626557,100.0,100.0,101.93246800469409,100.0,100.0,100.0,105.50173360688294,100.0,102.5679660499404
2023-01-09,Forward Fill,102.84637433985762,105.23487195453372,105.1591766626557,100.0,100.0,101.93246800469409,100.0,100.0,100.0,105.50173360688294,100.0,102.5679660499404
2023-01-10,Forward Fill,102.84637433985762,105.23487195453372,105.1591766626557,100.0,100.0,101.93246800469409,100.0,100.0,100.0,105.50173360688294,100.0,102.5679660499404
2023-01-11,Forward Fill,102.84637433985762,105.23487195453372,105.1591766626557,100.0,100.0,101.93246800469409,100.0,100.0,100.0,105.50173360688294,100.0,102.5679660499404
2023-01-12,Forward Fill,102.84637433985762,105.23487195453372,105.1591766626557,100.0,100.0,101.93246800469409,100.0,100.0,100.0,105.50173360688294,100.0,102.5679660499404
2023-01-13,Forward Fill,102.84637433985762,105.23487195453372,105.1591766626557,100.0,100.0,101.93246800469409,100.0,100.0,100.0,105.50173360688294,100.0,102.5679660499404
2023-01-14,Forward Fill,102.84637433985762,105.23487195453372,105.1591766626557,100.0,100.0,101.93246800469409,100.0,100.0,100.0,105.50173360688294,100.0,102.5679660499404
2023-01-15,Forward Fill,102.84637433985762,105.23487195453372,105.1591766626557,100.0,100.0,101.93246800469409,100.0,100.0,100.0,105.50173360688294,100.0,102.5679660499404
2023-01-16,Forward Fill,102.84637433985762,105.23487195453372,105.1591766626557,100.0,100.0,101.93246800469409,100.0,100.0,100.0,105.50173360688294,100.0,102.5679660499404
2023-01-17,Forward Fill,102.84637433985762,105.23487195453372,105.1591766626557,100.0,100.0,101.93246800469409,100.0,100.0,100.0,105.50173360688294,100.0,102.5679660499404
2023-01-18,Forward Fill,102.84637433985762,105.23487195453372,105.1591766626557,100.0,100.0,101.93246800469409,100.0,100.0,100.0,105.50173360688294,100.0,102.5679660499404
2023-01-19,Forward Fill,102.84637433985762,105.23487195453372,105.1591766626557,100.0,100.0,101.93246800469409,100.0,100.0,100.0,105.50173360688294,100.0,102.5679660499404
2023-01-20,Forward Fill,102.84637433985762,105.23487195453372,105.1591766626557,100.0,100.0,101.93246800469409,100.0,100.0,100.0,105.50173360688294,100.0,102.5679660499404
2023-01-21,Forward Fill,102.84637433985762,105.23487195453372,105.1591766626557,100.0,100.0,101.93246800469409,100.0,100.0,100.0,105.50173360688294,100.0,102.5679660499404
2023-01-22,Forward Fill,102.84637433985762,105.23487195453372,105.1591766626557,100.0,100.0,101.93246800469409,100.0,100.0,100.0,105.50173360688294,100.0,102.5679660499404
2023-01-23,Forward Fill,102.84637433985762,105.23487195453372,105.1591766626557,100.0,100.0,101.93246800469409,100.0,100.0,100.0,105.50173360688294,100.0,102.5679660499404
2023-01-24,Forward Fill,102.84637433985762,105.23487195453372,105.1591766626557,100.0,100.0,101.93246800469409,100.0,100.0,100.0,105.50173360688294,100.0,102.5679660499404
2023-01-25,Forward Fill,102.84637433985762,105.23487195453372,105.1591766626557,100.0,100.0,101.93246800469409,100.0,100.0,100.0,105.50173360688294,100.0,102.5679660499404
2023-01-26,Forward Fill,102.84637433985762,105.23487195453372,105.1591766626557,100.0,100.0,101.93246800469409,100.0,100.0,100.0,105.50173360688294,100.0,102.5679660499404
2023-01-27,Forward Fill,102.84637433985762,105.23487195453372,105.1591766626557,100.0,100.0,101.93246800469409,100.0,100.0,100.0,105.50173360688294,100.0,102.5679660499404
2023-01-28,Forward Fill,102.84637433985762,105.23487195453372,105.1591766626557,100.0,100.0,101.93246800469409,100.0,100.0,100.0,105.50173360688294,100.0,102.5679660499404
2023-01-29,Forward Fill,102.84637433985762,105.23487195453372,105.1591766626557,100.0,100.0,101.93246800469409,100.0,100.0,100.0,105.50173360688294,100.0,102.5679660499404
2023-01-30,Forward Fill,102.84637433985762,105.23487195453372,105.1591766626557,100.0,100.0,101.93246800469409,100.0,100.0,100.0,105.50173360688294,100.0,102.5679660499404
2023-01-31,Forward Fill,102.84637433985762,105.23487195453372,105.1591766626557,100.0,100.0,101.93246800469409,100.0,100.0,100.0,105.50173360688294,100.0,102.5679660499404
2023-02-01,Forward Fill,102.84637433985762,105.23487195453372,105.1591766626557,100.0,100.0,101.93246800469409,100.0,100.0,100.0,105.50173360688294,100.0,102.5679660499404
2023-02-02,Forward Fill,102.84637433985762,105.23487195453372,105.1591766626557,100.0,100.0,101.93246800469409,100.0,100.0,100.0,105.50173360688294,100.0,102.5679660499404
2023-02-03,Forward Fill,102.84637433985762,105.23487195453372,105.1591766626557,100.0,100.0,101.93246800469409,100.0,100.0,100.0,105.50173360688294,100.0,102.5679660499404
2023-02-04,Forward Fill,102.84637433985762,105.23487195453372,105.1591766626557,100.0,100.0,101.93246800469409,100.0,100.0,100.0,105.50173360688294,100.0,102.5679660499404
2023-02-05,Forward Fill,102.84637433985762,105.23487195453372,105.1591766626557,100.0,100.0,101.93246800469409,100.0,100.0,100.0,105.50173360688294,100.0,102.5679660499404
2023-02-06,Forward Fill,102.84637433985762,105.23487195453372,105.1591766626557,100.0,100.0,101.93246800469409,100.0,100.0,100.0,105.50173360688294,100.0,102.5679660499404
2023-02-07,Forward Fill,102.84637433985762,105.23487195453372,105.1591766626557,100.0,100.0,101.93246800469409,100.0,100.0,100.0,105.50173360688294,100.0,102.5679660499404
2023-02-08,Forward Fill,102.84637433985762,105.23487195453372,105.1591766626557,100.0,100.0,101.93246800469409,100.0,100.0,100.0,105.50173360688294,100.0,102.5679660499404
2023-02-09,Forward Fill,102.84637433985762,105.23487195453372,105.1591766626557,100.0,100.0,101.93246800469409,100.0,100.0,100.0,105.50173360688294,100.0,102.5679660499404
2023-02-10,Forward Fill,102.84637433985762,105.23487195453372,105.1591766626557,100.0,100.0,101.93246800469409,100.0,100.0,100.0,105.50173360688294,100.0,102.5679660499404
2023-02-11,Forward Fill,102.84637433985762,105.23487195453372,105.1591766626557,100.0,100.0,101.93246800469409,100.0,100.0,100.0,105.50173360688294,100.0,102.5679660499404
2023-02-12,Forward Fill,102.84637433985762,105.23487195453372,105.1591766626557,100.0,100.0,101.93246800469409,100.0,100.0,100.0,105.50173360688294,100.0,102.5679660499404
2023-02-13,Forward Fill,102.84637433985762,105.23487195453372,105.1591766626557,100.0,100.0,101.93246800469409,100.0,100.0,100.0,105.50173360688294,100.0,102.5679660499404
2023-02-14,Forward Fill,102.84637433985762,105.23487195453372,105.1591766626557,100.0,100.0,101.93246800469409,100.0,100.0,100.0,105.50173360688294,100.0,102.5679660499404
2023-02-15,Forward Fill,102.84637433985762,105.23487195453372,105.1591766626557,100.0,100.0,101.93246800469409,100.0,100.0,100.0,105.50173360688294,100.0,102.5679660499404
2023-02-16,Forward Fill,102.84637433985762,105.23487195453372,105.1591766626557,100.0,100.0,101.93246800469409,100.0,100.0,100.0,105.50173360688294,100.0,102.5679660499404
2023-02-17,Forward Fill,102.84637433985762,105.23487195453372,105.1591766626557,100.0,100.0,101.93246800469409,100.0,100.0,100.0,105.50173360688294,100.0,102.5679660499404
2023-02-18,Forward Fill,102.84637433985762,105.23487195453372,105.1591766626557,100.0,100.0,101.93246800469409,100.0,100.0,100.0,105.50173360688294,100.0,102.5679660499404
2023-02-19,Forward Fill,102.84637433985762,105.23487195453372,105.1591766626557,100.0,100.0,101.93246800469409,100.0,100.0,100.0,105.50173360688294,100.0,102.5679660499404
2023-02-20,Forward Fill,102.84637433985762,105.23487195453372,105.1591766626557,100.0,100.0,101.93246800469409,100.0,100.0,100.0,105.50173360688294,100.0,102.5679660499404
2023-02-21,Forward Fill,102.84637433985762,105.23487195453372,105.1591766626557,100.0,100.0,101.93246800469409,100.0,100.0,100.0,105.50173360688294,100.0,102.5679660499404
2023-02-22,Forward Fill,102.84637433985762,105.23487195453372,105.1591766626557,100.0,100.0,101.93246800469409,100.0,100.0,100.0,105.50173360688294,100.0,102.5679660499404
2023-02-23,Forward Fill,102.84637433985762,105.23487195453372,105.1591766626557,100.0,100.0,101.93246800469409,100.0,100.0,100.0,105.50173360688294,100.0,102.5679660499404
2023-02-24,Forward Fill,102.84637433985762,105.23487195453372,105.1591766626557,100.0,100.0,101.93246800469409,100.0,100.0,100.0,105.50173360688294,100.0,102.5679660499404
2023-02-25,Forward Fill,102.84637433985762,105.23487195453372,105.1591766626557,100.0,100.0,101.93246800469409,100.0,100.0,100.0,105.50173360688294,100.0,102.5679660499404
2023-02-26,Forward Fill,102.84637433985762,105.23487195453372,105.1591766626557,100.0,100.0,101.93246800469409,100.0,100.0,100.0,105.50173360688294,100.0,102.5679660499404
2023-02-27,Forward Fill,102.84637433985762,105.23487195453372,105.1591766626557,100.0,100.0,101.93246800469409,100.0,100.0,100.0,105.50173360688294,100.0,102.5679660499404
2023-02-28,Forward Fill,102.84637433985762,105.23487195453372,105.1591766626557,100.0,100.0,101.93246800469409,100.0,100.0,100.0,105.50173360688294,100.0,102.5679660499404
2023-03-01,Forward Fill,102.84637433985762,105.23487195453372,105.1591766626557,100.0,100.0,101.93246800469409,100.0,100.0,100.0,105.50173360688294,100.0,102.5679660499404
2023-03-02,Forward Fill,102.84637433985762,105.23487195453372,105.1591766626557,100.0,100.0,101.93246800469409,100.0,100.0,100.0,105.50173360688294,100.0,102.5679660499404
2023-03-03,Forward Fill,102.84637433985762,105.23487195453372,105.1591766626557,100.0,100.0,101.93246800469409,100.0,100.0,100.0,105.50173360688294,100.0,102.5679660499404
2023-03-04,Forward Fill,102.84637433985762,105.23487195453372,105.1591766626557,100.0,100.0,101.93246800469409,100.0,100.0,100.0,105.50173360688294,100.0,102.5679660499404
2023-03-05,Forward Fill,102.84637433985762,105.23487195453372,105.1591766626557,100.0,100.0,101.93246800469409,100.0,100.0,100.0,105.50173360688294,100.0,102.5679660499404
2023-03-06,Forward Fill,102.84637433985762,105.23487195453372,105.1591766626557,100.0,100.0,101.93246800469409,100.0,100.0,100.0,105.50173360688294,100.0,102.5679660499404
2023-03-07,Forward Fill,102.84637433985762,105.23487195453372,105.1591766626557,100.0,100.0,101.93246800469409,100.0,100.0,100.0,105.50173360688294,100.0,102.5679660499404
2023-03-08,Forward Fill,102.84637433985762,105.23487195453372,105.1591766626557,100.0,100.0,101.93246800469409,100.0,100.0,100.0,105.50173360688294,100.0,102.5679660499404
2023-03-09,Forward Fill,102.84637433985762,105.23487195453372,105.1591766626557,100.0,100.0,101.93246800469409,100.0,100.0,100.0,105.50173360688294,100.0,102.5679660499404
2023-03-10,Forward Fill,102.84637433985762,105.23487195453372,105.1591766626557,100.0,100.0,101.93246800469409,100.0,100.0,100.0,105.50173360688294,100.0,102.5679660499404
2023-03-11,Forward Fill,102.84637433985762,105.23487195453372,105.1591766626557,100.0,100.0,101.93246800469409,100.0,100.0,100.0,105.50173360688294,100.0,102.5679660499404
2023-03-12,Forward Fill,102.84637433985762,105.23487195453372,105.1591766626557,100.0,100.0,101.93246800469409,100.0,100.0,100.0,105.50173360688294,100.0,102.5679660499404
2023-03-13,Forward Fill,102.84637433985762,105.23487195453372,105.1591766626557,100.0,100.0,101.93246800469409,100.0,100.0,100.0,105.50173360688294,100.0,102.5679660499404
2023-03-14,Forward Fill,102.84637433985762,105.23487195453372,105.1591766626557,100.0,100.0,101.93246800469409,100.0,100.0,100.0,105.50173360688294,100.0,102.5679660499404
2023-03-15,Forward Fill,102.84637433985762,105.23487195453372,105.1591766626557,100.0,100.0,101.93246800469409,100.0,100.0,100.0,105.50173360688294,100.0,102.5679660499404
2023-03-16,Forward Fill,102.84637433985762,105.23487195453372,105.1591766626557,100.0,100.0,101.93246800469409,100.0,100.0,100.0,105.50173360688294,100.0,102.5679660499404
2023-03-17,Forward Fill,102.84637433985762,105.23487195453372,105.1591766626557,100.0,100.0,101.93246800469409,100.0,100.0,100.0,105.50173360688294,100.0,102.5679660499404
2023-03-18,Forward Fill,102.84637433985762,105.23487195453372,105.1591766626557,100.0,100.0,101.93246800469409,100.0,100.0,100.0,105.50173360688294,100.0,102.5679660499404
2023-03-19,Forward Fill,102.84637433985762,105.23487195453372,105.1591766626557,100.0,100.0,101.93246800469409,100.0,100.0,100.0,105.50173360688294,100.0,102.5679660499404
2023-03-20,Forward Fill,102.84637433985762,105.23487195453372,105.1591766626557,100.0,100.0,101.93246800469409,100.0,100.0,100.0,105.50173360688294,100.0,102.5679660499404
2023-03-21,Forward Fill,102.84637433985762,105.23487195453372,105.1591766626557,100.0,100.0,101.93246800469409,100.0,100.0,100.0,105.50173360688294,100.0,102.5679660499404
2023-03-22,Forward Fill,102.84637433985762,105.23487195453372,105.1591766626557,100.0,100.0,101.93246800469409,100.0,100.0,100.0,105.50173360688294,100.0,102.5679660499404
2023-03-23,Forward Fill,102.84637433985762,105.23487195453372,105.1591766626557,100.0,100.0,101.93246800469409,100.0,100.0,100.0,105.50173360688294,100.0,102.5679660499404
2023-03-24,Forward Fill,102.84637433985762,105.23487195453372,105.1591766626557,100.0,100.0,101.93246800469409,100.0,100.0,100.0,105.50173360688294,100.0,102.5679660499404
2023-03-25,Forward Fill,102.84637433985762,105.23487195453372,105.1591766626557,100.0,100.0,101.93246800469409,100.0,100.0,100.0,105.50173360688294,100.0,102.5679660499404
2023-03-26,Forward Fill,102.84637433985762,105.23487195453372,105.1591766626557,100.0,100.0,101.93246800469409,100.0,100.0,100.0,105.50173360688294,100.0,102.5679660499404
2023-03-27,Forward Fill,102.84637433985762,105.23487195453372,105.1591766626557,100.0,100.0,101.93246800469409,100.0,100.0,100.0,105.50173360688294,100.0,102.5679660499404
2023-03-28,Forward Fill,102.84637433985762,105.23487195453372,105.1591766626557,100.0,100.0,101.93246800469409,100.0,100.0,100.0,105.50173360688294,100.0,102.5679660499404
2023-03-29,Forward Fill,102.84637433985762,105.23487195453372,105.1591766626557,100.0,100.0,101.93246800469409,100.0,100.0,100.0,105.50173360688294,100.0,102.5679660499404
2023-03-30,Forward Fill,102.84637433985762,105.23487195453372,105.1591766626557,100.0,100.0,101.93246800469409,100.0,100.0,100.0,105.50173360688294,100.0,102.5679660499404
2023-03-31,Forward Fill,102.84637433985762,105.23487195453372,105.1591766626557,100.0,100.0,101.93246800469409,100.0,100.0,100.0,105.50173360688294,100.0,102.5679660499404
2023-04-01,Forward Fill,102.84637433985762,105.23487195453372,105.1591766626557,100.0,100.0,101.93246800469409,100.0,100.0,100.0,105.50173360688294,100.0,102.5679660499404
2023-04-02,Forward Fill,102.84637433985762,105.23487195453372,105.1591766626557,100.0,100.0,101.93246800469409,100.0,100.0,100.0,105.50173360688294,100.0,102.5679660499404
2023-04-03,Forward Fill,102.84637433985762,105.23487195453372,105.1591766626557,100.0,100.0,101.93246800469409,100.0,100.0,100.0,105.50173360688294,100.0,102.5679660499404
2023-04-04,Forward Fill,102.84637433985762,105.23487195453372,105.1591766626557,100.0,100.0,101.93246800469409,100.0,100.0,100.0,105.50173360688294,100.0,102.5679660499404
2023-04-05,Forward Fill,102.84637433985762,105.23487195453372,105.1591766626557,100.0,100.0,101.93246800469409,100.0,100.0,100.0,105.50173360688294,100.0,102.5679660499404
2023-04-06,Forward Fill,102.84637433985762,105.23487195453372,105.1591766626557,100.0,100.0,101.93246800469409,100.0,100.0,100.0,105.50173360688294,100.0,102.5679660499404
2023-04-07,Forward Fill,102.84637433985762,105.23487195453372,105.1591766626557,100.0,100.0,101.93246800469409,100.0,100.0,100.0,105.50173360688294,100.0,102.5679660499404
2023-04-08,Forward Fill,102.84637433985762,105.23487195453372,105.1591766626557,100.0,100.0,101.93246800469409,100.0,100.0,100.0,105.50173360688294,100.0,102.5679660499404
2023-04-09,Forward Fill,102.84637433985762,105.23487195453372,105.1591766626557,100.0,100.0,101.93246800469409,100.0,100.0,100.0,105.50173360688294,100.0,102.5679660499404
2023-04-10,Forward Fill,102.84637433985762,105.23487195453372,105.1591766626557,100.0,100.0,101.93246800469409,100.0,100.0,100.0,105.50173360688294,100.0,102.5679660499404
2023-04-11,Forward Fill,102.84637433985762,105.23487195453372,105.1591766626557,100.0,100.0,101.93246800469409,100.0,100.0,100.0,105.50173360688294,100.0,102.5679660499404
2023-04-12,Forward Fill,102.84637433985762,105.23487195453372,105.1591766626557,100.0,100.0,101.93246800469409,100.0,100.0,100.0,105.50173360688294,100.0,102.5679660499404
2023-04-13,Forward Fill,102.84637433985762,105.23487195453372,105.1591766626557,100.0,100.0,101.93246800469409,100.0,100.0,100.0,105.50173360688294,100.0,102.5679660499404
2023-04-14,Forward Fill,102.84637433985762,105.23487195453372,105.1591766626557,100.0,100.0,101.93246800469409,100.0,100.0,100.0,105.50173360688294,100.0,102.5679660499404
2023-04-15,Forward Fill,102.84637433985762,105.23487195453372,105.1591766626557,100.0,100.0,101.93246800469409,100.0,100.0,100.0,105.50173360688294,100.0,102.5679660499404
2023-04-16,Forward Fill,102.84637433985762,105.23487195453372,105.1591766626557,100.0,100.0,101.93246800469409,100.0,100.0,100.0,105.50173360688294,100.0,102.5679660499404
2023-04-17,Forward Fill,102.84637433985762,105.23487195453372,105.1591766626557,100.0,100.0,101.93246800469409,100.0,100.0,100.0,105.50173360688294,100.0,102.5679660499404
2023-04-18,Forward Fill,102.84637433985762,105.23487195453372,105.1591766626557,100.0,100.0,101.93246800469409,100.0,100.0,100.0,105.50173360688294,100.0,102.5679660499404
2023-04-19,Forward Fill,102.84637433985762,105.23487195453372,105.1591766626557,100.0,100.0,101.93246800469409,100.0,100.0,100.0,105.50173360688294,100.0,102.5679660499404
2023-04-20,Forward Fill,102.84637433985762,105.23487195453372,105.1591766626557,100.0,100.0,101.93246800469409,100.0,100.0,100.0,105.50173360688294,100.0,102.5679660499404
2023-04-21,Forward Fill,102.84637433985762,105.23487195453372,105.1591766626557,100.0,100.0,101.93246800469409,100.0,100.0,100.0,105.50173360688294,100.0,102.5679660499404
2023-04-22,Forward Fill,102.84637433985762,105.23487195453372,105.1591766626557,100.0,100.0,101.93246800469409,100.0,100.0,100.0,105.50173360688294,100.0,102.5679660499404
2023-04-23,Forward Fill,102.84637433985762,105.23487195453372,105.1591766626557,100.0,100.0,101.93246800469409,100.0,100.0,100.0,105.50173360688294,100.0,102.5679660499404
2023-04-24,Forward Fill,102.84637433985762,105.23487195453372,105.1591766626557,100.0,100.0,101.93246800469409,100.0,100.0,100.0,105.50173360688294,100.0,102.5679660499404
2023-04-25,Forward Fill,102.84637433985762,105.23487195453372,105.1591766626557,100.0,100.0,101.93246800469409,100.0,100.0,100.0,105.50173360688294,100.0,102.5679660499404
2023-04-26,Forward Fill,102.84637433985762,105.23487195453372,105.1591766626557,100.0,100.0,101.93246800469409,100.0,100.0,100.0,105.50173360688294,100.0,102.5679660499404
2023-04-27,Forward Fill,102.84637433985762,105.23487195453372,105.1591766626557,100.0,100.0,101.93246800469409,100.0,100.0,100.0,105.50173360688294,100.0,102.5679660499404
2023-04-28,Forward Fill,102.84637433985762,105.23487195453372,105.1591766626557,100.0,100.0,101.93246800469409,100.0,100.0,100.0,105.50173360688294,100.0,102.5679660499404
2023-04-29,Forward Fill,102.84637433985762,105.23487195453372,105.1591766626557,100.0,100.0,101.93246800469409,100.0,100.0,100.0,105.50173360688294,100.0,102.5679660499404
2023-04-30,Forward Fill,102.84637433985762,105.23487195453372,105.1591766626557,100.0,100.0,101.93246800469409,100.0,100.0,100.0,105.50173360688294,100.0,102.5679660499404
2023-05-01,Forward Fill,102.84637433985762,105.23487195453372,105.1591766626557,100.0,100.0,101.93246800469409,100.0,100.0,100.0,105.50173360688294,100.0,102.5679660499404
2023-05-02,Forward Fill,102.84637433985762,105.23487195453372,105.1591766626557,100.0,100.0,101.93246800469409,100.0,100.0,100.0,105.50173360688294,100.0,102.5679660499404
2023-05-03,Forward Fill,102.84637433985762,105.23487195453372,105.1591766626557,100.0,100.0,101.93246800469409,100.0,100.0,100.0,105.50173360688294,100.0,102.5679660499404
2023-05-04,Forward Fill,102.84637433985762,105.23487195453372,105.1591766626557,100.0,100.0,101.93246800469409,100.0,100.0,100.0,105.50173360688294,100.0,102.5679660499404
2023-05-05,Forward Fill,102.84637433985762,105.23487195453372,105.1591766626557,100.0,100.0,101.93246800469409,100.0,100.0,100.0,105.50173360688294,100.0,102.5679660499404
2023-05-06,Forward Fill,102.84637433985762,105.23487195453372,105.1591766626557,100.0,100.0,101.93246800469409,100.0,100.0,100.0,105.50173360688294,100.0,102.5679660499404
2023-05-07,Forward Fill,102.84637433985762,105.23487195453372,105.1591766626557,100.0,100.0,101.93246800469409,100.0,100.0,100.0,105.50173360688294,100.0,102.5679660499404
2023-05-08,Forward Fill,102.84637433985762,105.23487195453372,105.1591766626557,100.0,100.0,101.93246800469409,100.0,100.0,100.0,105.50173360688294,100.0,102.5679660499404
2023-05-09,Forward Fill,102.84637433985762,105.23487195453372,105.1591766626557,100.0,100.0,101.93246800469409,100.0,100.0,100.0,105.50173360688294,100.0,102.5679660499404
2023-05-10,Forward Fill,102.84637433985762,105.23487195453372,105.1591766626557,100.0,100.0,101.93246800469409,100.0,100.0,100.0,105.50173360688294,100.0,102.5679660499404
2023-05-11,Forward Fill,102.84637433985762,105.23487195453372,105.1591766626557,100.0,100.0,101.93246800469409,100.0,100.0,100.0,105.50173360688294,100.0,102.5679660499404
2023-05-12,Forward Fill,102.84637433985762,105.23487195453372,105.1591766626557,100.0,100.0,101.93246800469409,100.0,100.0,100.0,105.50173360688294,100.0,102.5679660499404
2023-05-13,Forward Fill,102.84637433985762,105.23487195453372,105.1591766626557,100.0,100.0,101.93246800469409,100.0,100.0,100.0,105.50173360688294,100.0,102.5679660499404
2023-05-14,Forward Fill,102.84637433985762,105.23487195453372,105.1591766626557,100.0,100.0,101.93246800469409,100.0,100.0,100.0,105.50173360688294,100.0,102.5679660499404
2023-05-15,Forward Fill,102.84637433985762,105.23487195453372,105.1591766626557,100.0,100.0,101.93246800469409,100.0,100.0,100.0,105.50173360688294,100.0,102.5679660499404
2023-05-16,Forward Fill,102.84637433985762,105.23487195453372,105.1591766626557,100.0,100.0,101.93246800469409,100.0,100.0,100.0,105.50173360688294,100.0,102.5679660499404
2023-05-17,Forward Fill,102.84637433985762,105.23487195453372,105.1591766626557,100.0,100.0,101.93246800469409,100.0,100.0,100.0,105.50173360688294,100.0,102.5679660499404
2023-05-18,Forward Fill,102.84637433985762,105.23487195453372,105.1591766626557,100.0,100.0,101.93246800469409,100.0,100.0,100.0,105.50173360688294,100.0,102.5679660499404
2023-05-19,Forward Fill,102.84637433985762,105.23487195453372,105.1591766626557,100.0,100.0,101.93246800469409,100.0,100.0,100.0,105.50173360688294,100.0,102.5679660499404
2023-05-20,Forward Fill,102.84637433985762,105.23487195453372,105.1591766626557,100.0,100.0,101.93246800469409,100.0,100.0,100.0,105.50173360688294,100.0,102.5679660499404
2023-05-21,Forward Fill,102.84637433985762,105.23487195453372,105.1591766626557,100.0,100.0,101.93246800469409,100.0,100.0,100.0,105.50173360688294,100.0,102.5679660499404
2023-05-22,Forward Fill,102.84637433985762,105.23487195453372,105.1591766626557,100.0,100.0,101.93246800469409,100.0,100.0,100.0,105.50173360688294,100.0,102.5679660499404
2023-05-23,Forward Fill,102.84637433985762,105.23487195453372,105.1591766626557,100.0,100.0,101.93246800469409,100.0,100.0,100.0,105.50173360688294,100.0,102.5679660499404
2023-05-24,Forward Fill,102.84637433985762,105.23487195453372,105.1591766626557,100.0,100.0,101.93246800469409,100.0,100.0,100.0,105.50173360688294,100.0,102.5679660499404
2023-05-25,Forward Fill,102.84637433985762,105.23487195453372,105.1591766626557,100.0,100.0,101.93246800469409,100.0,100.0,100.0,105.50173360688294,100.0,102.5679660499404
2023-05-26,Forward Fill,102.84637433985762,105.23487195453372,105.1591766626557,100.0,100.0,101.93246800469409,100.0,100.0,100.0,105.50173360688294,100.0,102.5679660499404
2023-05-27,Forward Fill,102.84637433985762,105.23487195453372,105.1591766626557,100.0,100.0,101.93246800469409,100.0,100.0,100.0,105.50173360688294,100.0,102.5679660499404
2023-05-28,Forward Fill,102.84637433985762,105.23487195453372,105.1591766626557,100.0,100.0,101.93246800469409,100.0,100.0,100.0,105.50173360688294,100.0,102.5679660499404
2023-05-29,Forward Fill,102.84637433985762,105.23487195453372,105.1591766626557,100.0,100.0,101.93246800469409,100.0,100.0,100.0,105.50173360688294,100.0,102.5679660499404
2023-05-30,Forward Fill,102.84637433985762,105.23487195453372,105.1591766626557,100.0,100.0,101.93246800469409,100.0,100.0,100.0,105.50173360688294,100.0,102.5679660499404
2023-05-31,Forward Fill,102.84637433985762,105.23487195453372,105.1591766626557,100.0,100.0,101.93246800469409,100.0,100.0,100.0,105.50173360688294,100.0,102.5679660499404
2023-06-01,Forward Fill,102.84637433985762,105.23487195453372,105.1591766626557,100.0,100.0,101.93246800469409,100.0,100.0,100.0,105.50173360688294,100.0,102.5679660499404
2023-06-02,Forward Fill,102.84637433985762,105.23487195453372,105.1591766626557,100.0,100.0,101.93246800469409,100.0,100.0,100.0,105.50173360688294,100.0,102.5679660499404
2023-06-03,Forward Fill,102.84637433985762,105.23487195453372,105.1591766626557,100.0,100.0,101.93246800469409,100.0,100.0,100.0,105.50173360688294,100.0,102.5679660499404
2023-06-04,Forward Fill,102.84637433985762,105.23487195453372,105.1591766626557,100.0,100.0,101.93246800469409,100.0,100.0,100.0,105.50173360688294,100.0,102.5679660499404
2023-06-05,Forward Fill,102.84637433985762,105.23487195453372,105.1591766626557,100.0,100.0,101.93246800469409,100.0,100.0,100.0,105.50173360688294,100.0,102.5679660499404
2023-06-06,Forward Fill,102.84637433985762,105.23487195453372,105.1591766626557,100.0,100.0,101.93246800469409,100.0,100.0,100.0,105.50173360688294,100.0,102.5679660499404
2023-06-07,Forward Fill,102.84637433985762,105.23487195453372,105.1591766626557,100.0,100.0,101.93246800469409,100.0,100.0,100.0,105.50173360688294,100.0,102.5679660499404
2023-06-08,Forward Fill,102.84637433985762,105.23487195453372,105.1591766626557,100.0,100.0,101.93246800469409,100.0,100.0,100.0,105.50173360688294,100.0,102.5679660499404
2023-06-09,Forward Fill,102.84637433985762,105.23487195453372,105.1591766626557,100.0,100.0,101.93246800469409,100.0,100.0,100.0,105.50173360688294,100.0,102.5679660499404
2023-06-10,Forward Fill,102.84637433985762,105.23487195453372,105.1591766626557,100.0,100.0,101.93246800469409,100.0,100.0,100.0,105.50173360688294,100.0,102.5679660499404
2023-06-11,Forward Fill,102.84637433985762,105.23487195453372,105.1591766626557,100.0,100.0,101.93246800469409,100.0,100.0,100.0,105.50173360688294,100.0,102.5679660499404
2023-06-12,Forward Fill,102.84637433985762,105.23487195453372,105.1591766626557,100.0,100.0,101.93246800469409,100.0,100.0,100.0,105.50173360688294,100.0,102.5679660499404
2023-06-13,Forward Fill,102.84637433985762,105.23487195453372,105.1591766626557,100.0,100.0,101.93246800469409,100.0,100.0,100.0,105.50173360688294,100.0,102.5679660499404
2023-06-14,Forward Fill,102.84637433985762,105.23487195453372,105.1591766626557,100.0,100.0,101.93246800469409,100.0,100.0,100.0,105.50173360688294,100.0,102.5679660499404
2023-06-15,Forward Fill,102.84637433985762,105.23487195453372,105.1591766626557,100.0,100.0,101.93246800469409,100.0,100.0,100.0,105.50173360688294,100.0,102.5679660499404
2023-06-16,Forward Fill,102.84637433985762,105.23487195453372,105.1591766626557,100.0,100.0,101.93246800469409,100.0,100.0,100.0,105.50173360688294,100.0,102.5679660499404
2023-06-17,Forward Fill,102.84637433985762,105.23487195453372,105.1591766626557,100.0,100.0,101.93246800469409,100.0,100.0,100.0,105.50173360688294,100.0,102.5679660499404
2023-06-18,Forward Fill,102.84637433985762,105.23487195453372,105.1591766626557,100.0,100.0,101.93246800469409,100.0,100.0,100.0,105.50173360688294,100.0,102.5679660499404
2023-06-19,Forward Fill,102.84637433985762,105.23487195453372,105.1591766626557,100.0,100.0,101.93246800469409,100.0,100.0,100.0,105.50173360688294,100.0,102.5679660499404
2023-06-20,Forward Fill,102.84637433985762,105.23487195453372,105.1591766626557,100.0,100.0,101.93246800469409,100.0,100.0,100.0,105.50173360688294,100.0,102.5679660499404
2023-06-21,Forward Fill,102.84637433985762,105.23487195453372,105.1591766626557,100.0,100.0,101.93246800469409,100.0,100.0,100.0,105.50173360688294,100.0,102.5679660499404
2023-06-22,Forward Fill,102.84637433985762,105.23487195453372,105.1591766626557,100.0,100.0,101.93246800469409,100.0,100.0,100.0,105.50173360688294,100.0,102.5679660499404
2023-06-23,Forward Fill,102.84637433985762,105.23487195453372,105.1591766626557,100.0,100.0,101.93246800469409,100.0,100.0,100.0,105.50173360688294,100.0,102.5679660499404
2023-06-24,Forward Fill,102.84637433985762,105.23487195453372,105.1591766626557,100.0,100.0,101.93246800469409,100.0,100.0,100.0,105.50173360688294,100.0,102.5679660499404
2023-06-25,Forward Fill,102.84637433985762,105.23487195453372,105.1591766626557,100.0,100.0,101.93246800469409,100.0,100.0,100.0,105.50173360688294,100.0,102.5679660499404
2023-06-26,Forward Fill,102.84637433985762,105.23487195453372,105.1591766626557,100.0,100.0,101.93246800469409,100.0,100.0,100.0,105.50173360688294,100.0,102.5679660499404
2023-06-27,Forward Fill,102.84637433985762,105.23487195453372,105.1591766626557,100.0,100.0,101.93246800469409,100.0,100.0,100.0,105.50173360688294,100.0,102.5679660499404
2023-06-28,Forward Fill,102.84637433985762,105.23487195453372,105.1591766626557,100.0,100.0,101.93246800469409,100.0,100.0,100.0,105.50173360688294,100.0,102.5679660499404
2023-06-29,Forward Fill,102.84637433985762,105.23487195453372,105.1591766626557,100.0,100.0,101.93246800469409,100.0,100.0,100.0,105.50173360688294,100.0,102.5679660499404
2023-06-30,Forward Fill,102.84637433985762,105.23487195453372,105.1591766626557,100.0,100.0,101.93246800469409,100.0,100.0,100.0,105.50173360688294,100.0,102.5679660499404
2023-07-01,Forward Fill,102.84637433985762,105.23487195453372,105.1591766626557,100.0,100.0,101.93246800469409,100.0,100.0,100.0,105.50173360688294,100.0,102.5679660499404
2023-07-02,Forward Fill,102.84637433985762,105.23487195453372,105.1591766626557,100.0,100.0,101.93246800469409,100.0,100.0,100.0,105.50173360688294,100.0,102.5679660499404
2023-07-03,Forward Fill,102.84637433985762,105.23487195453372,105.1591766626557,100.0,100.0,101.93246800469409,100.0,100.0,100.0,105.50173360688294,100.0,102.5679660499404
2023-07-04,Forward Fill,102.84637433985762,105.23487195453372,105.1591766626557,100.0,100.0,101.93246800469409,100.0,100.0,100.0,105.50173360688294,100.0,102.5679660499404
2023-07-05,Forward Fill,102.84637433985762,105.23487195453372,105.1591766626557,100.0,100.0,101.93246800469409,100.0,100.0,100.0,105.50173360688294,100.0,102.5679660499404
2023-07-06,Forward Fill,102.84637433985762,105.23487195453372,105.1591766626557,100.0,100.0,101.93246800469409,100.0,100.0,100.0,105.50173360688294,100.0,102.5679660499404
2023-07-07,Forward Fill,102.84637433985762,105.23487195453372,105.1591766626557,100.0,100.0,101.93246800469409,100.0,100.0,100.0,105.50173360688294,100.0,102.5679660499404
2023-07-08,Forward Fill,102.84637433985762,105.23487195453372,105.1591766626557,100.0,100.0,101.93246800469409,100.0,100.0,100.0,105.50173360688294,100.0,102.5679660499404
2023-07-09,Forward Fill,102.84637433985762,105.23487195453372,105.1591766626557,100.0,100.0,101.93246800469409,100.0,100.0,100.0,105.50173360688294,100.0,102.5679660499404
2023-07-10,Forward Fill,102.84637433985762,105.23487195453372,105.1591766626557,100.0,100.0,101.93246800469409,100.0,100.0,100.0,105.50173360688294,100.0,102.5679660499404
2023-07-11,Forward Fill,102.84637433985762,105.23487195453372,105.1591766626557,100.0,100.0,101.93246800469409,100.0,100.0,100.0,105.50173360688294,100.0,102.5679660499404
2023-07-12,Forward Fill,102.84637433985762,105.23487195453372,105.1591766626557,100.0,100.0,101.93246800469409,100.0,100.0,100.0,105.50173360688294,100.0,102.5679660499404
2023-07-13,Forward Fill,102.84637433985762,105.23487195453372,105.1591766626557,100.0,100.0,101.93246800469409,100.0,100.0,100.0,105.50173360688294,100.0,102.5679660499404
2023-07-14,Forward Fill,102.84637433985762,105.23487195453372,105.1591766626557,100.0,100.0,101.93246800469409,100.0,100.0,100.0,105.50173360688294,100.0,102.5679660499404
2023-07-15,Forward Fill,102.84637433985762,105.23487195453372,105.1591766626557,100.0,100.0,101.93246800469409,100.0,100.0,100.0,105.50173360688294,100.0,102.5679660499404
2023-07-16,Forward Fill,102.84637433985762,105.23487195453372,105.1591766626557,100.0,100.0,101.93246800469409,100.0,100.0,100.0,105.50173360688294,100.0,102.5679660499404
2023-07-17,Forward Fill,102.84637433985762,105.23487195453372,105.1591766626557,100.0,100.0,101.93246800469409,100.0,100.0,100.0,105.50173360688294,100.0,102.5679660499404
2023-07-18,Forward Fill,102.84637433985762,105.23487195453372,105.1591766626557,100.0,100.0,101.93246800469409,100.0,100.0,100.0,105.50173360688294,100.0,102.5679660499404
2023-07-19,Forward Fill,102.84637433985762,105.23487195453372,105.1591766626557,100.0,100.0,101.93246800469409,100.0,100.0,100.0,105.50173360688294,100.0,102.5679660499404
2023-07-20,Forward Fill,102.84637433985762,105.23487195453372,105.1591766626557,100.0,100.0,101.93246800469409,100.0,100.0,100.0,105.50173360688294,100.0,102.5679660499404
2023-07-21,Forward Fill,102.84637433985762,105.23487195453372,105.1591766626557,100.0,100.0,101.93246800469409,100.0,100.0,100.0,105.50173360688294,100.0,102.5679660499404
2023-07-22,Forward Fill,102.84637433985762,105.23487195453372,105.1591766626557,100.0,100.0,101.93246800469409,100.0,100.0,100.0,105.50173360688294,100.0,102.5679660499404
2023-07-23,Forward Fill,102.84637433985762,105.23487195453372,105.1591766626557,100.0,100.0,101.93246800469409,100.0,100.0,100.0,105.50173360688294,100.0,102.5679660499404
2023-07-24,Forward Fill,102.84637433985762,105.23487195453372,105.1591766626557,100.0,100.0,101.93246800469409,100.0,100.0,100.0,105.50173360688294,100.0,102.5679660499404
2023-07-25,Forward Fill,102.84637433985762,105.23487195453372,105.1591766626557,100.0,100.0,101.93246800469409,100.0,100.0,100.0,105.50173360688294,100.0,102.5679660499404
2023-07-26,Forward Fill,102.84637433985762,105.23487195453372,105.1591766626557,100.0,100.0,101.93246800469409,100.0,100.0,100.0,105.50173360688294,100.0,102.5679660499404
2023-07-27,Forward Fill,102.84637433985762,105.23487195453372,105.1591766626557,100.0,100.0,101.93246800469409,100.0,100.0,100.0,105.50173360688294,100.0,102.5679660499404
2023-07-28,Forward Fill,102.84637433985762,105.23487195453372,105.1591766626557,100.0,100.0,101.93246800469409,100.0,100.0,100.0,105.50173360688294,100.0,102.5679660499404
2023-07-29,Forward Fill,102.84637433985762,105.23487195453372,105.1591766626557,100.0,100.0,101.93246800469409,100.0,100.0,100.0,105.50173360688294,100.0,102.5679660499404
2023-07-30,Forward Fill,102.84637433985762,105.23487195453372,105.1591766626557,100.0,100.0,101.93246800469409,100.0,100.0,100.0,105.50173360688294,100.0,102.5679660499404
2023-07-31,Forward Fill,102.84637433985762,105.23487195453372,105.1591766626557,100.0,100.0,101.93246800469409,100.0,100.0,100.0,105.50173360688294,100.0,102.5679660499404
2023-08-01,Forward Fill,102.84637433985762,105.23487195453372,105.1591766626557,100.0,100.0,101.93246800469409,100.0,100.0,100.0,105.50173360688294,100.0,102.5679660499404
2023-08-02,Forward Fill,102.84637433985762,105.23487195453372,105.1591766626557,100.0,100.0,101.93246800469409,100.0,100.0,100.0,105.50173360688294,100.0,102.5679660499404
2023-08-03,Forward Fill,102.84637433985762,105.23487195453372,105.1591766626557,100.0,100.0,101.93246800469409,100.0,100.0,100.0,105.50173360688294,100.0,102.5679660499404
2023-08-04,Forward Fill,102.84637433985762,105.23487195453372,105.1591766626557,100.0,100.0,101.93246800469409,100.0,100.0,100.0,105.50173360688294,100.0,102.5679660499404
2023-08-05,Forward Fill,102.84637433985762,105.23487195453372,105.1591766626557,100.0,100.0,101.93246800469409,100.0,100.0,100.0,105.50173360688294,100.0,102.5679660499404
2023-08-06,Forward Fill,102.84637433985762,105.23487195453372,105.1591766626557,100.0,100.0,101.93246800469409,100.0,100.0,100.0,105.50173360688294,100.0,102.5679660499404
2023-08-07,Forward Fill,102.84637433985762,105.23487195453372,105.1591766626557,100.0,100.0,101.93246800469409,100.0,100.0,100.0,105.50173360688294,100.0,102.5679660499404
2023-08-08,Forward Fill,102.84637433985762,105.23487195453372,105.1591766626557,100.0,100.0,101.93246800469409,100.0,100.0,100.0,105.50173360688294,100.0,102.5679660499404
2023-08-09,Forward Fill,102.84637433985762,105.23487195453372,105.1591766626557,100.0,100.0,101.93246800469409,100.0,100.0,100.0,105.50173360688294,100.0,102.5679660499404
2023-08-10,Forward Fill,102.84637433985762,105.23487195453372,105.1591766626557,100.0,100.0,101.93246800469409,100.0,100.0,100.0,105.50173360688294,100.0,102.5679660499404
2023-08-11,Forward Fill,102.84637433985762,105.23487195453372,105.1591766626557,100.0,100.0,101.93246800469409,100.0,100.0,100.0,105.50173360688294,100.0,102.5679660499404
2023-08-12,Forward Fill,102.84637433985762,105.23487195453372,105.1591766626557,100.0,100.0,101.93246800469409,100.0,100.0,100.0,105.50173360688294,100.0,102.5679660499404
2023-08-13,Forward Fill,102.84637433985762,105.23487195453372,105.1591766626557,100.0,100.0,101.93246800469409,100.0,100.0,100.0,105.50173360688294,100.0,102.5679660499404
2023-08-14,Forward Fill,102.84637433985762,105.23487195453372,105.1591766626557,100.0,100.0,101.93246800469409,100.0,100.0,100.0,105.50173360688294,100.0,102.5679660499404
2023-08-15,Forward Fill,102.84637433985762,105.23487195453372,105.1591766626557,100.0,100.0,101.93246800469409,100.0,100.0,100.0,105.50173360688294,100.0,102.5679660499404
2023-08-16,Forward Fill,102.84637433985762,105.23487195453372,105.1591766626557,100.0,100.0,101.93246800469409,100.0,100.0,100.0,105.50173360688294,100.0,102.5679660499404
2023-08-17,Forward Fill,102.84637433985762,105.23487195453372,105.1591766626557,100.0,100.0,101.93246800469409,100.0,100.0,100.0,105.50173360688294,100.0,102.5679660499404
2023-08-18,Forward Fill,102.84637433985762,105.23487195453372,105.1591766626557,100.0,100.0,101.93246800469409,100.0,100.0,100.0,105.50173360688294,100.0,102.5679660499404
2023-08-19,Forward Fill,102.84637433985762,105.23487195453372,105.1591766626557,100.0,100.0,101.93246800469409,100.0,100.0,100.0,105.50173360688294,100.0,102.5679660499404
2023-08-20,Forward Fill,102.84637433985762,105.23487195453372,105.1591766626557,100.0,100.0,101.93246800469409,100.0,100.0,100.0,105.50173360688294,100.0,102.5679660499404
2023-08-21,Forward Fill,102.84637433985762,105.23487195453372,105.1591766626557,100.0,100.0,101.93246800469409,100.0,100.0,100.0,105.50173360688294,100.0,102.5679660499404
2023-08-22,Forward Fill,102.84637433985762,105.23487195453372,105.1591766626557,100.0,100.0,101.93246800469409,100.0,100.0,100.0,105.50173360688294,100.0,102.5679660499404
2023-08-23,Forward Fill,102.84637433985762,105.23487195453372,105.1591766626557,100.0,100.0,101.93246800469409,100.0,100.0,100.0,105.50173360688294,100.0,102.5679660499404
2023-08-24,Forward Fill,102.84637433985762,105.23487195453372,105.1591766626557,100.0,100.0,101.93246800469409,100.0,100.0,100.0,105.50173360688294,100.0,102.5679660499404
2023-08-25,Forward Fill,102.84637433985762,105.23487195453372,105.1591766626557,100.0,100.0,101.93246800469409,100.0,100.0,100.0,105.50173360688294,100.0,102.5679660499404
2023-08-26,Forward Fill,102.84637433985762,105.23487195453372,105.1591766626557,100.0,100.0,101.93246800469409,100.0,100.0,100.0,105.50173360688294,100.0,102.5679660499404
2023-08-27,Forward Fill,102.84637433985762,105.23487195453372,105.1591766626557,100.0,100.0,101.93246800469409,100.0,100.0,100.0,105.50173360688294,100.0,102.5679660499404
2023-08-28,Forward Fill,102.84637433985762,105.23487195453372,105.1591766626557,100.0,100.0,101.93246800469409,100.0,100.0,100.0,105.50173360688294,100.0,102.5679660499404
2023-08-29,Forward Fill,102.84637433985762,105.23487195453372,105.1591766626557,100.0,100.0,101.93246800469409,100.0,100.0,100.0,105.50173360688294,100.0,102.5679660499404
2023-08-30,Forward Fill,102.84637433985762,105.23487195453372,105.1591766626557,100.0,100.0,101.93246800469409,100.0,100.0,100.0,105.50173360688294,100.0,102.5679660499404
2023-08-31,Forward Fill,102.84637433985762,105.23487195453372,105.1591766626557,100.0,100.0,101.93246800469409,100.0,100.0,100.0,105.50173360688294,100.0,102.5679660499404
2023-09-01,Forward Fill,102.84637433985762,105.23487195453372,105.1591766626557,100.0,100.0,101.93246800469409,100.0,100.0,100.0,105.50173360688294,100.0,102.5679660499404
2023-09-02,Forward Fill,102.84637433985762,105.23487195453372,105.1591766626557,100.0,100.0,101.93246800469409,100.0,100.0,100.0,105.50173360688294,100.0,102.5679660499404
2023-09-03,Forward Fill,102.84637433985762,105.23487195453372,105.1591766626557,100.0,100.0,101.93246800469409,100.0,100.0,100.0,105.50173360688294,100.0,102.5679660499404
2023-09-04,Forward Fill,102.84637433985762,105.23487195453372,105.1591766626557,100.0,100.0,101.93246800469409,100.0,100.0,100.0,105.50173360688294,100.0,102.5679660499404
2023-09-05,Forward Fill,102.84637433985762,105.23487195453372,105.1591766626557,100.0,100.0,101.93246800469409,100.0,100.0,100.0,105.50173360688294,100.0,102.5679660499404
2023-09-06,Forward Fill,102.84637433985762,105.23487195453372,105.1591766626557,100.0,100.0,101.93246800469409,100.0,100.0,100.0,105.50173360688294,100.0,102.5679660499404
2023-09-07,Forward Fill,102.84637433985762,105.23487195453372,105.1591766626557,100.0,100.0,101.93246800469409,100.0,100.0,100.0,105.50173360688294,100.0,102.5679660499404
2023-09-08,Forward Fill,102.84637433985762,105.23487195453372,105.1591766626557,100.0,100.0,101.93246800469409,100.0,100.0,100.0,105.50173360688294,100.0,102.5679660499404
2023-09-09,Forward Fill,102.84637433985762,105.23487195453372,105.1591766626557,100.0,100.0,101.93246800469409,100.0,100.0,100.0,105.50173360688294,100.0,102.5679660499404
2023-09-10,Forward Fill,102.84637433985762,105.23487195453372,105.1591766626557,100.0,100.0,101.93246800469409,100.0,100.0,100.0,105.50173360688294,100.0,102.5679660499404
2023-09-11,Forward Fill,102.84637433985762,105.23487195453372,105.1591766626557,100.0,100.0,101.93246800469409,100.0,100.0,100.0,105.50173360688294,100.0,102.5679660499404
2023-09-12,Forward Fill,102.84637433985762,105.23487195453372,105.1591766626557,100.0,100.0,101.93246800469409,100.0,100.0,100.0,105.50173360688294,100.0,102.5679660499404
2023-09-13,Forward Fill,102.84637433985762,105.23487195453372,105.1591766626557,100.0,100.0,101.93246800469409,100.0,100.0,100.0,105.50173360688294,100.0,102.5679660499404
2023-09-14,Forward Fill,102.84637433985762,105.23487195453372,105.1591766626557,100.0,100.0,101.93246800469409,100.0,100.0,100.0,105.50173360688294,100.0,102.5679660499404
2023-09-15,Forward Fill,102.84637433985762,105.23487195453372,105.1591766626557,100.0,100.0,101.93246800469409,100.0,100.0,100.0,105.50173360688294,100.0,102.5679660499404
2023-09-16,Forward Fill,102.84637433985762,105.23487195453372,105.1591766626557,100.0,100.0,101.93246800469409,100.0,100.0,100.0,105.50173360688294,100.0,102.5679660499404
2023-09-17,Forward Fill,102.84637433985762,105.23487195453372,105.1591766626557,100.0,100.0,101.93246800469409,100.0,100.0,100.0,105.50173360688294,100.0,102.5679660499404
2023-09-18,Forward Fill,102.84637433985762,105.23487195453372,105.1591766626557,100.0,100.0,101.93246800469409,100.0,100.0,100.0,105.50173360688294,100.0,102.5679660499404
2023-09-19,Forward Fill,102.84637433985762,105.23487195453372,105.1591766626557,100.0,100.0,101.93246800469409,100.0,100.0,100.0,105.50173360688294,100.0,102.5679660499404
2023-09-20,Forward Fill,102.84637433985762,105.23487195453372,105.1591766626557,100.0,100.0,101.93246800469409,100.0,100.0,100.0,105.50173360688294,100.0,102.5679660499404
2023-09-21,Forward Fill,102.84637433985762,105.23487195453372,105.1591766626557,100.0,100.0,101.93246800469409,100.0,100.0,100.0,105.50173360688294,100.0,102.5679660499404
2023-09-22,Forward Fill,102.84637433985762,105.23487195453372,105.1591766626557,100.0,100.0,101.93246800469409,100.0,100.0,100.0,105.50173360688294,100.0,102.5679660499404
2023-09-23,Forward Fill,102.84637433985762,105.23487195453372,105.1591766626557,100.0,100.0,101.93246800469409,100.0,100.0,100.0,105.50173360688294,100.0,102.5679660499404
2023-09-24,Forward Fill,102.84637433985762,105.23487195453372,105.1591766626557,100.0,100.0,101.93246800469409,100.0,100.0,100.0,105.50173360688294,100.0,102.5679660499404
2023-09-25,Forward Fill,102.84637433985762,105.23487195453372,105.1591766626557,100.0,100.0,101.93246800469409,100.0,100.0,100.0,105.50173360688294,100.0,102.5679660499404
2023-09-26,Forward Fill,102.84637433985762,105.23487195453372,105.1591766626557,100.0,100.0,101.93246800469409,100.0,100.0,100.0,105.50173360688294,100.0,102.5679660499404
2023-09-27,Forward Fill,102.84637433985762,105.23487195453372,105.1591766626557,100.0,100.0,101.93246800469409,100.0,100.0,100.0,105.50173360688294,100.0,102.5679660499404
2023-09-28,Forward Fill,102.84637433985762,105.23487195453372,105.1591766626557,100.0,100.0,101.93246800469409,100.0,100.0,100.0,105.50173360688294,100.0,102.5679660499404
2023-09-29,Forward Fill,102.84637433985762,105.23487195453372,105.1591766626557,100.0,100.0,101.93246800469409,100.0,100.0,100.0,105.50173360688294,100.0,102.5679660499404
2023-09-30,Forward Fill,102.84637433985762,105.23487195453372,105.1591766626557,100.0,100.0,101.93246800469409,100.0,100.0,100.0,105.50173360688294,100.0,102.5679660499404
2023-10-01,Forward Fill,102.84637433985762,105.23487195453372,105.1591766626557,100.0,100.0,101.93246800469409,100.0,100.0,100.0,105.50173360688294,100.0,102.5679660499404
2023-10-02,Forward Fill,102.84637433985762,105.23487195453372,105.1591766626557,100.0,100.0,101.93246800469409,100.0,100.0,100.0,105.50173360688294,100.0,102.5679660499404
2023-10-03,Forward Fill,102.84637433985762,105.23487195453372,105.1591766626557,100.0,100.0,101.93246800469409,100.0,100.0,100.0,105.50173360688294,100.0,102.5679660499404
2023-10-04,Forward Fill,102.84637433985762,105.23487195453372,105.1591766626557,100.0,100.0,101.93246800469409,100.0,100.0,100.0,105.50173360688294,100.0,102.5679660499404
2023-10-05,Forward Fill,102.84637433985762,105.23487195453372,105.1591766626557,100.0,100.0,101.93246800469409,100.0,100.0,100.0,105.50173360688294,100.0,102.5679660499404
2023-10-06,Forward Fill,102.84637433985762,105.23487195453372,105.1591766626557,100.0,100.0,101.93246800469409,100.0,100.0,100.0,105.50173360688294,100.0,102.5679660499404
2023-10-07,Forward Fill,102.84637433985762,105.23487195453372,105.1591766626557,100.0,100.0,101.93246800469409,100.0,100.0,100.0,105.50173360688294,100.0,102.5679660499404
2023-10-08,Forward Fill,102.84637433985762,105.23487195453372,105.1591766626557,100.0,100.0,101.93246800469409,100.0,100.0,100.0,105.50173360688294,100.0,102.5679660499404
2023-10-09,Forward Fill,102.84637433985762,105.23487195453372,105.1591766626557,100.0,100.0,101.93246800469409,100.0,100.0,100.0,105.50173360688294,100.0,102.5679660499404
2023-10-10,Forward Fill,102.84637433985762,105.23487195453372,105.1591766626557,100.0,100.0,101.93246800469409,100.0,100.0,100.0,105.50173360688294,100.0,102.5679660499404
2023-10-11,Forward Fill,102.84637433985762,105.23487195453372,105.1591766626557,100.0,100.0,101.93246800469409,100.0,100.0,100.0,105.50173360688294,100.0,102.5679660499404
2023-10-12,Forward Fill,102.84637433985762,105.23487195453372,105.1591766626557,100.0,100.0,101.93246800469409,100.0,100.0,100.0,105.50173360688294,100.0,102.5679660499404
2023-10-13,Forward Fill,102.84637433985762,105.23487195453372,105.1591766626557,100.0,100.0,101.93246800469409,100.0,100.0,100.0,105.50173360688294,100.0,102.5679660499404
2023-10-14,Forward Fill,102.84637433985762,105.23487195453372,105.1591766626557,100.0,100.0,101.93246800469409,100.0,100.0,100.0,105.50173360688294,100.0,102.5679660499404
2023-10-15,Forward Fill,102.84637433985762,105.23487195453372,105.1591766626557,100.0,100.0,101.93246800469409,100.0,100.0,100.0,105.50173360688294,100.0,102.5679660499404
2023-10-16,Forward Fill,102.84637433985762,105.23487195453372,105.1591766626557,100.0,100.0,101.93246800469409,100.0,100.0,100.0,105.50173360688294,100.0,102.5679660499404
2023-10-17,Forward Fill,102.84637433985762,105.23487195453372,105.1591766626557,100.0,100.0,101.93246800469409,100.0,100.0,100.0,105.50173360688294,100.0,102.5679660499404
2023-10-18,Forward Fill,102.84637433985762,105.23487195453372,105.1591766626557,100.0,100.0,101.93246800469409,100.0,100.0,100.0,105.50173360688294,100.0,102.5679660499404
2023-10-19,Forward Fill,102.84637433985762,105.23487195453372,105.1591766626557,100.0,100.0,101.93246800469409,100.0,100.0,100.0,105.50173360688294,100.0,102.5679660499404
2023-10-20,Forward Fill,102.84637433985762,105.23487195453372,105.1591766626557,100.0,100.0,101.93246800469409,100.0,100.0,100.0,105.50173360688294,100.0,102.5679660499404
2023-10-21,Forward Fill,102.84637433985762,105.23487195453372,105.1591766626557,100.0,100.0,101.93246800469409,100.0,100.0,100.0,105.50173360688294,100.0,102.5679660499404
2023-10-22,Forward Fill,102.84637433985762,105.23487195453372,105.1591766626557,100.0,100.0,101.93246800469409,100.0,100.0,100.0,105.50173360688294,100.0,102.5679660499404
2023-10-23,Forward Fill,102.84637433985762,105.23487195453372,105.1591766626557,100.0,100.0,101.93246800469409,100.0,100.0,100.0,105.50173360688294,100.0,102.5679660499404
2023-10-24,Forward Fill,102.84637433985762,105.23487195453372,105.1591766626557,100.0,100.0,101.93246800469409,100.0,100.0,100.0,105.50173360688294,100.0,102.5679660499404
2023-10-25,Forward Fill,102.84637433985762,105.23487195453372,105.1591766626557,100.0,100.0,101.93246800469409,100.0,100.0,100.0,105.50173360688294,100.0,102.5679660499404
2023-10-26,Forward Fill,102.84637433985762,105.23487195453372,105.1591766626557,100.0,100.0,101.93246800469409,100.0,100.0,100.0,105.50173360688294,100.0,102.5679660499404
2023-10-27,Forward Fill,102.84637433985762,105.23487195453372,105.1591766626557,100.0,100.0,101.93246800469409,100.0,100.0,100.0,105.50173360688294,100.0,102.5679660499404
2023-10-28,Forward Fill,102.84637433985762,105.23487195453372,105.1591766626557,100.0,100.0,101.93246800469409,100.0,100.0,100.0,105.50173360688294,100.0,102.5679660499404
2023-10-29,Forward Fill,102.84637433985762,105.23487195453372,105.1591766626557,100.0,100.0,101.93246800469409,100.0,100.0,100.0,105.50173360688294,100.0,102.5679660499404
2023-10-30,Forward Fill,102.84637433985762,105.23487195453372,105.1591766626557,100.0,100.0,101.93246800469409,100.0,100.0,100.0,105.50173360688294,100.0,102.5679660499404
2023-10-31,Forward Fill,102.84637433985762,105.23487195453372,105.1591766626557,100.0,100.0,101.93246800469409,100.0,100.0,100.0,105.50173360688294,100.0,102.5679660499404
2023-11-01,Forward Fill,102.84637433985762,105.23487195453372,105.1591766626557,100.0,100.0,101.93246800469409,100.0,100.0,100.0,105.50173360688294,100.0,102.5679660499404
2023-11-02,Forward Fill,102.84637433985762,105.23487195453372,105.1591766626557,100.0,100.0,101.93246800469409,100.0,100.0,100.0,105.50173360688294,100.0,102.5679660499404
2023-11-03,Forward Fill,102.84637433985762,105.23487195453372,105.1591766626557,100.0,100.0,101.93246800469409,100.0,100.0,100.0,105.50173360688294,100.0,102.5679660499404
2023-11-04,Forward Fill,102.84637433985762,105.23487195453372,105.1591766626557,100.0,100.0,101.93246800469409,100.0,100.0,100.0,105.50173360688294,100.0,102.5679660499404
2023-11-05,Forward Fill,102.84637433985762,105.23487195453372,105.1591766626557,100.0,100.0,101.93246800469409,100.0,100.0,100.0,105.50173360688294,100.0,102.5679660499404
2023-11-06,Forward Fill,102.84637433985762,105.23487195453372,105.1591766626557,100.0,100.0,101.93246800469409,100.0,100.0,100.0,105.50173360688294,100.0,102.5679660499404
2023-11-07,Forward Fill,102.84637433985762,105.23487195453372,105.1591766626557,100.0,100.0,101.93246800469409,100.0,100.0,100.0,105.50173360688294,100.0,102.5679660499404
2023-11-08,Forward Fill,102.84637433985762,105.23487195453372,105.1591766626557,100.0,100.0,101.93246800469409,100.0,100.0,100.0,105.50173360688294,100.0,102.5679660499404
2023-11-09,Forward Fill,102.84637433985762,105.23487195453372,105.1591766626557,100.0,100.0,101.93246800469409,100.0,100.0,100.0,105.50173360688294,100.0,102.5679660499404
2023-11-10,Forward Fill,102.84637433985762,105.23487195453372,105.1591766626557,100.0,100.0,101.93246800469409,100.0,100.0,100.0,105.50173360688294,100.0,102.5679660499404
2023-11-11,Forward Fill,102.84637433985762,105.23487195453372,105.1591766626557,100.0,100.0,101.93246800469409,100.0,100.0,100.0,105.50173360688294,100.0,102.5679660499404
2023-11-12,Forward Fill,102.84637433985762,105.23487195453372,105.1591766626557,100.0,100.0,101.93246800469409,100.0,100.0,100.0,105.50173360688294,100.0,102.5679660499404
2023-11-13,Forward Fill,102.84637433985762,105.23487195453372,105.1591766626557,100.0,100.0,101.93246800469409,100.0,100.0,100.0,105.50173360688294,100.0,102.5679660499404
2023-11-14,Forward Fill,102.84637433985762,105.23487195453372,105.1591766626557,100.0,100.0,101.93246800469409,100.0,100.0,100.0,105.50173360688294,100.0,102.5679660499404
2023-11-15,Forward Fill,102.84637433985762,105.23487195453372,105.1591766626557,100.0,100.0,101.93246800469409,100.0,100.0,100.0,105.50173360688294,100.0,102.5679660499404
2023-11-16,Forward Fill,102.84637433985762,105.23487195453372,105.1591766626557,100.0,100.0,101.93246800469409,100.0,100.0,100.0,105.50173360688294,100.0,102.5679660499404
2023-11-17,Forward Fill,102.84637433985762,105.23487195453372,105.1591766626557,100.0,100.0,101.93246800469409,100.0,100.0,100.0,105.50173360688294,100.0,102.5679660499404
2023-11-18,Forward Fill,102.84637433985762,105.23487195453372,105.1591766626557,100.0,100.0,101.93246800469409,100.0,100.0,100.0,105.50173360688294,100.0,102.5679660499404
2023-11-19,Forward Fill,102.84637433985762,105.23487195453372,105.1591766626557,100.0,100.0,101.93246800469409,100.0,100.0,100.0,105.50173360688294,100.0,102.5679660499404
2023-11-20,Forward Fill,102.84637433985762,105.23487195453372,105.1591766626557,100.0,100.0,101.93246800469409,100.0,100.0,100.0,105.50173360688294,100.0,102.5679660499404
2023-11-21,Forward Fill,102.84637433985762,105.23487195453372,105.1591766626557,100.0,100.0,101.93246800469409,100.0,100.0,100.0,105.50173360688294,100.0,102.5679660499404
2023-11-22,Forward Fill,102.84637433985762,105.23487195453372,105.1591766626557,100.0,100.0,101.93246800469409,100.0,100.0,100.0,105.50173360688294,100.0,102.5679660499404
2023-11-23,Forward Fill,102.84637433985762,105.23487195453372,105.1591766626557,100.0,100.0,101.93246800469409,100.0,100.0,100.0,105.50173360688294,100.0,102.5679660499404
2023-11-24,Forward Fill,102.84637433985762,105.23487195453372,105.1591766626557,100.0,100.0,101.93246800469409,100.0,100.0,100.0,105.50173360688294,100.0,102.5679660499404
2023-11-25,Forward Fill,102.84637433985762,105.23487195453372,105.1591766626557,100.0,100.0,101.93246800469409,100.0,100.0,100.0,105.50173360688294,100.0,102.5679660499404
2023-11-26,Forward Fill,102.84637433985762,105.23487195453372,105.1591766626557,100.0,100.0,101.93246800469409,100.0,100.0,100.0,105.50173360688294,100.0,102.5679660499404
2023-11-27,Forward Fill,102.84637433985762,105.23487195453372,105.1591766626557,100.0,100.0,101.93246800469409,100.0,100.0,100.0,105.50173360688294,100.0,102.5679660499404
2023-11-28,Forward Fill,102.84637433985762,105.23487195453372,105.1591766626557,100.0,100.0,101.93246800469409,100.0,100.0,100.0,105.50173360688294,100.0,102.5679660499404
2023-11-29,Forward Fill,102.84637433985762,105.23487195453372,105.1591766626557,100.0,100.0,101.93246800469409,100.0,100.0,100.0,105.50173360688294,100.0,102.5679660499404
2023-11-30,Forward Fill,102.84637433985762,105.23487195453372,105.1591766626557,100.0,100.0,101.93246800469409,100.0,100.0,100.0,105.50173360688294,100.0,102.5679660499404
2023-12-01,Forward Fill,102.84637433985762,105.23487195453372,105.1591766626557,100.0,100.0,101.93246800469409,100.0,100.0,100.0,105.50173360688294,100.0,102.5679660499404
2023-12-02,Forward Fill,102.84637433985762,105.23487195453372,105.1591766626557,100.0,100.0,101.93246800469409,100.0,100.0,100.0,105.50173360688294,100.0,102.5679660499404
2023-12-03,Forward Fill,102.84637433985762,105.23487195453372,105.1591766626557,100.0,100.0,101.93246800469409,100.0,100.0,100.0,105.50173360688294,100.0,102.5679660499404
2023-12-04,Forward Fill,102.84637433985762,105.23487195453372,105.1591766626557,100.0,100.0,101.93246800469409,100.0,100.0,100.0,105.50173360688294,100.0,102.5679660499404
2023-12-05,Forward Fill,102.84637433985762,105.23487195453372,105.1591766626557,100.0,100.0,101.93246800469409,100.0,100.0,100.0,105.50173360688294,100.0,102.5679660499404
2023-12-06,Forward Fill,102.84637433985762,105.23487195453372,105.1591766626557,100.0,100.0,101.93246800469409,100.0,100.0,100.0,105.50173360688294,100.0,102.5679660499404
2023-12-07,Forward Fill,102.84637433985762,105.23487195453372,105.1591766626557,100.0,100.0,101.93246800469409,100.0,100.0,100.0,105.50173360688294,100.0,102.5679660499404
2023-12-08,Forward Fill,102.84637433985762,105.23487195453372,105.1591766626557,100.0,100.0,101.93246800469409,100.0,100.0,100.0,105.50173360688294,100.0,102.5679660499404
2023-12-09,Forward Fill,102.84637433985762,105.23487195453372,105.1591766626557,100.0,100.0,101.93246800469409,100.0,100.0,100.0,105.50173360688294,100.0,102.5679660499404
2023-12-10,Forward Fill,102.84637433985762,105.23487195453372,105.1591766626557,100.0,100.0,101.93246800469409,100.0,100.0,100.0,105.50173360688294,100.0,102.5679660499404
2023-12-11,Forward Fill,102.84637433985762,105.23487195453372,105.1591766626557,100.0,100.0,101.93246800469409,100.0,100.0,100.0,105.50173360688294,100.0,102.5679660499404
2023-12-12,Forward Fill,102.84637433985762,105.23487195453372,105.1591766626557,100.0,100.0,101.93246800469409,100.0,100.0,100.0,105.50173360688294,100.0,102.5679660499404
2023-12-13,Forward Fill,102.84637433985762,105.23487195453372,105.1591766626557,100.0,100.0,101.93246800469409,100.0,100.0,100.0,105.50173360688294,100.0,102.5679660499404
2023-12-14,Forward Fill,102.84637433985762,105.23487195453372,105.1591766626557,100.0,100.0,101.93246800469409,100.0,100.0,100.0,105.50173360688294,100.0,102.5679660499404
2023-12-15,Forward Fill,102.84637433985762,105.23487195453372,105.1591766626557,100.0,100.0,101.93246800469409,100.0,100.0,100.0,105.50173360688294,100.0,102.5679660499404
2023-12-16,Forward Fill,102.84637433985762,105.23487195453372,105.1591766626557,100.0,100.0,101.93246800469409,100.0,100.0,100.0,105.50173360688294,100.0,102.5679660499404
2023-12-17,Forward Fill,102.84637433985762,105.23487195453372,105.1591766626557,100.0,100.0,101.93246800469409,100.0,100.0,100.0,105.50173360688294,100.0,102.5679660499404
2023-12-18,Forward Fill,102.84637433985762,105.23487195453372,105.1591766626557,100.0,100.0,101.93246800469409,100.0,100.0,100.0,105.50173360688294,100.0,102.5679660499404
2023-12-19,Forward Fill,102.84637433985762,105.23487195453372,105.1591766626557,100.0,100.0,101.93246800469409,100.0,100.0,100.0,105.50173360688294,100.0,102.5679660499404
2023-12-20,Forward Fill,102.84637433985762,105.23487195453372,105.1591766626557,100.0,100.0,101.93246800469409,100.0,100.0,100.0,105.50173360688294,100.0,102.5679660499404
2023-12-21,Forward Fill,102.84637433985762,105.23487195453372,105.1591766626557,100.0,100.0,101.93246800469409,100.0,100.0,100.0,105.50173360688294,100.0,102.5679660499404
2023-12-22,Forward Fill,102.84637433985762,105.23487195453372,105.1591766626557,100.0,100.0,101.93246800469409,100.0,100.0,100.0,105.50173360688294,100.0,102.5679660499404
2023-12-23,Forward Fill,102.84637433985762,105.23487195453372,105.1591766626557,100.0,100.0,101.93246800469409,100.0,100.0,100.0,105.50173360688294,100.0,102.5679660499404
2023-12-24,Forward Fill,102.84637433985762,105.23487195453372,105.1591766626557,100.0,100.0,101.93246800469409,100.0,100.0,100.0,105.50173360688294,100.0,102.5679660499404
2023-12-25,Forward Fill,102.84637433985762,105.23487195453372,105.1591766626557,100.0,100.0,101.93246800469409,100.0,100.0,100.0,105.50173360688294,100.0,102.5679660499404
2023-12-26,Forward Fill,102.84637433985762,105.23487195453372,105.1591766626557,100.0,100.0,101.93246800469409,100.0,100.0,100.0,105.50173360688294,100.0,102.5679660499404
2023-12-27,Forward Fill,102.84637433985762,105.23487195453372,105.1591766626557,100.0,100.0,101.93246800469409,100.0,100.0,100.0,105.50173360688294,100.0,102.5679660499404
2023-12-28,Forward Fill,102.84637433985762,105.23487195453372,105.1591766626557,100.0,100.0,101.93246800469409,100.0,100.0,100.0,105.50173360688294,100.0,102.5679660499404
2023-12-29,Forward Fill,102.84637433985762,105.23487195453372,105.1591766626557,100.0,100.0,101.93246800469409,100.0,100.0,100.0,105.50173360688294,100.0,102.5679660499404
2023-12-30,Forward Fill,102.84637433985762,105.23487195453372,105.1591766626557,100.0,100.0,101.93246800469409,100.0,100.0,100.0,105.50173360688294,100.0,102.5679660499404
2023-12-31,Forward Fill,102.84637433985762,105.23487195453372,105.1591766626557,100.0,100.0,101.93246800469409,100.0,100.0,100.0,105.50173360688294,100.0,102.5679660499404
2024-01-01,Forward Fill,102.84637433985762,105.23487195453372,105.1591766626557,100.0,100.0,101.93246800469409,100.0,100.0,100.0,105.50173360688294,100.0,102.5679660499404
2024-01-02,Forward Fill,102.84637433985762,105.23487195453372,105.1591766626557,100.0,100.0,101.93246800469409,100.0,100.0,100.0,105.50173360688294,100.0,102.5679660499404
2024-01-03,Forward Fill,102.84637433985762,105.23487195453372,105.1591766626557,100.0,100.0,101.93246800469409,100.0,100.0,100.0,105.50173360688294,100.0,102.5679660499404
2024-01-04,Forward Fill,102.84637433985762,105.23487195453372,105.1591766626557,100.0,100.0,101.93246800469409,100.0,100.0,100.0,105.50173360688294,100.0,102.5679660499404
2024-01-05,Forward Fill,102.84637433985762,105.23487195453372,105.1591766626557,100.0,100.0,101.93246800469409,100.0,100.0,100.0,105.50173360688294,100.0,102.5679660499404
2024-01-06,Forward Fill,102.84637433985762,105.23487195453372,105.1591766626557,100.0,100.0,101.93246800469409,100.0,100.0,100.0,105.50173360688294,100.0,102.5679660499404
2024-01-07,Forward Fill,102.84637433985762,105.23487195453372,105.1591766626557,100.0,100.0,101.93246800469409,100.0,100.0,100.0,105.50173360688294,100.0,102.5679660499404
2024-01-08,Forward Fill,102.84637433985762,105.23487195453372,105.1591766626557,100.0,100.0,101.93246800469409,100.0,100.0,100.0,105.50173360688294,100.0,102.5679660499404
2024-01-09,Forward Fill,102.84637433985762,105.23487195453372,105.1591766626557,100.0,100.0,101.93246800469409,100.0,100.0,100.0,105.50173360688294,100.0,102.5679660499404
2024-01-10,Forward Fill,102.84637433985762,105.23487195453372,105.1591766626557,100.0,100.0,101.93246800469409,100.0,100.0,100.0,105.50173360688294,100.0,102.5679660499404
2024-01-11,Forward Fill,102.84637433985762,105.23487195453372,105.1591766626557,100.0,100.0,101.93246800469409,100.0,100.0,100.0,105.50173360688294,100.0,102.5679660499404
2024-01-12,Forward Fill,102.84637433985762,105.23487195453372,105.1591766626557,100.0,100.0,101.93246800469409,100.0,100.0,100.0,105.50173360688294,100.0,102.5679660499404
2024-01-13,Forward Fill,102.84637433985762,105.23487195453372,105.1591766626557,100.0,100.0,101.93246800469409,100.0,100.0,100.0,105.50173360688294,100.0,102.5679660499404
2024-01-14,Forward Fill,102.84637433985762,105.23487195453372,105.1591766626557,100.0,100.0,101.93246800469409,100.0,100.0,100.0,105.50173360688294,100.0,102.5679660499404
2024-01-15,Forward Fill,102.84637433985762,105.23487195453372,105.1591766626557,100.0,100.0,101.93246800469409,100.0,100.0,100.0,105.50173360688294,100.0,102.5679660499404
2024-01-16,Forward Fill,102.84637433985762,105.23487195453372,105.1591766626557,100.0,100.0,101.93246800469409,100.0,100.0,100.0,105.50173360688294,100.0,102.5679660499404
2024-01-17,Forward Fill,102.84637433985762,105.23487195453372,105.1591766626557,100.0,100.0,101.93246800469409,100.0,100.0,100.0,105.50173360688294,100.0,102.5679660499404
2024-01-18,Forward Fill,102.84637433985762,105.23487195453372,105.1591766626557,100.0,100.0,101.93246800469409,100.0,100.0,100.0,105.50173360688294,100.0,102.5679660499404
2024-01-19,Forward Fill,102.84637433985762,105.23487195453372,105.1591766626557,100.0,100.0,101.93246800469409,100.0,100.0,100.0,105.50173360688294,100.0,102.5679660499404
2024-01-20,Forward Fill,102.84637433985762,105.23487195453372,105.1591766626557,100.0,100.0,101.93246800469409,100.0,100.0,100.0,105.50173360688294,100.0,102.5679660499404
2024-01-21,Forward Fill,102.84637433985762,105.23487195453372,105.1591766626557,100.0,100.0,101.93246800469409,100.0,100.0,100.0,105.50173360688294,100.0,102.5679660499404
2024-01-22,Forward Fill,102.84637433985762,105.23487195453372,105.1591766626557,100.0,100.0,101.93246800469409,100.0,100.0,100.0,105.50173360688294,100.0,102.5679660499404
2024-01-23,Forward Fill,102.84637433985762,105.23487195453372,105.1591766626557,100.0,100.0,101.93246800469409,100.0,100.0,100.0,105.50173360688294,100.0,102.5679660499404
2024-01-24,Forward Fill,102.84637433985762,105.23487195453372,105.1591766626557,100.0,100.0,101.93246800469409,100.0,100.0,100.0,105.50173360688294,100.0,102.5679660499404
2024-01-25,Forward Fill,102.84637433985762,105.23487195453372,105.1591766626557,100.0,100.0,101.93246800469409,100.0,100.0,100.0,105.50173360688294,100.0,102.5679660499404
2024-01-26,Forward Fill,102.84637433985762,105.23487195453372,105.1591766626557,100.0,100.0,101.93246800469409,100.0,100.0,100.0,105.50173360688294,100.0,102.5679660499404
2024-01-27,Forward Fill,102.84637433985762,105.23487195453372,105.1591766626557,100.0,100.0,101.93246800469409,100.0,100.0,100.0,105.50173360688294,100.0,102.5679660499404
2024-01-28,Forward Fill,102.84637433985762,105.23487195453372,105.1591766626557,100.0,100.0,101.93246800469409,100.0,100.0,100.0,105.50173360688294,100.0,102.5679660499404
2024-01-29,Forward Fill,102.84637433985762,105.23487195453372,105.1591766626557,100.0,100.0,101.93246800469409,100.0,100.0,100.0,105.50173360688294,100.0,102.5679660499404
2024-01-30,Forward Fill,102.84637433985762,105.23487195453372,105.1591766626557,100.0,100.0,101.93246800469409,100.0,100.0,100.0,105.50173360688294,100.0,102.5679660499404
2024-01-31,Forward Fill,102.84637433985762,105.23487195453372,105.1591766626557,100.0,100.0,101.93246800469409,100.0,100.0,100.0,105.50173360688294,100.0,102.5679660499404
2024-02-01,Forward Fill,102.84637433985762,105.23487195453372,105.1591766626557,100.0,100.0,101.93246800469409,100.0,100.0,100.0,105.50173360688294,100.0,102.5679660499404
2024-02-02,Forward Fill,102.84637433985762,105.23487195453372,105.1591766626557,100.0,100.0,101.93246800469409,100.0,100.0,100.0,105.50173360688294,100.0,102.5679660499404
2024-02-03,Forward Fill,102.84637433985762,105.23487195453372,105.1591766626557,100.0,100.0,101.93246800469409,100.0,100.0,100.0,105.50173360688294,100.0,102.5679660499404
2024-02-04,Forward Fill,102.84637433985762,105.23487195453372,105.1591766626557,100.0,100.0,101.93246800469409,100.0,100.0,100.0,105.50173360688294,100.0,102.5679660499404
2024-02-05,Forward Fill,102.84637433985762,105.23487195453372,105.1591766626557,100.0,100.0,101.93246800469409,100.0,100.0,100.0,105.50173360688294,100.0,102.5679660499404
2024-02-06,Forward Fill,102.84637433985762,105.23487195453372,105.1591766626557,100.0,100.0,101.93246800469409,100.0,100.0,100.0,105.50173360688294,100.0,102.5679660499404
2024-02-07,Forward Fill,102.84637433985762,105.23487195453372,105.1591766626557,100.0,100.0,101.93246800469409,100.0,100.0,100.0,105.50173360688294,100.0,102.5679660499404
2024-02-08,Forward Fill,102.84637433985762,105.23487195453372,105.1591766626557,100.0,100.0,101.93246800469409,100.0,100.0,100.0,105.50173360688294,100.0,102.5679660499404
2024-02-09,Forward Fill,102.84637433985762,105.23487195453372,105.1591766626557,100.0,100.0,101.93246800469409,100.0,100.0,100.0,105.50173360688294,100.0,102.5679660499404
2024-02-10,Forward Fill,102.84637433985762,105.23487195453372,105.1591766626557,100.0,100.0,101.93246800469409,100.0,100.0,100.0,105.50173360688294,100.0,102.5679660499404
2024-02-11,Forward Fill,102.84637433985762,105.23487195453372,105.1591766626557,100.0,100.0,101.93246800469409,100.0,100.0,100.0,105.50173360688294,100.0,102.5679660499404
2024-02-12,Forward Fill,102.84637433985762,105.23487195453372,105.1591766626557,100.0,100.0,101.93246800469409,100.0,100.0,100.0,105.50173360688294,100.0,102.5679660499404
2024-02-13,Forward Fill,102.84637433985762,105.23487195453372,105.1591766626557,100.0,100.0,101.93246800469409,100.0,100.0,100.0,105.50173360688294,100.0,102.5679660499404
2024-02-14,Forward Fill,102.84637433985762,105.23487195453372,105.1591766626557,100.0,100.0,101.93246800469409,100.0,100.0,100.0,105.50173360688294,100.0,102.5679660499404
2024-02-15,Forward Fill,102.84637433985762,105.23487195453372,105.1591766626557,100.0,100.0,101.93246800469409,100.0,100.0,100.0,105.50173360688294,100.0,102.5679660499404
2024-02-16,Forward Fill,102.84637433985762,105.23487195453372,105.1591766626557,100.0,100.0,101.93246800469409,100.0,100.0,100.0,105.50173360688294,100.0,102.5679660499404
2024-02-17,Forward Fill,102.84637433985762,105.23487195453372,105.1591766626557,100.0,100.0,101.93246800469409,100.0,100.0,100.0,105.50173360688294,100.0,102.5679660499404
2024-02-18,Forward Fill,102.84637433985762,105.23487195453372,105.1591766626557,100.0,100.0,101.93246800469409,100.0,100.0,100.0,105.50173360688294,100.0,102.5679660499404
2024-02-19,Forward Fill,102.84637433985762,105.23487195453372,105.1591766626557,100.0,100.0,101.93246800469409,100.0,100.0,100.0,105.50173360688294,100.0,102.5679660499404
2024-02-20,Forward Fill,102.84637433985762,105.23487195453372,105.1591766626557,100.0,100.0,101.93246800469409,100.0,100.0,100.0,105.50173360688294,100.0,102.5679660499404
2024-02-21,Forward Fill,102.84637433985762,105.23487195453372,105.1591766626557,100.0,100.0,101.93246800469409,100.0,100.0,100.0,105.50173360688294,100.0,102.5679660499404
2024-02-22,Forward Fill,102.84637433985762,105.23487195453372,105.1591766626557,100.0,100.0,101.93246800469409,100.0,100.0,100.0,105.50173360688294,100.0,102.5679660499404
2024-02-23,Forward Fill,102.84637433985762,105.23487195453372,105.1591766626557,100.0,100.0,101.93246800469409,100.0,100.0,100.0,105.50173360688294,100.0,102.5679660499404
2024-02-24,Forward Fill,102.84637433985762,105.23487195453372,105.1591766626557,100.0,100.0,101.93246800469409,100.0,100.0,100.0,105.50173360688294,100.0,102.5679660499404
2024-02-25,Forward Fill,102.84637433985762,105.23487195453372,105.1591766626557,100.0,100.0,101.93246800469409,100.0,100.0,100.0,105.50173360688294,100.0,102.5679660499404
2024-02-26,Forward Fill,102.84637433985762,105.23487195453372,105.1591766626557,100.0,100.0,101.93246800469409,100.0,100.0,100.0,105.50173360688294,100.0,102.5679660499404
2024-02-27,Forward Fill,102.84637433985762,105.23487195453372,105.1591766626557,100.0,100.0,101.93246800469409,100.0,100.0,100.0,105.50173360688294,100.0,102.5679660499404
2024-02-28,Forward Fill,102.84637433985762,105.23487195453372,105.1591766626557,100.0,100.0,101.93246800469409,100.0,100.0,100.0,105.50173360688294,100.0,102.5679660499404
2024-02-29,Forward Fill,102.84637433985762,105.23487195453372,105.1591766626557,100.0,100.0,101.93246800469409,100.0,100.0,100.0,105.50173360688294,100.0,102.5679660499404
2024-03-01,Forward Fill,102.84637433985762,105.23487195453372,105.1591766626557,100.0,100.0,101.93246800469409,100.0,100.0,100.0,105.50173360688294,100.0,102.5679660499404
2024-03-02,Forward Fill,102.84637433985762,105.23487195453372,105.1591766626557,100.0,100.0,101.93246800469409,100.0,100.0,100.0,105.50173360688294,100.0,102.5679660499404
2024-03-03,Forward Fill,102.84637433985762,105.23487195453372,105.1591766626557,100.0,100.0,101.93246800469409,100.0,100.0,100.0,105.50173360688294,100.0,102.5679660499404
2024-03-04,Forward Fill,102.84637433985762,105.23487195453372,105.1591766626557,100.0,100.0,101.93246800469409,100.0,100.0,100.0,105.50173360688294,100.0,102.5679660499404
2024-03-05,Forward Fill,102.84637433985762,105.23487195453372,105.1591766626557,100.0,100.0,101.93246800469409,100.0,100.0,100.0,105.50173360688294,100.0,102.5679660499404
2024-03-06,Forward Fill,102.84637433985762,105.23487195453372,105.1591766626557,100.0,100.0,101.93246800469409,100.0,100.0,100.0,105.50173360688294,100.0,102.5679660499404
2024-03-07,Forward Fill,102.84637433985762,105.23487195453372,105.1591766626557,100.0,100.0,101.93246800469409,100.0,100.0,100.0,105.50173360688294,100.0,102.5679660499404
2024-03-08,Forward Fill,102.84637433985762,105.23487195453372,105.1591766626557,100.0,100.0,101.93246800469409,100.0,100.0,100.0,105.50173360688294,100.0,102.5679660499404
2024-03-09,Forward Fill,102.84637433985762,105.23487195453372,105.1591766626557,100.0,100.0,101.93246800469409,100.0,100.0,100.0,105.50173360688294,100.0,102.5679660499404
2024-03-10,Forward Fill,102.84637433985762,105.23487195453372,105.1591766626557,100.0,100.0,101.93246800469409,100.0,100.0,100.0,105.50173360688294,100.0,102.5679660499404
2024-03-11,Forward Fill,102.84637433985762,105.23487195453372,105.1591766626557,100.0,100.0,101.93246800469409,100.0,100.0,100.0,105.50173360688294,100.0,102.5679660499404
2024-03-12,Forward Fill,102.84637433985762,105.23487195453372,105.1591766626557,100.0,100.0,101.93246800469409,100.0,100.0,100.0,105.50173360688294,100.0,102.5679660499404
2024-03-13,Forward Fill,102.84637433985762,105.23487195453372,105.1591766626557,100.0,100.0,101.93246800469409,100.0,100.0,100.0,105.50173360688294,100.0,102.5679660499404
2024-03-14,Forward Fill,102.84637433985762,105.23487195453372,105.1591766626557,100.0,100.0,101.93246800469409,100.0,100.0,100.0,105.50173360688294,100.0,102.5679660499404
2024-03-15,Forward Fill,102.84637433985762,105.23487195453372,105.1591766626557,100.0,100.0,101.93246800469409,100.0,100.0,100.0,105.50173360688294,100.0,102.5679660499404
2024-03-16,Forward Fill,102.84637433985762,105.23487195453372,105.1591766626557,100.0,100.0,101.93246800469409,100.0,100.0,100.0,105.50173360688294,100.0,102.5679660499404
2024-03-17,Forward Fill,102.84637433985762,105.23487195453372,105.1591766626557,100.0,100.0,101.93246800469409,100.0,100.0,100.0,105.50173360688294,100.0,102.5679660499404
2024-03-18,Forward Fill,102.84637433985762,105.23487195453372,105.1591766626557,100.0,100.0,101.93246800469409,100.0,100.0,100.0,105.50173360688294,100.0,102.5679660499404
2024-03-19,Forward Fill,102.84637433985762,105.23487195453372,105.1591766626557,100.0,100.0,101.93246800469409,100.0,100.0,100.0,105.50173360688294,100.0,102.5679660499404
2024-03-20,Forward Fill,102.84637433985762,105.23487195453372,105.1591766626557,100.0,100.0,101.93246800469409,100.0,100.0,100.0,105.50173360688294,100.0,102.5679660499404
2024-03-21,Forward Fill,102.84637433985762,105.23487195453372,105.1591766626557,100.0,100.0,101.93246800469409,100.0,100.0,100.0,105.50173360688294,100.0,102.5679660499404
2024-03-22,Forward Fill,102.84637433985762,105.23487195453372,105.1591766626557,100.0,100.0,101.93246800469409,100.0,100.0,100.0,105.50173360688294,100.0,102.5679660499404
2024-03-23,Forward Fill,102.84637433985762,105.23487195453372,105.1591766626557,100.0,100.0,101.93246800469409,100.0,100.0,100.0,105.50173360688294,100.0,102.5679660499404
2024-03-24,Forward Fill,102.84637433985762,105.23487195453372,105.1591766626557,100.0,100.0,101.93246800469409,100.0,100.0,100.0,105.50173360688294,100.0,102.5679660499404
2024-03-25,Forward Fill,102.84637433985762,105.23487195453372,105.1591766626557,100.0,100.0,101.93246800469409,100.0,100.0,100.0,105.50173360688294,100.0,102.5679660499404
2024-03-26,Forward Fill,102.84637433985762,105.23487195453372,105.1591766626557,100.0,100.0,101.93246800469409,100.0,100.0,100.0,105.50173360688294,100.0,102.5679660499404
2024-03-27,Forward Fill,102.84637433985762,105.23487195453372,105.1591766626557,100.0,100.0,101.93246800469409,100.0,100.0,100.0,105.50173360688294,100.0,102.5679660499404
2024-03-28,Forward Fill,102.84637433985762,105.23487195453372,105.1591766626557,100.0,100.0,101.93246800469409,100.0,100.0,100.0,105.50173360688294,100.0,102.5679660499404
2024-03-29,Forward Fill,102.84637433985762,105.23487195453372,105.1591766626557,100.0,100.0,101.93246800469409,100.0,100.0,100.0,105.50173360688294,100.0,102.5679660499404
2024-03-30,Forward Fill,102.84637433985762,105.23487195453372,105.1591766626557,100.0,100.0,101.93246800469409,100.0,100.0,100.0,105.50173360688294,100.0,102.5679660499404
2024-03-31,Forward Fill,102.84637433985762,105.23487195453372,105.1591766626557,100.0,100.0,101.93246800469409,100.0,100.0,100.0,105.50173360688294,100.0,102.5679660499404
2024-04-01,Forward Fill,102.84637433985762,105.23487195453372,105.1591766626557,100.0,100.0,101.93246800469409,100.0,100.0,100.0,105.50173360688294,100.0,102.5679660499404
2024-04-02,Forward Fill,102.84637433985762,105.23487195453372,105.1591766626557,100.0,100.0,101.93246800469409,100.0,100.0,100.0,105.50173360688294,100.0,102.5679660499404
2024-04-03,Forward Fill,102.84637433985762,105.23487195453372,105.1591766626557,100.0,100.0,101.93246800469409,100.0,100.0,100.0,105.50173360688294,100.0,102.5679660499404
2024-04-04,Forward Fill,102.84637433985762,105.23487195453372,105.1591766626557,100.0,100.0,101.93246800469409,100.0,100.0,100.0,105.50173360688294,100.0,102.5679660499404
2024-04-05,Forward Fill,102.84637433985762,105.23487195453372,105.1591766626557,100.0,100.0,101.93246800469409,100.0,100.0,100.0,105.50173360688294,100.0,102.5679660499404
2024-04-06,Forward Fill,102.84637433985762,105.23487195453372,105.1591766626557,100.0,100.0,101.93246800469409,100.0,100.0,100.0,105.50173360688294,100.0,102.5679660499404
2024-04-07,Forward Fill,102.84637433985762,105.23487195453372,105.1591766626557,100.0,100.0,101.93246800469409,100.0,100.0,100.0,105.50173360688294,100.0,102.5679660499404
2024-04-08,Forward Fill,102.84637433985762,105.23487195453372,105.1591766626557,100.0,100.0,101.93246800469409,100.0,100.0,100.0,105.50173360688294,100.0,102.5679660499404
2024-04-09,Forward Fill,102.84637433985762,105.23487195453372,105.1591766626557,100.0,100.0,101.93246800469409,100.0,100.0,100.0,105.50173360688294,100.0,102.5679660499404
2024-04-10,Forward Fill,102.84637433985762,105.23487195453372,105.1591766626557,100.0,100.0,101.93246800469409,100.0,100.0,100.0,105.50173360688294,100.0,102.5679660499404
2024-04-11,Forward Fill,102.84637433985762,105.23487195453372,105.1591766626557,100.0,100.0,101.93246800469409,100.0,100.0,100.0,105.50173360688294,100.0,102.5679660499404
2024-04-12,Forward Fill,102.84637433985762,105.23487195453372,105.1591766626557,100.0,100.0,101.93246800469409,100.0,100.0,100.0,105.50173360688294,100.0,102.5679660499404
2024-04-13,Forward Fill,102.84637433985762,105.23487195453372,105.1591766626557,100.0,100.0,101.93246800469409,100.0,100.0,100.0,105.50173360688294,100.0,102.5679660499404
2024-04-14,Forward Fill,102.84637433985762,105.23487195453372,105.1591766626557,100.0,100.0,101.93246800469409,100.0,100.0,100.0,105.50173360688294,100.0,102.5679660499404
2024-04-15,Forward Fill,102.84637433985762,105.23487195453372,105.1591766626557,100.0,100.0,101.93246800469409,100.0,100.0,100.0,105.50173360688294,100.0,102.5679660499404
2024-04-16,Forward Fill,102.84637433985762,105.23487195453372,105.1591766626557,100.0,100.0,101.93246800469409,100.0,100.0,100.0,105.50173360688294,100.0,102.5679660499404
2024-04-17,Forward Fill,102.84637433985762,105.23487195453372,105.1591766626557,100.0,100.0,101.93246800469409,100.0,100.0,100.0,105.50173360688294,100.0,102.5679660499404
2024-04-18,Forward Fill,102.84637433985762,105.23487195453372,105.1591766626557,100.0,100.0,101.93246800469409,100.0,100.0,100.0,105.50173360688294,100.0,102.5679660499404
2024-04-19,Forward Fill,102.84637433985762,105.23487195453372,105.1591766626557,100.0,100.0,101.93246800469409,100.0,100.0,100.0,105.50173360688294,100.0,102.5679660499404
2024-04-20,Forward Fill,102.84637433985762,105.23487195453372,105.1591766626557,100.0,100.0,101.93246800469409,100.0,100.0,100.0,105.50173360688294,100.0,102.5679660499404
2024-04-21,Forward Fill,102.84637433985762,105.23487195453372,105.1591766626557,100.0,100.0,101.93246800469409,100.0,100.0,100.0,105.50173360688294,100.0,102.5679660499404
2024-04-22,Forward Fill,102.84637433985762,105.23487195453372,105.1591766626557,100.0,100.0,101.93246800469409,100.0,100.0,100.0,105.50173360688294,100.0,102.5679660499404
2024-04-23,Forward Fill,102.84637433985762,105.23487195453372,105.1591766626557,100.0,100.0,101.93246800469409,100.0,100.0,100.0,105.50173360688294,100.0,102.5679660499404
2024-04-24,Forward Fill,102.84637433985762,105.23487195453372,105.1591766626557,100.0,100.0,101.93246800469409,100.0,100.0,100.0,105.50173360688294,100.0,102.5679660499404
2024-04-25,Forward Fill,102.84637433985762,105.23487195453372,105.1591766626557,100.0,100.0,101.93246800469409,100.0,100.0,100.0,105.50173360688294,100.0,102.5679660499404
2024-04-26,Forward Fill,102.84637433985762,105.23487195453372,105.1591766626557,100.0,100.0,101.93246800469409,100.0,100.0,100.0,105.50173360688294,100.0,102.5679660499404
2024-04-27,Forward Fill,102.84637433985762,105.23487195453372,105.1591766626557,100.0,100.0,101.93246800469409,100.0,100.0,100.0,105.50173360688294,100.0,102.5679660499404
2024-04-28,Forward Fill,102.84637433985762,105.23487195453372,105.1591766626557,100.0,100.0,101.93246800469409,100.0,100.0,100.0,105.50173360688294,100.0,102.5679660499404
2024-04-29,Forward Fill,102.84637433985762,105.23487195453372,105.1591766626557,100.0,100.0,101.93246800469409,100.0,100.0,100.0,105.50173360688294,100.0,102.5679660499404
2024-04-30,Forward Fill,102.84637433985762,105.23487195453372,105.1591766626557,100.0,100.0,101.93246800469409,100.0,100.0,100.0,105.50173360688294,100.0,102.5679660499404
2024-05-01,Forward Fill,102.84637433985762,105.23487195453372,105.1591766626557,100.0,100.0,101.93246800469409,100.0,100.0,100.0,105.50173360688294,100.0,102.5679660499404
2024-05-02,Forward Fill,102.84637433985762,105.23487195453372,105.1591766626557,100.0,100.0,101.93246800469409,100.0,100.0,100.0,105.50173360688294,100.0,102.5679660499404
2024-05-03,Forward Fill,102.84637433985762,105.23487195453372,105.1591766626557,100.0,100.0,101.93246800469409,100.0,100.0,100.0,105.50173360688294,100.0,102.5679660499404
2024-05-04,Forward Fill,102.84637433985762,105.23487195453372,105.1591766626557,100.0,100.0,101.93246800469409,100.0,100.0,100.0,105.50173360688294,100.0,102.5679660499404
2024-05-05,Forward Fill,102.84637433985762,105.23487195453372,105.1591766626557,100.0,100.0,101.93246800469409,100.0,100.0,100.0,105.50173360688294,100.0,102.5679660499404
2024-05-06,Forward Fill,102.84637433985762,105.23487195453372,105.1591766626557,100.0,100.0,101.93246800469409,100.0,100.0,100.0,105.50173360688294,100.0,102.5679660499404
2024-05-07,Forward Fill,102.84637433985762,105.23487195453372,105.1591766626557,100.0,100.0,101.93246800469409,100.0,100.0,100.0,105.50173360688294,100.0,102.5679660499404
2024-05-08,Forward Fill,102.84637433985762,105.23487195453372,105.1591766626557,100.0,100.0,101.93246800469409,100.0,100.0,100.0,105.50173360688294,100.0,102.5679660499404
2024-05-09,Forward Fill,102.84637433985762,105.23487195453372,105.1591766626557,100.0,100.0,101.93246800469409,100.0,100.0,100.0,105.50173360688294,100.0,102.5679660499404
2024-05-10,Forward Fill,102.84637433985762,105.23487195453372,105.1591766626557,100.0,100.0,101.93246800469409,100.0,100.0,100.0,105.50173360688294,100.0,102.5679660499404
2024-05-11,Forward Fill,102.84637433985762,105.23487195453372,105.1591766626557,100.0,100.0,101.93246800469409,100.0,100.0,100.0,105.50173360688294,100.0,102.5679660499404
2024-05-12,Forward Fill,102.84637433985762,105.23487195453372,105.1591766626557,100.0,100.0,101.93246800469409,100.0,100.0,100.0,105.50173360688294,100.0,102.5679660499404
2024-05-13,Forward Fill,102.84637433985762,105.23487195453372,105.1591766626557,100.0,100.0,101.93246800469409,100.0,100.0,100.0,105.50173360688294,100.0,102.5679660499404
2024-05-14,Forward Fill,102.84637433985762,105.23487195453372,105.1591766626557,100.0,100.0,101.93246800469409,100.0,100.0,100.0,105.50173360688294,100.0,102.5679660499404
2024-05-15,Forward Fill,102.84637433985762,105.23487195453372,105.1591766626557,100.0,100.0,101.93246800469409,100.0,100.0,100.0,105.50173360688294,100.0,102.5679660499404
2024-05-16,Forward Fill,102.84637433985762,105.23487195453372,105.1591766626557,100.0,100.0,101.93246800469409,100.0,100.0,100.0,105.50173360688294,100.0,102.5679660499404
2024-05-17,Forward Fill,102.84637433985762,105.23487195453372,105.1591766626557,100.0,100.0,101.93246800469409,100.0,100.0,100.0,105.50173360688294,100.0,102.5679660499404
2024-05-18,Forward Fill,102.84637433985762,105.23487195453372,105.1591766626557,100.0,100.0,101.93246800469409,100.0,100.0,100.0,105.50173360688294,100.0,102.5679660499404
2024-05-19,Forward Fill,102.84637433985762,105.23487195453372,105.1591766626557,100.0,100.0,101.93246800469409,100.0,100.0,100.0,105.50173360688294,100.0,102.5679660499404
2024-05-20,Forward Fill,102.84637433985762,105.23487195453372,105.1591766626557,100.0,100.0,101.93246800469409,100.0,100.0,100.0,105.50173360688294,100.0,102.5679660499404
2024-05-21,Forward Fill,102.84637433985762,105.23487195453372,105.1591766626557,100.0,100.0,101.93246800469409,100.0,100.0,100.0,105.50173360688294,100.0,102.5679660499404
2024-05-22,Forward Fill,102.84637433985762,105.23487195453372,105.1591766626557,100.0,100.0,101.93246800469409,100.0,100.0,100.0,105.50173360688294,100.0,102.5679660499404
2024-05-23,Forward Fill,102.84637433985762,105.23487195453372,105.1591766626557,100.0,100.0,101.93246800469409,100.0,100.0,100.0,105.50173360688294,100.0,102.5679660499404
2024-05-24,Forward Fill,102.84637433985762,105.23487195453372,105.1591766626557,100.0,100.0,101.93246800469409,100.0,100.0,100.0,105.50173360688294,100.0,102.5679660499404
2024-05-25,Forward Fill,102.84637433985762,105.23487195453372,105.1591766626557,100.0,100.0,101.93246800469409,100.0,100.0,100.0,105.50173360688294,100.0,102.5679660499404
2024-05-26,Forward Fill,102.84637433985762,105.23487195453372,105.1591766626557,100.0,100.0,101.93246800469409,100.0,100.0,100.0,105.50173360688294,100.0,102.5679660499404
2024-05-27,Forward Fill,102.84637433985762,105.23487195453372,105.1591766626557,100.0,100.0,101.93246800469409,100.0,100.0,100.0,105.50173360688294,100.0,102.5679660499404
2024-05-28,Forward Fill,102.84637433985762,105.23487195453372,105.1591766626557,100.0,100.0,101.93246800469409,100.0,100.0,100.0,105.50173360688294,100.0,102.5679660499404
2024-05-29,Forward Fill,102.84637433985762,105.23487195453372,105.1591766626557,100.0,100.0,101.93246800469409,100.0,100.0,100.0,105.50173360688294,100.0,102.5679660499404
2024-05-30,Forward Fill,102.84637433985762,105.23487195453372,105.1591766626557,100.0,100.0,101.93246800469409,100.0,100.0,100.0,105.50173360688294,100.0,102.5679660499404
2024-05-31,Forward Fill,102.84637433985762,105.23487195453372,105.1591766626557,100.0,100.0,101.93246800469409,100.0,100.0,100.0,105.50173360688294,100.0,102.5679660499404
2024-06-01,Forward Fill,102.84637433985762,105.23487195453372,105.1591766626557,100.0,100.0,101.93246800469409,100.0,100.0,100.0,105.50173360688294,100.0,102.5679660499404
2024-06-02,Forward Fill,102.84637433985762,105.23487195453372,105.1591766626557,100.0,100.0,101.93246800469409,100.0,100.0,100.0,105.50173360688294,100.0,102.5679660499404
2024-06-03,Forward Fill,102.84637433985762,105.23487195453372,105.1591766626557,100.0,100.0,101.93246800469409,100.0,100.0,100.0,105.50173360688294,100.0,102.5679660499404
2024-06-04,Forward Fill,102.84637433985762,105.23487195453372,105.1591766626557,100.0,100.0,101.93246800469409,100.0,100.0,100.0,105.50173360688294,100.0,102.5679660499404
2024-06-05,Forward Fill,102.84637433985762,105.23487195453372,105.1591766626557,100.0,100.0,101.93246800469409,100.0,100.0,100.0,105.50173360688294,100.0,102.5679660499404
2024-06-06,Forward Fill,102.84637433985762,105.23487195453372,105.1591766626557,100.0,100.0,101.93246800469409,100.0,100.0,100.0,105.50173360688294,100.0,102.5679660499404
2024-06-07,Forward Fill,102.84637433985762,105.23487195453372,105.1591766626557,100.0,100.0,101.93246800469409,100.0,100.0,100.0,105.50173360688294,100.0,102.5679660499404
2024-06-08,Forward Fill,102.84637433985762,105.23487195453372,105.1591766626557,100.0,100.0,101.93246800469409,100.0,100.0,100.0,105.50173360688294,100.0,102.5679660499404
2024-06-09,Forward Fill,102.84637433985762,105.23487195453372,105.1591766626557,100.0,100.0,101.93246800469409,100.0,100.0,100.0,105.50173360688294,100.0,102.5679660499404
2024-06-10,Forward Fill,102.84637433985762,105.23487195453372,105.1591766626557,100.0,100.0,101.93246800469409,100.0,100.0,100.0,105.50173360688294,100.0,102.5679660499404
2024-06-11,Forward Fill,102.84637433985762,105.23487195453372,105.1591766626557,100.0,100.0,101.93246800469409,100.0,100.0,100.0,105.50173360688294,100.0,102.5679660499404
2024-06-12,Forward Fill,102.84637433985762,105.23487195453372,105.1591766626557,100.0,100.0,101.93246800469409,100.0,100.0,100.0,105.50173360688294,100.0,102.5679660499404
2024-06-13,Forward Fill,102.84637433985762,105.23487195453372,105.1591766626557,100.0,100.0,101.93246800469409,100.0,100.0,100.0,105.50173360688294,100.0,102.5679660499404
2024-06-14,Forward Fill,102.84637433985762,105.23487195453372,105.1591766626557,100.0,100.0,101.93246800469409,100.0,100.0,100.0,105.50173360688294,100.0,102.5679660499404
2024-06-15,Forward Fill,102.84637433985762,105.23487195453372,105.1591766626557,100.0,100.0,101.93246800469409,100.0,100.0,100.0,105.50173360688294,100.0,102.5679660499404
2024-06-16,Forward Fill,102.84637433985762,105.23487195453372,105.1591766626557,100.0,100.0,101.93246800469409,100.0,100.0,100.0,105.50173360688294,100.0,102.5679660499404
2024-06-17,Forward Fill,102.84637433985762,105.23487195453372,105.1591766626557,100.0,100.0,101.93246800469409,100.0,100.0,100.0,105.50173360688294,100.0,102.5679660499404
2024-06-18,Forward Fill,102.84637433985762,105.23487195453372,105.1591766626557,100.0,100.0,101.93246800469409,100.0,100.0,100.0,105.50173360688294,100.0,102.5679660499404
2024-06-19,Forward Fill,102.84637433985762,105.23487195453372,105.1591766626557,100.0,100.0,101.93246800469409,100.0,100.0,100.0,105.50173360688294,100.0,102.5679660499404
2024-06-20,Forward Fill,102.84637433985762,105.23487195453372,105.1591766626557,100.0,100.0,101.93246800469409,100.0,100.0,100.0,105.50173360688294,100.0,102.5679660499404
2024-06-21,Forward Fill,102.84637433985762,105.23487195453372,105.1591766626557,100.0,100.0,101.93246800469409,100.0,100.0,100.0,105.50173360688294,100.0,102.5679660499404
2024-06-22,Forward Fill,102.84637433985762,105.23487195453372,105.1591766626557,100.0,100.0,101.93246800469409,100.0,100.0,100.0,105.50173360688294,100.0,102.5679660499404
2024-06-23,Forward Fill,102.84637433985762,105.23487195453372,105.1591766626557,100.0,100.0,101.93246800469409,100.0,100.0,100.0,105.50173360688294,100.0,102.5679660499404
2024-06-24,Forward Fill,102.84637433985762,105.23487195453372,105.1591766626557,100.0,100.0,101.93246800469409,100.0,100.0,100.0,105.50173360688294,100.0,102.5679660499404
2024-06-25,Forward Fill,102.84637433985762,105.23487195453372,105.1591766626557,100.0,100.0,101.93246800469409,100.0,100.0,100.0,105.50173360688294,100.0,102.5679660499404
2024-06-26,Forward Fill,102.84637433985762,105.23487195453372,105.1591766626557,100.0,100.0,101.93246800469409,100.0,100.0,100.0,105.50173360688294,100.0,102.5679660499404
2024-06-27,Forward Fill,102.84637433985762,105.23487195453372,105.1591766626557,100.0,100.0,101.93246800469409,100.0,100.0,100.0,105.50173360688294,100.0,102.5679660499404
2024-06-28,Forward Fill,102.84637433985762,105.23487195453372,105.1591766626557,100.0,100.0,101.93246800469409,100.0,100.0,100.0,105.50173360688294,100.0,102.5679660499404
2024-06-29,Forward Fill,102.84637433985762,105.23487195453372,105.1591766626557,100.0,100.0,101.93246800469409,100.0,100.0,100.0,105.50173360688294,100.0,102.5679660499404
2024-06-30,Forward Fill,102.84637433985762,105.23487195453372,105.1591766626557,100.0,100.0,101.93246800469409,100.0,100.0,100.0,105.50173360688294,100.0,102.5679660499404
2024-07-01,Forward Fill,102.84637433985762,105.23487195453372,105.1591766626557,100.0,100.0,101.93246800469409,100.0,100.0,100.0,105.50173360688294,100.0,102.5679660499404
2024-07-02,Forward Fill,102.84637433985762,105.23487195453372,105.1591766626557,100.0,100.0,101.93246800469409,100.0,100.0,100.0,105.50173360688294,100.0,102.5679660499404
2024-07-03,Forward Fill,102.84637433985762,105.23487195453372,105.1591766626557,100.0,100.0,101.93246800469409,100.0,100.0,100.0,105.50173360688294,100.0,102.5679660499404
2024-07-04,Forward Fill,102.84637433985762,105.23487195453372,105.1591766626557,100.0,100.0,101.93246800469409,100.0,100.0,100.0,105.50173360688294,100.0,102.5679660499404
2024-07-05,Forward Fill,102.84637433985762,105.23487195453372,105.1591766626557,100.0,100.0,101.93246800469409,100.0,100.0,100.0,105.50173360688294,100.0,102.5679660499404
2024-07-06,Forward Fill,102.84637433985762,105.23487195453372,105.1591766626557,100.0,100.0,101.93246800469409,100.0,100.0,100.0,105.50173360688294,100.0,102.5679660499404
2024-07-07,Forward Fill,102.84637433985762,105.23487195453372,105.1591766626557,100.0,100.0,101.93246800469409,100.0,100.0,100.0,105.50173360688294,100.0,102.5679660499404
2024-07-08,Forward Fill,102.84637433985762,105.23487195453372,105.1591766626557,100.0,100.0,101.93246800469409,100.0,100.0,100.0,105.50173360688294,100.0,102.5679660499404
2024-07-09,Forward Fill,102.84637433985762,105.23487195453372,105.1591766626557,100.0,100.0,101.93246800469409,100.0,100.0,100.0,105.50173360688294,100.0,102.5679660499404
2024-07-10,Forward Fill,102.84637433985762,105.23487195453372,105.1591766626557,100.0,100.0,101.93246800469409,100.0,100.0,100.0,105.50173360688294,100.0,102.5679660499404
2024-07-11,Forward Fill,102.84637433985762,105.23487195453372,105.1591766626557,100.0,100.0,101.93246800469409,100.0,100.0,100.0,105.50173360688294,100.0,102.5679660499404
2024-07-12,Forward Fill,102.84637433985762,105.23487195453372,105.1591766626557,100.0,100.0,101.93246800469409,100.0,100.0,100.0,105.50173360688294,100.0,102.5679660499404
2024-07-13,Forward Fill,102.84637433985762,105.23487195453372,105.1591766626557,100.0,100.0,101.93246800469409,100.0,100.0,100.0,105.50173360688294,100.0,102.5679660499404
2024-07-14,Forward Fill,102.84637433985762,105.23487195453372,105.1591766626557,100.0,100.0,101.93246800469409,100.0,100.0,100.0,105.50173360688294,100.0,102.5679660499404
2024-07-15,Forward Fill,102.84637433985762,105.23487195453372,105.1591766626557,100.0,100.0,101.93246800469409,100.0,100.0,100.0,105.50173360688294,100.0,102.5679660499404
2024-07-16,Forward Fill,102.84637433985762,105.23487195453372,105.1591766626557,100.0,100.0,101.93246800469409,100.0,100.0,100.0,105.50173360688294,100.0,102.5679660499404
2024-07-17,Forward Fill,102.84637433985762,105.23487195453372,105.1591766626557,100.0,100.0,101.93246800469409,100.0,100.0,100.0,105.50173360688294,100.0,102.5679660499404
2024-07-18,Forward Fill,102.84637433985762,105.23487195453372,105.1591766626557,100.0,100.0,101.93246800469409,100.0,100.0,100.0,105.50173360688294,100.0,102.5679660499404
2024-07-19,Forward Fill,102.84637433985762,105.23487195453372,105.1591766626557,100.0,100.0,101.93246800469409,100.0,100.0,100.0,105.50173360688294,100.0,102.5679660499404
2024-07-20,Forward Fill,102.84637433985762,105.23487195453372,105.1591766626557,100.0,100.0,101.93246800469409,100.0,100.0,100.0,105.50173360688294,100.0,102.5679660499404
2024-07-21,Forward Fill,102.84637433985762,105.23487195453372,105.1591766626557,100.0,100.0,101.93246800469409,100.0,100.0,100.0,105.50173360688294,100.0,102.5679660499404
2024-07-22,Forward Fill,102.84637433985762,105.23487195453372,105.1591766626557,100.0,100.0,101.93246800469409,100.0,100.0,100.0,105.50173360688294,100.0,102.5679660499404
2024-07-23,Forward Fill,102.84637433985762,105.23487195453372,105.1591766626557,100.0,100.0,101.93246800469409,100.0,100.0,100.0,105.50173360688294,100.0,102.5679660499404
2024-07-24,Forward Fill,102.84637433985762,105.23487195453372,105.1591766626557,100.0,100.0,101.93246800469409,100.0,100.0,100.0,105.50173360688294,100.0,102.5679660499404
2024-07-25,Forward Fill,102.84637433985762,105.23487195453372,105.1591766626557,100.0,100.0,101.93246800469409,100.0,100.0,100.0,105.50173360688294,100.0,102.5679660499404
2024-07-26,Forward Fill,102.84637433985762,105.23487195453372,105.1591766626557,100.0,100.0,101.93246800469409,100.0,100.0,100.0,105.50173360688294,100.0,102.5679660499404
2024-07-27,Forward Fill,102.84637433985762,105.23487195453372,105.1591766626557,100.0,100.0,101.93246800469409,100.0,100.0,100.0,105.50173360688294,100.0,102.5679660499404
2024-07-28,Forward Fill,102.84637433985762,105.23487195453372,105.1591766626557,100.0,100.0,101.93246800469409,100.0,100.0,100.0,105.50173360688294,100.0,102.5679660499404
2024-07-29,Forward Fill,102.84637433985762,105.23487195453372,105.1591766626557,100.0,100.0,101.93246800469409,100.0,100.0,100.0,105.50173360688294,100.0,102.5679660499404
2024-07-30,Forward Fill,102.84637433985762,105.23487195453372,105.1591766626557,100.0,100.0,101.93246800469409,100.0,100.0,100.0,105.50173360688294,100.0,102.5679660499404
2024-07-31,Forward Fill,102.84637433985762,105.23487195453372,105.1591766626557,100.0,100.0,101.93246800469409,100.0,100.0,100.0,105.50173360688294,100.0,102.5679660499404
2024-08-01,Forward Fill,102.84637433985762,105.23487195453372,105.1591766626557,100.0,100.0,101.93246800469409,100.0,100.0,100.0,105.50173360688294,100.0,102.5679660499404
2024-08-02,Forward Fill,102.84637433985762,105.23487195453372,105.1591766626557,100.0,100.0,101.93246800469409,100.0,100.0,100.0,105.50173360688294,100.0,102.5679660499404
2024-08-03,Forward Fill,102.84637433985762,105.23487195453372,105.1591766626557,100.0,100.0,101.93246800469409,100.0,100.0,100.0,105.50173360688294,100.0,102.5679660499404
2024-08-04,Forward Fill,102.84637433985762,105.23487195453372,105.1591766626557,100.0,100.0,101.93246800469409,100.0,100.0,100.0,105.50173360688294,100.0,102.5679660499404
2024-08-05,Forward Fill,102.84637433985762,105.23487195453372,105.1591766626557,100.0,100.0,101.93246800469409,100.0,100.0,100.0,105.50173360688294,100.0,102.5679660499404
2024-08-06,Forward Fill,102.84637433985762,105.23487195453372,105.1591766626557,100.0,100.0,101.93246800469409,100.0,100.0,100.0,105.50173360688294,100.0,102.5679660499404
2024-08-07,Forward Fill,102.84637433985762,105.23487195453372,105.1591766626557,100.0,100.0,101.93246800469409,100.0,100.0,100.0,105.50173360688294,100.0,102.5679660499404
2024-08-08,Forward Fill,102.84637433985762,105.23487195453372,105.1591766626557,100.0,100.0,101.93246800469409,100.0,100.0,100.0,105.50173360688294,100.0,102.5679660499404
2024-08-09,Forward Fill,102.84637433985762,105.23487195453372,105.1591766626557,100.0,100.0,101.93246800469409,100.0,100.0,100.0,105.50173360688294,100.0,102.5679660499404
2024-08-10,Forward Fill,102.84637433985762,105.23487195453372,105.1591766626557,100.0,100.0,101.93246800469409,100.0,100.0,100.0,105.50173360688294,100.0,102.5679660499404
2024-08-11,Forward Fill,102.84637433985762,105.23487195453372,105.1591766626557,100.0,100.0,101.93246800469409,100.0,100.0,100.0,105.50173360688294,100.0,102.5679660499404
2024-08-12,Forward Fill,102.84637433985762,105.23487195453372,105.1591766626557,100.0,100.0,101.93246800469409,100.0,100.0,100.0,105.50173360688294,100.0,102.5679660499404
2024-08-13,Forward Fill,102.84637433985762,105.23487195453372,105.1591766626557,100.0,100.0,101.93246800469409,100.0,100.0,100.0,105.50173360688294,100.0,102.5679660499404
2024-08-14,Forward Fill,102.84637433985762,105.23487195453372,105.1591766626557,100.0,100.0,101.93246800469409,100.0,100.0,100.0,105.50173360688294,100.0,102.5679660499404
2024-08-15,Forward Fill,102.84637433985762,105.23487195453372,105.1591766626557,100.0,100.0,101.93246800469409,100.0,100.0,100.0,105.50173360688294,100.0,102.5679660499404
2024-08-16,Forward Fill,102.84637433985762,105.23487195453372,105.1591766626557,100.0,100.0,101.93246800469409,100.0,100.0,100.0,105.50173360688294,100.0,102.5679660499404
2024-08-17,Forward Fill,102.84637433985762,105.23487195453372,105.1591766626557,100.0,100.0,101.93246800469409,100.0,100.0,100.0,105.50173360688294,100.0,102.5679660499404
2024-08-18,Forward Fill,102.84637433985762,105.23487195453372,105.1591766626557,100.0,100.0,101.93246800469409,100.0,100.0,100.0,105.50173360688294,100.0,102.5679660499404
2024-08-19,Forward Fill,102.84637433985762,105.23487195453372,105.1591766626557,100.0,100.0,101.93246800469409,100.0,100.0,100.0,105.50173360688294,100.0,102.5679660499404
2024-08-20,Forward Fill,102.84637433985762,105.23487195453372,105.1591766626557,100.0,100.0,101.93246800469409,100.0,100.0,100.0,105.50173360688294,100.0,102.5679660499404
2024-08-21,Forward Fill,102.84637433985762,105.23487195453372,105.1591766626557,100.0,100.0,101.93246800469409,100.0,100.0,100.0,105.50173360688294,100.0,102.5679660499404
2024-08-22,Forward Fill,102.84637433985762,105.23487195453372,105.1591766626557,100.0,100.0,101.93246800469409,100.0,100.0,100.0,105.50173360688294,100.0,102.5679660499404
2024-08-23,Forward Fill,102.84637433985762,105.23487195453372,105.1591766626557,100.0,100.0,101.93246800469409,100.0,100.0,100.0,105.50173360688294,100.0,102.5679660499404
2024-08-24,Forward Fill,102.84637433985762,105.23487195453372,105.1591766626557,100.0,100.0,101.93246800469409,100.0,100.0,100.0,105.50173360688294,100.0,102.5679660499404
2024-08-25,Forward Fill,102.84637433985762,105.23487195453372,105.1591766626557,100.0,100.0,101.93246800469409,100.0,100.0,100.0,105.50173360688294,100.0,102.5679660499404
2024-08-26,Forward Fill,102.84637433985762,105.23487195453372,105.1591766626557,100.0,100.0,101.93246800469409,100.0,100.0,100.0,105.50173360688294,100.0,102.5679660499404
2024-08-27,Forward Fill,102.84637433985762,105.23487195453372,105.1591766626557,100.0,100.0,101.93246800469409,100.0,100.0,100.0,105.50173360688294,100.0,102.5679660499404
2024-08-28,Forward Fill,102.84637433985762,105.23487195453372,105.1591766626557,100.0,100.0,101.93246800469409,100.0,100.0,100.0,105.50173360688294,100.0,102.5679660499404
2024-08-29,Forward Fill,102.84637433985762,105.23487195453372,105.1591766626557,100.0,100.0,101.93246800469409,100.0,100.0,100.0,105.50173360688294,100.0,102.5679660499404
2024-08-30,Forward Fill,102.84637433985762,105.23487195453372,105.1591766626557,100.0,100.0,101.93246800469409,100.0,100.0,100.0,105.50173360688294,100.0,102.5679660499404
2024-08-31,Forward Fill,102.84637433985762,105.23487195453372,105.1591766626557,100.0,100.0,101.93246800469409,100.0,100.0,100.0,105.50173360688294,100.0,102.5679660499404
2024-09-01,Forward Fill,102.84637433985762,105.23487195453372,105.1591766626557,100.0,100.0,101.93246800469409,100.0,100.0,100.0,105.50173360688294,100.0,102.5679660499404
2024-09-02,Forward Fill,102.84637433985762,105.23487195453372,105.1591766626557,100.0,100.0,101.93246800469409,100.0,100.0,100.0,105.50173360688294,100.0,102.5679660499404
2024-09-03,Forward Fill,102.84637433985762,105.23487195453372,105.1591766626557,100.0,100.0,101.93246800469409,100.0,100.0,100.0,105.50173360688294,100.0,102.5679660499404
2024-09-04,Forward Fill,102.84637433985762,105.23487195453372,105.1591766626557,100.0,100.0,101.93246800469409,100.0,100.0,100.0,105.50173360688294,100.0,102.5679660499404
2024-09-05,Forward Fill,102.84637433985762,105.23487195453372,105.1591766626557,100.0,100.0,101.93246800469409,100.0,100.0,100.0,105.50173360688294,100.0,102.5679660499404
2024-09-06,Forward Fill,102.84637433985762,105.23487195453372,105.1591766626557,100.0,100.0,101.93246800469409,100.0,100.0,100.0,105.50173360688294,100.0,102.5679660499404
2024-09-07,Forward Fill,102.84637433985762,105.23487195453372,105.1591766626557,100.0,100.0,101.93246800469409,100.0,100.0,100.0,105.50173360688294,100.0,102.5679660499404
2024-09-08,Forward Fill,102.84637433985762,105.23487195453372,105.1591766626557,100.0,100.0,101.93246800469409,100.0,100.0,100.0,105.50173360688294,100.0,102.5679660499404
2024-09-09,Forward Fill,102.84637433985762,105.23487195453372,105.1591766626557,100.0,100.0,101.93246800469409,100.0,100.0,100.0,105.50173360688294,100.0,102.5679660499404
2024-09-10,Forward Fill,102.84637433985762,105.23487195453372,105.1591766626557,100.0,100.0,101.93246800469409,100.0,100.0,100.0,105.50173360688294,100.0,102.5679660499404
2024-09-11,Forward Fill,102.84637433985762,105.23487195453372,105.1591766626557,100.0,100.0,101.93246800469409,100.0,100.0,100.0,105.50173360688294,100.0,102.5679660499404
2024-09-12,Forward Fill,102.84637433985762,105.23487195453372,105.1591766626557,100.0,100.0,101.93246800469409,100.0,100.0,100.0,105.50173360688294,100.0,102.5679660499404
2024-09-13,Forward Fill,102.84637433985762,105.23487195453372,105.1591766626557,100.0,100.0,101.93246800469409,100.0,100.0,100.0,105.50173360688294,100.0,102.5679660499404
2024-09-14,Forward Fill,102.84637433985762,105.23487195453372,105.1591766626557,100.0,100.0,101.93246800469409,100.0,100.0,100.0,105.50173360688294,100.0,102.5679660499404
2024-09-15,Forward Fill,102.84637433985762,105.23487195453372,105.1591766626557,100.0,100.0,101.93246800469409,100.0,100.0,100.0,105.50173360688294,100.0,102.5679660499404
2024-09-16,Forward Fill,102.84637433985762,105.23487195453372,105.1591766626557,100.0,100.0,101.93246800469409,100.0,100.0,100.0,105.50173360688294,100.0,102.5679660499404
2024-09-17,Forward Fill,102.84637433985762,105.23487195453372,105.1591766626557,100.0,100.0,101.93246800469409,100.0,100.0,100.0,105.50173360688294,100.0,102.5679660499404
2024-09-18,Forward Fill,102.84637433985762,105.23487195453372,105.1591766626557,100.0,100.0,101.93246800469409,100.0,100.0,100.0,105.50173360688294,100.0,102.5679660499404
2024-09-19,Forward Fill,102.84637433985762,105.23487195453372,105.1591766626557,100.0,100.0,101.93246800469409,100.0,100.0,100.0,105.50173360688294,100.0,102.5679660499404
2024-09-20,Forward Fill,102.84637433985762,105.23487195453372,105.1591766626557,100.0,100.0,101.93246800469409,100.0,100.0,100.0,105.50173360688294,100.0,102.5679660499404
2024-09-21,Forward Fill,102.84637433985762,105.23487195453372,105.1591766626557,100.0,100.0,101.93246800469409,100.0,100.0,100.0,105.50173360688294,100.0,102.5679660499404
2024-09-22,Forward Fill,102.84637433985762,105.23487195453372,105.1591766626557,100.0,100.0,101.93246800469409,100.0,100.0,100.0,105.50173360688294,100.0,102.5679660499404
2024-09-23,Forward Fill,102.84637433985762,105.23487195453372,105.1591766626557,100.0,100.0,101.93246800469409,100.0,100.0,100.0,105.50173360688294,100.0,102.5679660499404
2024-09-24,Forward Fill,102.84637433985762,105.23487195453372,105.1591766626557,100.0,100.0,101.93246800469409,100.0,100.0,100.0,105.50173360688294,100.0,102.5679660499404
2024-09-25,Forward Fill,102.84637433985762,105.23487195453372,105.1591766626557,100.0,100.0,101.93246800469409,100.0,100.0,100.0,105.50173360688294,100.0,102.5679660499404
2024-09-26,Forward Fill,102.84637433985762,105.23487195453372,105.1591766626557,100.0,100.0,101.93246800469409,100.0,100.0,100.0,105.50173360688294,100.0,102.5679660499404
2024-09-27,Forward Fill,102.84637433985762,105.23487195453372,105.1591766626557,100.0,100.0,101.93246800469409,100.0,100.0,100.0,105.50173360688294,100.0,102.5679660499404
2024-09-28,Forward Fill,102.84637433985762,105.23487195453372,105.1591766626557,100.0,100.0,101.93246800469409,100.0,100.0,100.0,105.50173360688294,100.0,102.5679660499404
2024-09-29,Forward Fill,102.84637433985762,105.23487195453372,105.1591766626557,100.0,100.0,101.93246800469409,100.0,100.0,100.0,105.50173360688294,100.0,102.5679660499404
2024-09-30,Forward Fill,102.84637433985762,105.23487195453372,105.1591766626557,100.0,100.0,101.93246800469409,100.0,100.0,100.0,105.50173360688294,100.0,102.5679660499404
2024-10-01,Forward Fill,102.84637433985762,105.23487195453372,105.1591766626557,100.0,100.0,101.93246800469409,100.0,100.0,100.0,105.50173360688294,100.0,102.5679660499404
2024-10-02,Forward Fill,102.84637433985762,105.23487195453372,105.1591766626557,100.0,100.0,101.93246800469409,100.0,100.0,100.0,105.50173360688294,100.0,102.5679660499404
2024-10-03,Forward Fill,102.84637433985762,105.23487195453372,105.1591766626557,100.0,100.0,101.93246800469409,100.0,100.0,100.0,105.50173360688294,100.0,102.5679660499404
2024-10-04,Forward Fill,102.84637433985762,105.23487195453372,105.1591766626557,100.0,100.0,101.93246800469409,100.0,100.0,100.0,105.50173360688294,100.0,102.5679660499404
2024-10-05,Forward Fill,102.84637433985762,105.23487195453372,105.1591766626557,100.0,100.0,101.93246800469409,100.0,100.0,100.0,105.50173360688294,100.0,102.5679660499404
2024-10-06,Forward Fill,102.84637433985762,105.23487195453372,105.1591766626557,100.0,100.0,101.93246800469409,100.0,100.0,100.0,105.50173360688294,100.0,102.5679660499404
2024-10-07,Forward Fill,102.84637433985762,105.23487195453372,105.1591766626557,100.0,100.0,101.93246800469409,100.0,100.0,100.0,105.50173360688294,100.0,102.5679660499404
2024-10-08,Forward Fill,102.84637433985762,105.23487195453372,105.1591766626557,100.0,100.0,101.93246800469409,100.0,100.0,100.0,105.50173360688294,100.0,102.5679660499404
2024-10-09,Forward Fill,102.84637433985762,105.23487195453372,105.1591766626557,100.0,100.0,101.93246800469409,100.0,100.0,100.0,105.50173360688294,100.0,102.5679660499404
2024-10-10,Forward Fill,102.84637433985762,105.23487195453372,105.1591766626557,100.0,100.0,101.93246800469409,100.0,100.0,100.0,105.50173360688294,100.0,102.5679660499404
2024-10-11,Forward Fill,102.84637433985762,105.23487195453372,105.1591766626557,100.0,100.0,101.93246800469409,100.0,100.0,100.0,105.50173360688294,100.0,102.5679660499404
2024-10-12,Forward Fill,102.84637433985762,105.23487195453372,105.1591766626557,100.0,100.0,101.93246800469409,100.0,100.0,100.0,105.50173360688294,100.0,102.5679660499404
2024-10-13,Forward Fill,102.84637433985762,105.23487195453372,105.1591766626557,100.0,100.0,101.93246800469409,100.0,100.0,100.0,105.50173360688294,100.0,102.5679660499404
2024-10-14,Forward Fill,102.84637433985762,105.23487195453372,105.1591766626557,100.0,100.0,101.93246800469409,100.0,100.0,100.0,105.50173360688294,100.0,102.5679660499404
2024-10-15,Forward Fill,102.84637433985762,105.23487195453372,105.1591766626557,100.0,100.0,101.93246800469409,100.0,100.0,100.0,105.50173360688294,100.0,102.5679660499404
2024-10-16,Forward Fill,102.84637433985762,105.23487195453372,105.1591766626557,100.0,100.0,101.93246800469409,100.0,100.0,100.0,105.50173360688294,100.0,102.5679660499404
2024-10-17,Forward Fill,102.84637433985762,105.23487195453372,105.1591766626557,100.0,100.0,101.93246800469409,100.0,100.0,100.0,105.50173360688294,100.0,102.5679660499404
2024-10-18,Forward Fill,102.84637433985762,105.23487195453372,105.1591766626557,100.0,100.0,101.93246800469409,100.0,100.0,100.0,105.50173360688294,100.0,102.5679660499404
2024-10-19,Forward Fill,102.84637433985762,105.23487195453372,105.1591766626557,100.0,100.0,101.93246800469409,100.0,100.0,100.0,105.50173360688294,100.0,102.5679660499404
2024-10-20,Forward Fill,102.84637433985762,105.23487195453372,105.1591766626557,100.0,100.0,101.93246800469409,100.0,100.0,100.0,105.50173360688294,100.0,102.5679660499404
2024-10-21,Forward Fill,102.84637433985762,105.23487195453372,105.1591766626557,100.0,100.0,101.93246800469409,100.0,100.0,100.0,105.50173360688294,100.0,102.5679660499404
2024-10-22,Forward Fill,102.84637433985762,105.23487195453372,105.1591766626557,100.0,100.0,101.93246800469409,100.0,100.0,100.0,105.50173360688294,100.0,102.5679660499404
2024-10-23,Forward Fill,102.84637433985762,105.23487195453372,105.1591766626557,100.0,100.0,101.93246800469409,100.0,100.0,100.0,105.50173360688294,100.0,102.5679660499404
2024-10-24,Forward Fill,102.84637433985762,105.23487195453372,105.1591766626557,100.0,100.0,101.93246800469409,100.0,100.0,100.0,105.50173360688294,100.0,102.5679660499404
2024-10-25,Forward Fill,102.84637433985762,105.23487195453372,105.1591766626557,100.0,100.0,101.93246800469409,100.0,100.0,100.0,105.50173360688294,100.0,102.5679660499404
2024-10-26,Forward Fill,102.84637433985762,105.23487195453372,105.1591766626557,100.0,100.0,101.93246800469409,100.0,100.0,100.0,105.50173360688294,100.0,102.5679660499404
2024-10-27,Forward Fill,102.84637433985762,105.23487195453372,105.1591766626557,100.0,100.0,101.93246800469409,100.0,100.0,100.0,105.50173360688294,100.0,102.5679660499404
2024-10-28,Forward Fill,102.84637433985762,105.23487195453372,105.1591766626557,100.0,100.0,101.93246800469409,100.0,100.0,100.0,105.50173360688294,100.0,102.5679660499404
2024-10-29,Forward Fill,102.84637433985762,105.23487195453372,105.1591766626557,100.0,100.0,101.93246800469409,100.0,100.0,100.0,105.50173360688294,100.0,102.5679660499404
2024-10-30,Forward Fill,102.84637433985762,105.23487195453372,105.1591766626557,100.0,100.0,101.93246800469409,100.0,100.0,100.0,105.50173360688294,100.0,102.5679660499404
2024-10-31,Forward Fill,102.84637433985762,105.23487195453372,105.1591766626557,100.0,100.0,101.93246800469409,100.0,100.0,100.0,105.50173360688294,100.0,102.5679660499404
2024-11-01,Forward Fill,102.84637433985762,105.23487195453372,105.1591766626557,100.0,100.0,101.93246800469409,100.0,100.0,100.0,105.50173360688294,100.0,102.5679660499404
2024-11-02,Forward Fill,102.84637433985762,105.23487195453372,105.1591766626557,100.0,100.0,101.93246800469409,100.0,100.0,100.0,105.50173360688294,100.0,102.5679660499404
2024-11-03,Forward Fill,102.84637433985762,105.23487195453372,105.1591766626557,100.0,100.0,101.93246800469409,100.0,100.0,100.0,105.50173360688294,100.0,102.5679660499404
2024-11-04,Forward Fill,102.84637433985762,105.23487195453372,105.1591766626557,100.0,100.0,101.93246800469409,100.0,100.0,100.0,105.50173360688294,100.0,102.5679660499404
2024-11-05,Forward Fill,102.84637433985762,105.23487195453372,105.1591766626557,100.0,100.0,101.93246800469409,100.0,100.0,100.0,105.50173360688294,100.0,102.5679660499404
2024-11-06,Forward Fill,102.84637433985762,105.23487195453372,105.1591766626557,100.0,100.0,101.93246800469409,100.0,100.0,100.0,105.50173360688294,100.0,102.5679660499404
2024-11-07,Forward Fill,102.84637433985762,105.23487195453372,105.1591766626557,100.0,100.0,101.93246800469409,100.0,100.0,100.0,105.50173360688294,100.0,102.5679660499404
2024-11-08,Forward Fill,102.84637433985762,105.23487195453372,105.1591766626557,100.0,100.0,101.93246800469409,100.0,100.0,100.0,105.50173360688294,100.0,102.5679660499404
2024-11-09,Forward Fill,102.84637433985762,105.23487195453372,105.1591766626557,100.0,100.0,101.93246800469409,100.0,100.0,100.0,105.50173360688294,100.0,102.5679660499404
2024-11-10,Forward Fill,102.84637433985762,105.23487195453372,105.1591766626557,100.0,100.0,101.93246800469409,100.0,100.0,100.0,105.50173360688294,100.0,102.5679660499404
2024-11-11,Forward Fill,102.84637433985762,105.23487195453372,105.1591766626557,100.0,100.0,101.93246800469409,100.0,100.0,100.0,105.50173360688294,100.0,102.5679660499404
2024-11-12,Forward Fill,102.84637433985762,105.23487195453372,105.1591766626557,100.0,100.0,101.93246800469409,100.0,100.0,100.0,105.50173360688294,100.0,102.5679660499404
2024-11-13,Forward Fill,102.84637433985762,105.23487195453372,105.1591766626557,100.0,100.0,101.93246800469409,100.0,100.0,100.0,105.50173360688294,100.0,102.5679660499404
2024-11-14,Forward Fill,102.84637433985762,105.23487195453372,105.1591766626557,100.0,100.0,101.93246800469409,100.0,100.0,100.0,105.50173360688294,100.0,102.5679660499404
2024-11-15,Forward Fill,102.84637433985762,105.23487195453372,105.1591766626557,100.0,100.0,101.93246800469409,100.0,100.0,100.0,105.50173360688294,100.0,102.5679660499404
2024-11-16,Forward Fill,102.84637433985762,105.23487195453372,105.1591766626557,100.0,100.0,101.93246800469409,100.0,100.0,100.0,105.50173360688294,100.0,102.5679660499404
2024-11-17,Forward Fill,102.84637433985762,105.23487195453372,105.1591766626557,100.0,100.0,101.93246800469409,100.0,100.0,100.0,105.50173360688294,100.0,102.5679660499404
2024-11-18,Forward Fill,102.84637433985762,105.23487195453372,105.1591766626557,100.0,100.0,101.93246800469409,100.0,100.0,100.0,105.50173360688294,100.0,102.5679660499404
2024-11-19,Forward Fill,102.84637433985762,105.23487195453372,105.1591766626557,100.0,100.0,101.93246800469409,100.0,100.0,100.0,105.50173360688294,100.0,102.5679660499404
2024-11-20,Forward Fill,102.84637433985762,105.23487195453372,105.1591766626557,100.0,100.0,101.93246800469409,100.0,100.0,100.0,105.50173360688294,100.0,102.5679660499404
2024-11-21,Forward Fill,102.84637433985762,105.23487195453372,105.1591766626557,100.0,100.0,101.93246800469409,100.0,100.0,100.0,105.50173360688294,100.0,102.5679660499404
2024-11-22,Forward Fill,102.84637433985762,105.23487195453372,105.1591766626557,100.0,100.0,101.93246800469409,100.0,100.0,100.0,105.50173360688294,100.0,102.5679660499404
2024-11-23,Forward Fill,102.84637433985762,105.23487195453372,105.1591766626557,100.0,100.0,101.93246800469409,100.0,100.0,100.0,105.50173360688294,100.0,102.5679660499404
2024-11-24,Forward Fill,102.84637433985762,105.23487195453372,105.1591766626557,100.0,100.0,101.93246800469409,100.0,100.0,100.0,105.50173360688294,100.0,102.5679660499404
2024-11-25,Forward Fill,102.84637433985762,105.23487195453372,105.1591766626557,100.0,100.0,101.93246800469409,100.0,100.0,100.0,105.50173360688294,100.0,102.5679660499404
2024-11-26,Forward Fill,102.84637433985762,105.23487195453372,105.1591766626557,100.0,100.0,101.93246800469409,100.0,100.0,100.0,105.50173360688294,100.0,102.5679660499404
2024-11-27,Forward Fill,102.84637433985762,105.23487195453372,105.1591766626557,100.0,100.0,101.93246800469409,100.0,100.0,100.0,105.50173360688294,100.0,102.5679660499404
2024-11-28,Forward Fill,102.84637433985762,105.23487195453372,105.1591766626557,100.0,100.0,101.93246800469409,100.0,100.0,100.0,105.50173360688294,100.0,102.5679660499404
2024-11-29,Forward Fill,102.84637433985762,105.23487195453372,105.1591766626557,100.0,100.0,101.93246800469409,100.0,100.0,100.0,105.50173360688294,100.0,102.5679660499404
2024-11-30,Forward Fill,102.84637433985762,105.23487195453372,105.1591766626557,100.0,100.0,101.93246800469409,100.0,100.0,100.0,105.50173360688294,100.0,102.5679660499404
2024-12-01,Forward Fill,102.84637433985762,105.23487195453372,105.1591766626557,100.0,100.0,101.93246800469409,100.0,100.0,100.0,105.50173360688294,100.0,102.5679660499404
2024-12-02,Forward Fill,102.84637433985762,105.23487195453372,105.1591766626557,100.0,100.0,101.93246800469409,100.0,100.0,100.0,105.50173360688294,100.0,102.5679660499404
2024-12-03,Forward Fill,102.84637433985762,105.23487195453372,105.1591766626557,100.0,100.0,101.93246800469409,100.0,100.0,100.0,105.50173360688294,100.0,102.5679660499404
2024-12-04,Forward Fill,102.84637433985762,105.23487195453372,105.1591766626557,100.0,100.0,101.93246800469409,100.0,100.0,100.0,105.50173360688294,100.0,102.5679660499404
2024-12-05,Forward Fill,102.84637433985762,105.23487195453372,105.1591766626557,100.0,100.0,101.93246800469409,100.0,100.0,100.0,105.50173360688294,100.0,102.5679660499404
2024-12-06,Forward Fill,102.84637433985762,105.23487195453372,105.1591766626557,100.0,100.0,101.93246800469409,100.0,100.0,100.0,105.50173360688294,100.0,102.5679660499404
2024-12-07,Forward Fill,102.84637433985762,105.23487195453372,105.1591766626557,100.0,100.0,101.93246800469409,100.0,100.0,100.0,105.50173360688294,100.0,102.5679660499404
2024-12-08,Forward Fill,102.84637433985762,105.23487195453372,105.1591766626557,100.0,100.0,101.93246800469409,100.0,100.0,100.0,105.50173360688294,100.0,102.5679660499404
2024-12-09,Forward Fill,102.84637433985762,105.23487195453372,105.1591766626557,100.0,100.0,101.93246800469409,100.0,100.0,100.0,105.50173360688294,100.0,102.5679660499404
2024-12-10,Forward Fill,102.84637433985762,105.23487195453372,105.1591766626557,100.0,100.0,101.93246800469409,100.0,100.0,100.0,105.50173360688294,100.0,102.5679660499404
2024-12-11,Forward Fill,102.84637433985762,105.23487195453372,105.1591766626557,100.0,100.0,101.93246800469409,100.0,100.0,100.0,105.50173360688294,100.0,102.5679660499404
2024-12-12,Forward Fill,102.84637433985762,105.23487195453372,105.1591766626557,100.0,100.0,101.93246800469409,100.0,100.0,100.0,105.50173360688294,100.0,102.5679660499404
2024-12-13,Forward Fill,102.84637433985762,105.23487195453372,105.1591766626557,100.0,100.0,101.93246800469409,100.0,100.0,100.0,105.50173360688294,100.0,102.5679660499404
2024-12-14,Forward Fill,102.84637433985762,105.23487195453372,105.1591766626557,100.0,100.0,101.93246800469409,100.0,100.0,100.0,105.50173360688294,100.0,102.5679660499404
2024-12-15,Forward Fill,102.84637433985762,105.23487195453372,105.1591766626557,100.0,100.0,101.93246800469409,100.0,100.0,100.0,105.50173360688294,100.0,102.5679660499404
2024-12-16,Forward Fill,102.84637433985762,105.23487195453372,105.1591766626557,100.0,100.0,101.93246800469409,100.0,100.0,100.0,105.50173360688294,100.0,102.5679660499404
2024-12-17,Forward Fill,102.84637433985762,105.23487195453372,105.1591766626557,100.0,100.0,101.93246800469409,100.0,100.0,100.0,105.50173360688294,100.0,102.5679660499404
2024-12-18,Forward Fill,102.84637433985762,105.23487195453372,105.1591766626557,100.0,100.0,101.93246800469409,100.0,100.0,100.0,105.50173360688294,100.0,102.5679660499404
2024-12-19,Forward Fill,102.84637433985762,105.23487195453372,105.1591766626557,100.0,100.0,101.93246800469409,100.0,100.0,100.0,105.50173360688294,100.0,102.5679660499404
2024-12-20,Forward Fill,102.84637433985762,105.23487195453372,105.1591766626557,100.0,100.0,101.93246800469409,100.0,100.0,100.0,105.50173360688294,100.0,102.5679660499404
2024-12-21,Forward Fill,102.84637433985762,105.23487195453372,105.1591766626557,100.0,100.0,101.93246800469409,100.0,100.0,100.0,105.50173360688294,100.0,102.5679660499404
2024-12-22,Forward Fill,102.84637433985762,105.23487195453372,105.1591766626557,100.0,100.0,101.93246800469409,100.0,100.0,100.0,105.50173360688294,100.0,102.5679660499404
2024-12-23,Forward Fill,102.84637433985762,105.23487195453372,105.1591766626557,100.0,100.0,101.93246800469409,100.0,100.0,100.0,105.50173360688294,100.0,102.5679660499404
2024-12-24,Forward Fill,102.84637433985762,105.23487195453372,105.1591766626557,100.0,100.0,101.93246800469409,100.0,100.0,100.0,105.50173360688294,100.0,102.5679660499404
2024-12-25,Forward Fill,102.84637433985762,105.23487195453372,105.1591766626557,100.0,100.0,101.93246800469409,100.0,100.0,100.0,105.50173360688294,100.0,102.5679660499404
2024-12-26,Forward Fill,102.84637433985762,105.23487195453372,105.1591766626557,100.0,100.0,101.93246800469409,100.0,100.0,100.0,105.50173360688294,100.0,102.5679660499404
2024-12-27,Forward Fill,102.84637433985762,105.23487195453372,105.1591766626557,100.0,100.0,101.93246800469409,100.0,100.0,100.0,105.50173360688294,100.0,102.5679660499404
2024-12-28,Forward Fill,102.84637433985762,105.23487195453372,105.1591766626557,100.0,100.0,101.93246800469409,100.0,100.0,100.0,105.50173360688294,100.0,102.5679660499404
2024-12-29,Forward Fill,102.84637433985762,105.23487195453372,105.1591766626557,100.0,100.0,101.93246800469409,100.0,100.0,100.0,105.50173360688294,100.0,102.5679660499404
2024-12-30,Forward Fill,102.84637433985762,105.23487195453372,105.1591766626557,100.0,100.0,101.93246800469409,100.0,100.0,100.0,105.50173360688294,100.0,102.5679660499404
2024-12-31,Forward Fill,102.84637433985762,105.23487195453372,105.1591766626557,100.0,100.0,101.93246800469409,100.0,100.0,100.0,105.50173360688294,100.0,102.5679660499404
2025-01-01,Forward Fill,102.84637433985762,105.23487195453372,105.1591766626557,100.0,100.0,101.93246800469409,100.0,100.0,100.0,105.50173360688294,100.0,102.5679660499404
2025-01-02,Forward Fill,102.84637433985762,105.23487195453372,105.1591766626557,100.0,100.0,101.93246800469409,100.0,100.0,100.0,105.50173360688294,100.0,102.5679660499404
2025-01-03,Forward Fill,102.84637433985762,105.23487195453372,105.1591766626557,100.0,100.0,101.93246800469409,100.0,100.0,100.0,105.50173360688294,100.0,102.5679660499404
2025-01-04,Forward Fill,102.84637433985762,105.23487195453372,105.1591766626557,100.0,100.0,101.93246800469409,100.0,100.0,100.0,105.50173360688294,100.0,102.5679660499404
2025-01-05,Forward Fill,102.84637433985762,105.23487195453372,105.1591766626557,100.0,100.0,101.93246800469409,100.0,100.0,100.0,105.50173360688294,100.0,102.5679660499404
2025-01-06,Forward Fill,102.84637433985762,105.23487195453372,105.1591766626557,100.0,100.0,101.93246800469409,100.0,100.0,100.0,105.50173360688294,100.0,102.5679660499404
2025-01-07,Forward Fill,102.84637433985762,105.23487195453372,105.1591766626557,100.0,100.0,101.93246800469409,100.0,100.0,100.0,105.50173360688294,100.0,102.5679660499404
2025-01-08,Forward Fill,102.84637433985762,105.23487195453372,105.1591766626557,100.0,100.0,101.93246800469409,100.0,100.0,100.0,105.50173360688294,100.0,102.5679660499404
2025-01-09,Forward Fill,102.84637433985762,105.23487195453372,105.1591766626557,100.0,100.0,101.93246800469409,100.0,100.0,100.0,105.50173360688294,100.0,102.5679660499404
2025-01-10,Forward Fill,102.84637433985762,105.23487195453372,105.1591766626557,100.0,100.0,101.93246800469409,100.0,100.0,100.0,105.50173360688294,100.0,102.5679660499404
2025-01-11,Forward Fill,102.84637433985762,105.23487195453372,105.1591766626557,100.0,100.0,101.93246800469409,100.0,100.0,100.0,105.50173360688294,100.0,102.5679660499404
2025-01-12,Forward Fill,102.84637433985762,105.23487195453372,105.1591766626557,100.0,100.0,101.93246800469409,100.0,100.0,100.0,105.50173360688294,100.0,102.5679660499404
2025-01-13,Forward Fill,102.84637433985762,105.23487195453372,105.1591766626557,100.0,100.0,101.93246800469409,100.0,100.0,100.0,105.50173360688294,100.0,102.5679660499404
2025-01-14,Forward Fill,102.84637433985762,105.23487195453372,105.1591766626557,100.0,100.0,101.93246800469409,100.0,100.0,100.0,105.50173360688294,100.0,102.5679660499404
2025-01-15,Forward Fill,102.84637433985762,105.23487195453372,105.1591766626557,100.0,100.0,101.93246800469409,100.0,100.0,100.0,105.50173360688294,100.0,102.5679660499404
2025-01-16,Forward Fill,102.84637433985762,105.23487195453372,105.1591766626557,100.0,100.0,101.93246800469409,100.0,100.0,100.0,105.50173360688294,100.0,102.5679660499404
2025-01-17,Forward Fill,102.84637433985762,105.23487195453372,105.1591766626557,100.0,100.0,101.93246800469409,100.0,100.0,100.0,105.50173360688294,100.0,102.5679660499404
2025-01-18,Forward Fill,102.84637433985762,105.23487195453372,105.1591766626557,100.0,100.0,101.93246800469409,100.0,100.0,100.0,105.50173360688294,100.0,102.5679660499404
2025-01-19,Forward Fill,102.84637433985762,105.23487195453372,105.1591766626557,100.0,100.0,101.93246800469409,100.0,100.0,100.0,105.50173360688294,100.0,102.5679660499404
2025-01-20,Forward Fill,102.84637433985762,105.23487195453372,105.1591766626557,100.0,100.0,101.93246800469409,100.0,100.0,100.0,105.50173360688294,100.0,102.5679660499404
2025-01-21,Forward Fill,102.84637433985762,105.23487195453372,105.1591766626557,100.0,100.0,101.93246800469409,100.0,100.0,100.0,105.50173360688294,100.0,102.5679660499404
2025-01-22,Forward Fill,102.84637433985762,105.23487195453372,105.1591766626557,100.0,100.0,101.93246800469409,100.0,100.0,100.0,105.50173360688294,100.0,102.5679660499404
2025-01-23,Forward Fill,102.84637433985762,105.23487195453372,105.1591766626557,100.0,100.0,101.93246800469409,100.0,100.0,100.0,105.50173360688294,100.0,102.5679660499404
2025-01-24,Forward Fill,102.84637433985762,105.23487195453372,105.1591766626557,100.0,100.0,101.93246800469409,100.0,100.0,100.0,105.50173360688294,100.0,102.5679660499404
2025-01-25,Forward Fill,102.84637433985762,105.23487195453372,105.1591766626557,100.0,100.0,101.93246800469409,100.0,100.0,100.0,105.50173360688294,100.0,102.5679660499404
2025-01-26,Forward Fill,102.84637433985762,105.23487195453372,105.1591766626557,100.0,100.0,101.93246800469409,100.0,100.0,100.0,105.50173360688294,100.0,102.5679660499404
2025-01-27,Forward Fill,102.84637433985762,105.23487195453372,105.1591766626557,100.0,100.0,101.93246800469409,100.0,100.0,100.0,105.50173360688294,100.0,102.5679660499404
2025-01-28,Forward Fill,102.84637433985762,105.23487195453372,105.1591766626557,100.0,100.0,101.93246800469409,100.0,100.0,100.0,105.50173360688294,100.0,102.5679660499404
2025-01-29,Forward Fill,102.84637433985762,105.23487195453372,105.1591766626557,100.0,100.0,101.93246800469409,100.0,100.0,100.0,105.50173360688294,100.0,102.5679660499404
2025-01-30,Forward Fill,102.84637433985762,105.23487195453372,105.1591766626557,100.0,100.0,101.93246800469409,100.0,100.0,100.0,105.50173360688294,100.0,102.5679660499404
2025-01-31,Forward Fill,102.84637433985762,105.23487195453372,105.1591766626557,100.0,100.0,101.93246800469409,100.0,100.0,100.0,105.50173360688294,100.0,102.5679660499404
2025-02-01,Forward Fill,102.84637433985762,105.23487195453372,105.1591766626557,100.0,100.0,101.93246800469409,100.0,100.0,100.0,105.50173360688294,100.0,102.5679660499404
2025-02-02,Forward Fill,102.84637433985762,105.23487195453372,105.1591766626557,100.0,100.0,101.93246800469409,100.0,100.0,100.0,105.50173360688294,100.0,102.5679660499404
2025-02-03,Forward Fill,102.84637433985762,105.23487195453372,105.1591766626557,100.0,100.0,101.93246800469409,100.0,100.0,100.0,105.50173360688294,100.0,102.5679660499404
2025-02-04,Forward Fill,102.84637433985762,105.23487195453372,105.1591766626557,100.0,100.0,101.93246800469409,100.0,100.0,100.0,105.50173360688294,100.0,102.5679660499404
2025-02-05,Forward Fill,102.84637433985762,105.23487195453372,105.1591766626557,100.0,100.0,101.93246800469409,100.0,100.0,100.0,105.50173360688294,100.0,102.5679660499404
2025-02-06,Forward Fill,102.84637433985762,105.23487195453372,105.1591766626557,100.0,100.0,101.93246800469409,100.0,100.0,100.0,105.50173360688294,100.0,102.5679660499404
2025-02-07,Forward Fill,102.84637433985762,105.23487195453372,105.1591766626557,100.0,100.0,101.93246800469409,100.0,100.0,100.0,105.50173360688294,100.0,102.5679660499404
2025-02-08,Forward Fill,102.84637433985762,105.23487195453372,105.1591766626557,100.0,100.0,101.93246800469409,100.0,100.0,100.0,105.50173360688294,100.0,102.5679660499404
2025-02-09,Forward Fill,102.84637433985762,105.23487195453372,105.1591766626557,100.0,100.0,101.93246800469409,100.0,100.0,100.0,105.50173360688294,100.0,102.5679660499404
2025-02-10,Forward Fill,102.84637433985762,105.23487195453372,105.1591766626557,100.0,100.0,101.93246800469409,100.0,100.0,100.0,105.50173360688294,100.0,102.5679660499404
2025-02-11,Forward Fill,102.84637433985762,105.23487195453372,105.1591766626557,100.0,100.0,101.93246800469409,100.0,100.0,100.0,105.50173360688294,100.0,102.5679660499404
2025-02-12,Forward Fill,102.84637433985762,105.23487195453372,105.1591766626557,100.0,100.0,101.93246800469409,100.0,100.0,100.0,105.50173360688294,100.0,102.5679660499404
2025-02-13,Forward Fill,102.84637433985762,105.23487195453372,105.1591766626557,100.0,100.0,101.93246800469409,100.0,100.0,100.0,105.50173360688294,100.0,102.5679660499404
2025-02-14,Forward Fill,102.84637433985762,105.23487195453372,105.1591766626557,100.0,100.0,101.93246800469409,100.0,100.0,100.0,105.50173360688294,100.0,102.5679660499404
2025-02-15,Forward Fill,102.84637433985762,105.23487195453372,105.1591766626557,100.0,100.0,101.93246800469409,100.0,100.0,100.0,105.50173360688294,100.0,102.5679660499404
2025-02-16,Forward Fill,102.84637433985762,105.23487195453372,105.1591766626557,100.0,100.0,101.93246800469409,100.0,100.0,100.0,105.50173360688294,100.0,102.5679660499404
2025-02-17,Forward Fill,102.84637433985762,105.23487195453372,105.1591766626557,100.0,100.0,101.93246800469409,100.0,100.0,100.0,105.50173360688294,100.0,102.5679660499404
2025-02-18,Forward Fill,102.84637433985762,105.23487195453372,105.1591766626557,100.0,100.0,101.93246800469409,100.0,100.0,100.0,105.50173360688294,100.0,102.5679660499404
2025-02-19,Forward Fill,102.84637433985762,105.23487195453372,105.1591766626557,100.0,100.0,101.93246800469409,100.0,100.0,100.0,105.50173360688294,100.0,102.5679660499404
2025-02-20,Forward Fill,102.84637433985762,105.23487195453372,105.1591766626557,100.0,100.0,101.93246800469409,100.0,100.0,100.0,105.50173360688294,100.0,102.5679660499404
2025-02-21,Forward Fill,102.84637433985762,105.23487195453372,105.1591766626557,100.0,100.0,101.93246800469409,100.0,100.0,100.0,105.50173360688294,100.0,102.5679660499404
2025-02-22,Forward Fill,102.84637433985762,105.23487195453372,105.1591766626557,100.0,100.0,101.93246800469409,100.0,100.0,100.0,105.50173360688294,100.0,102.5679660499404
2025-02-23,Forward Fill,102.84637433985762,105.23487195453372,105.1591766626557,100.0,100.0,101.93246800469409,100.0,100.0,100.0,105.50173360688294,100.0,102.5679660499404
2025-02-24,Forward Fill,102.84637433985762,105.23487195453372,105.1591766626557,100.0,100.0,101.93246800469409,100.0,100.0,100.0,105.50173360688294,100.0,102.5679660499404
2025-02-25,Forward Fill,102.84637433985762,105.23487195453372,105.1591766626557,100.0,100.0,101.93246800469409,100.0,100.0,100.0,105.50173360688294,100.0,102.5679660499404
2025-02-26,Forward Fill,102.84637433985762,105.23487195453372,105.1591766626557,100.0,100.0,101.93246800469409,100.0,100.0,100.0,105.50173360688294,100.0,102.5679660499404
2025-02-27,Forward Fill,102.84637433985762,105.23487195453372,105.1591766626557,100.0,100.0,101.93246800469409,100.0,100.0,100.0,105.50173360688294,100.0,102.5679660499404
2025-02-28,Forward Fill,102.84637433985762,105.23487195453372,105.1591766626557,100.0,100.0,101.93246800469409,100.0,100.0,100.0,105.50173360688294,100.0,102.5679660499404
2025-03-01,Forward Fill,102.84637433985762,105.23487195453372,105.1591766626557,100.0,100.0,101.93246800469409,100.0,100.0,100.0,105.50173360688294,100.0,102.5679660499404
2025-03-02,Forward Fill,102.84637433985762,105.23487195453372,105.1591766626557,100.0,100.0,101.93246800469409,100.0,100.0,100.0,105.50173360688294,100.0,102.5679660499404
2025-03-03,Forward Fill,102.84637433985762,105.23487195453372,105.1591766626557,100.0,100.0,101.93246800469409,100.0,100.0,100.0,105.50173360688294,100.0,102.5679660499404
2025-03-04,Forward Fill,102.84637433985762,105.23487195453372,105.1591766626557,100.0,100.0,101.93246800469409,100.0,100.0,100.0,105.50173360688294,100.0,102.5679660499404
2025-03-05,Forward Fill,102.84637433985762,105.23487195453372,105.1591766626557,100.0,100.0,101.93246800469409,100.0,100.0,100.0,105.50173360688294,100.0,102.5679660499404
2025-03-06,Forward Fill,102.84637433985762,105.23487195453372,105.1591766626557,100.0,100.0,101.93246800469409,100.0,100.0,100.0,105.50173360688294,100.0,102.5679660499404
2025-03-07,Forward Fill,102.84637433985762,105.23487195453372,105.1591766626557,100.0,100.0,101.93246800469409,100.0,100.0,100.0,105.50173360688294,100.0,102.5679660499404
2025-03-08,Forward Fill,102.84637433985762,105.23487195453372,105.1591766626557,100.0,100.0,101.93246800469409,100.0,100.0,100.0,105.50173360688294,100.0,102.5679660499404
2025-03-09,Forward Fill,102.84637433985762,105.23487195453372,105.1591766626557,100.0,100.0,101.93246800469409,100.0,100.0,100.0,105.50173360688294,100.0,102.5679660499404
2025-03-10,Forward Fill,102.84637433985762,105.23487195453372,105.1591766626557,100.0,100.0,101.93246800469409,100.0,100.0,100.0,105.50173360688294,100.0,102.5679660499404
2025-03-11,Forward Fill,102.84637433985762,105.23487195453372,105.1591766626557,100.0,100.0,101.93246800469409,100.0,100.0,100.0,105.50173360688294,100.0,102.5679660499404
2025-03-12,Forward Fill,102.84637433985762,105.23487195453372,105.1591766626557,100.0,100.0,101.93246800469409,100.0,100.0,100.0,105.50173360688294,100.0,102.5679660499404
2025-03-13,Forward Fill,102.84637433985762,105.23487195453372,105.1591766626557,100.0,100.0,101.93246800469409,100.0,100.0,100.0,105.50173360688294,100.0,102.5679660499404
2025-03-14,Forward Fill,102.84637433985762,105.23487195453372,105.1591766626557,100.0,100.0,101.93246800469409,100.0,100.0,100.0,105.50173360688294,100.0,102.5679660499404
2025-03-15,Forward Fill,102.84637433985762,105.23487195453372,105.1591766626557,100.0,100.0,101.93246800469409,100.0,100.0,100.0,105.50173360688294,100.0,102.5679660499404
2025-03-16,Forward Fill,102.84637433985762,105.23487195453372,105.1591766626557,100.0,100.0,101.93246800469409,100.0,100.0,100.0,105.50173360688294,100.0,102.5679660499404
2025-03-17,Forward Fill,102.84637433985762,105.23487195453372,105.1591766626557,100.0,100.0,101.93246800469409,100.0,100.0,100.0,105.50173360688294,100.0,102.5679660499404
2025-03-18,Forward Fill,102.84637433985762,105.23487195453372,105.1591766626557,100.0,100.0,101.93246800469409,100.0,100.0,100.0,105.50173360688294,100.0,102.5679660499404
2025-03-19,Forward Fill,102.84637433985762,105.23487195453372,105.1591766626557,100.0,100.0,101.93246800469409,100.0,100.0,100.0,105.50173360688294,100.0,102.5679660499404
2025-03-20,Forward Fill,102.84637433985762,105.23487195453372,105.1591766626557,100.0,100.0,101.93246800469409,100.0,100.0,100.0,105.50173360688294,100.0,102.5679660499404
2025-03-21,Forward Fill,102.84637433985762,105.23487195453372,105.1591766626557,100.0,100.0,101.93246800469409,100.0,100.0,100.0,105.50173360688294,100.0,102.5679660499404
2025-03-22,Forward Fill,102.84637433985762,105.23487195453372,105.1591766626557,100.0,100.0,101.93246800469409,100.0,100.0,100.0,105.50173360688294,100.0,102.5679660499404
2025-03-23,Forward Fill,102.84637433985762,105.23487195453372,105.1591766626557,100.0,100.0,101.93246800469409,100.0,100.0,100.0,105.50173360688294,100.0,102.5679660499404
2025-03-24,Forward Fill,102.84637433985762,105.23487195453372,105.1591766626557,100.0,100.0,101.93246800469409,100.0,100.0,100.0,105.50173360688294,100.0,102.5679660499404
2025-03-25,Forward Fill,102.84637433985762,105.23487195453372,105.1591766626557,100.0,100.0,101.93246800469409,100.0,100.0,100.0,105.50173360688294,100.0,102.5679660499404
2025-03-26,Forward Fill,102.84637433985762,105.23487195453372,105.1591766626557,100.0,100.0,101.93246800469409,100.0,100.0,100.0,105.50173360688294,100.0,102.5679660499404
2025-03-27,Forward Fill,102.84637433985762,105.23487195453372,105.1591766626557,100.0,100.0,101.93246800469409,100.0,100.0,100.0,105.50173360688294,100.0,102.5679660499404
2025-03-28,Forward Fill,102.84637433985762,105.23487195453372,105.1591766626557,100.0,100.0,101.93246800469409,100.0,100.0,100.0,105.50173360688294,100.0,102.5679660499404
2025-03-29,Forward Fill,102.84637433985762,105.23487195453372,105.1591766626557,100.0,100.0,101.93246800469409,100.0,100.0,100.0,105.50173360688294,100.0,102.5679660499404
2025-03-30,Forward Fill,102.84637433985762,105.23487195453372,105.1591766626557,100.0,100.0,101.93246800469409,100.0,100.0,100.0,105.50173360688294,100.0,102.5679660499404
2025-03-31,Forward Fill,102.84637433985762,105.23487195453372,105.1591766626557,100.0,100.0,101.93246800469409,100.0,100.0,100.0,105.50173360688294,100.0,102.5679660499404
2025-04-01,Forward Fill,102.84637433985762,105.23487195453372,105.1591766626557,100.0,100.0,101.93246800469409,100.0,100.0,100.0,105.50173360688294,100.0,102.5679660499404
2025-04-02,Forward Fill,102.84637433985762,105.23487195453372,105.1591766626557,100.0,100.0,101.93246800469409,100.0,100.0,100.0,105.50173360688294,100.0,102.5679660499404
2025-04-03,Forward Fill,102.84637433985762,105.23487195453372,105.1591766626557,100.0,100.0,101.93246800469409,100.0,100.0,100.0,105.50173360688294,100.0,102.5679660499404
2025-04-04,Forward Fill,102.84637433985762,105.23487195453372,105.1591766626557,100.0,100.0,101.93246800469409,100.0,100.0,100.0,105.50173360688294,100.0,102.5679660499404
2025-04-05,Forward Fill,102.84637433985762,105.23487195453372,105.1591766626557,100.0,100.0,101.93246800469409,100.0,100.0,100.0,105.50173360688294,100.0,102.5679660499404
2025-04-06,Forward Fill,102.84637433985762,105.23487195453372,105.1591766626557,100.0,100.0,101.93246800469409,100.0,100.0,100.0,105.50173360688294,100.0,102.5679660499404
2025-04-07,Forward Fill,102.84637433985762,105.23487195453372,105.1591766626557,100.0,100.0,101.93246800469409,100.0,100.0,100.0,105.50173360688294,100.0,102.5679660499404
2025-04-08,Forward Fill,102.84637433985762,105.23487195453372,105.1591766626557,100.0,100.0,101.93246800469409,100.0,100.0,100.0,105.50173360688294,100.0,102.5679660499404
2025-04-09,Forward Fill,102.84637433985762,105.23487195453372,105.1591766626557,100.0,100.0,101.93246800469409,100.0,100.0,100.0,105.50173360688294,100.0,102.5679660499404
2025-04-10,Forward Fill,102.84637433985762,105.23487195453372,105.1591766626557,100.0,100.0,101.93246800469409,100.0,100.0,100.0,105.50173360688294,100.0,102.5679660499404
2025-04-11,Forward Fill,102.84637433985762,105.23487195453372,105.1591766626557,100.0,100.0,101.93246800469409,100.0,100.0,100.0,105.50173360688294,100.0,102.5679660499404
2025-04-12,Forward Fill,102.84637433985762,105.23487195453372,105.1591766626557,100.0,100.0,101.93246800469409,100.0,100.0,100.0,105.50173360688294,100.0,102.5679660499404
2025-04-13,Forward Fill,102.84637433985762,105.23487195453372,105.1591766626557,100.0,100.0,101.93246800469409,100.0,100.0,100.0,105.50173360688294,100.0,102.5679660499404
2025-04-14,Forward Fill,102.84637433985762,105.23487195453372,105.1591766626557,100.0,100.0,101.93246800469409,100.0,100.0,100.0,105.50173360688294,100.0,102.5679660499404
2025-04-15,Forward Fill,102.84637433985762,105.23487195453372,105.1591766626557,100.0,100.0,101.93246800469409,100.0,100.0,100.0,105.50173360688294,100.0,102.5679660499404
2025-04-16,Forward Fill,102.84637433985762,105.23487195453372,105.1591766626557,100.0,100.0,101.93246800469409,100.0,100.0,100.0,105.50173360688294,100.0,102.5679660499404
2025-04-17,Forward Fill,102.84637433985762,105.23487195453372,105.1591766626557,100.0,100.0,101.93246800469409,100.0,100.0,100.0,105.50173360688294,100.0,102.5679660499404
2025-04-18,Forward Fill,102.84637433985762,105.23487195453372,105.1591766626557,100.0,100.0,101.93246800469409,100.0,100.0,100.0,105.50173360688294,100.0,102.5679660499404
2025-04-19,Forward Fill,102.84637433985762,105.23487195453372,105.1591766626557,100.0,100.0,101.93246800469409,100.0,100.0,100.0,105.50173360688294,100.0,102.5679660499404
2025-04-20,Forward Fill,102.84637433985762,105.23487195453372,105.1591766626557,100.0,100.0,101.93246800469409,100.0,100.0,100.0,105.50173360688294,100.0,102.5679660499404
2025-04-21,Forward Fill,102.84637433985762,105.23487195453372,105.1591766626557,100.0,100.0,101.93246800469409,100.0,100.0,100.0,105.50173360688294,100.0,102.5679660499404
2025-04-22,Forward Fill,102.84637433985762,105.23487195453372,105.1591766626557,100.0,100.0,101.93246800469409,100.0,100.0,100.0,105.50173360688294,100.0,102.5679660499404
2025-04-23,Forward Fill,102.84637433985762,105.23487195453372,105.1591766626557,100.0,100.0,101.93246800469409,100.0,100.0,100.0,105.50173360688294,100.0,102.5679660499404
2025-04-24,Forward Fill,102.84637433985762,105.23487195453372,105.1591766626557,100.0,100.0,101.93246800469409,100.0,100.0,100.0,105.50173360688294,100.0,102.5679660499404
2025-04-25,Forward Fill,102.84637433985762,105.23487195453372,105.1591766626557,100.0,100.0,101.93246800469409,100.0,100.0,100.0,105.50173360688294,100.0,102.5679660499404
2025-04-26,Forward Fill,102.84637433985762,105.23487195453372,105.1591766626557,100.0,100.0,101.93246800469409,100.0,100.0,100.0,105.50173360688294,100.0,102.5679660499404
2025-04-27,Forward Fill,102.84637433985762,105.23487195453372,105.1591766626557,100.0,100.0,101.93246800469409,100.0,100.0,100.0,105.50173360688294,100.0,102.5679660499404
2025-04-28,Forward Fill,102.84637433985762,105.23487195453372,105.1591766626557,100.0,100.0,101.93246800469409,100.0,100.0,100.0,105.50173360688294,100.0,102.5679660499404
2025-04-29,Forward Fill,102.84637433985762,105.23487195453372,105.1591766626557,100.0,100.0,101.93246800469409,100.0,100.0,100.0,105.50173360688294,100.0,102.5679660499404
2025-04-30,Forward Fill,102.84637433985762,105.23487195453372,105.1591766626557,100.0,100.0,101.93246800469409,100.0,100.0,100.0,105.50173360688294,100.0,102.5679660499404
2025-05-01,Forward Fill,102.84637433985762,105.23487195453372,105.1591766626557,100.0,100.0,101.93246800469409,100.0,100.0,100.0,105.50173360688294,100.0,102.5679660499404
2025-05-02,Forward Fill,102.84637433985762,105.23487195453372,105.1591766626557,100.0,100.0,101.93246800469409,100.0,100.0,100.0,105.50173360688294,100.0,102.5679660499404
2025-05-03,Forward Fill,102.84637433985762,105.23487195453372,105.1591766626557,100.0,100.0,101.93246800469409,100.0,100.0,100.0,105.50173360688294,100.0,102.5679660499404
2025-05-04,Forward Fill,102.84637433985762,105.23487195453372,105.1591766626557,100.0,100.0,101.93246800469409,100.0,100.0,100.0,105.50173360688294,100.0,102.5679660499404
2025-05-05,Forward Fill,102.84637433985762,105.23487195453372,105.1591766626557,100.0,100.0,101.93246800469409,100.0,100.0,100.0,105.50173360688294,100.0,102.5679660499404
2025-05-06,Forward Fill,102.84637433985762,105.23487195453372,105.1591766626557,100.0,100.0,101.93246800469409,100.0,100.0,100.0,105.50173360688294,100.0,102.5679660499404
2025-05-07,Forward Fill,102.84637433985762,105.23487195453372,105.1591766626557,100.0,100.0,101.93246800469409,100.0,100.0,100.0,105.50173360688294,100.0,102.5679660499404
2025-05-08,Forward Fill,102.84637433985762,105.23487195453372,105.1591766626557,100.0,100.0,101.93246800469409,100.0,100.0,100.0,105.50173360688294,100.0,102.5679660499404
2025-05-09,Forward Fill,102.84637433985762,105.23487195453372,105.1591766626557,100.0,100.0,101.93246800469409,100.0,100.0,100.0,105.50173360688294,100.0,102.5679660499404
2025-05-10,Forward Fill,102.84637433985762,105.23487195453372,105.1591766626557,100.0,100.0,101.93246800469409,100.0,100.0,100.0,105.50173360688294,100.0,102.5679660499404
2025-05-11,Forward Fill,102.84637433985762,105.23487195453372,105.1591766626557,100.0,100.0,101.93246800469409,100.0,100.0,100.0,105.50173360688294,100.0,102.5679660499404
2025-05-12,Forward Fill,102.84637433985762,105.23487195453372,105.1591766626557,100.0,100.0,101.93246800469409,100.0,100.0,100.0,105.50173360688294,100.0,102.5679660499404
2025-05-13,Forward Fill,102.84637433985762,105.23487195453372,105.1591766626557,100.0,100.0,101.93246800469409,100.0,100.0,100.0,105.50173360688294,100.0,102.5679660499404
2025-05-14,Forward Fill,102.84637433985762,105.23487195453372,105.1591766626557,100.0,100.0,101.93246800469409,100.0,100.0,100.0,105.50173360688294,100.0,102.5679660499404
2025-05-15,Forward Fill,102.84637433985762,105.23487195453372,105.1591766626557,100.0,100.0,101.93246800469409,100.0,100.0,100.0,105.50173360688294,100.0,102.5679660499404
2025-05-16,Forward Fill,102.84637433985762,105.23487195453372,105.1591766626557,100.0,100.0,101.93246800469409,100.0,100.0,100.0,105.50173360688294,100.0,102.5679660499404
2025-05-17,Forward Fill,102.84637433985762,105.23487195453372,105.1591766626557,100.0,100.0,101.93246800469409,100.0,100.0,100.0,105.50173360688294,100.0,102.5679660499404
2025-05-18,Forward Fill,102.84637433985762,105.23487195453372,105.1591766626557,100.0,100.0,101.93246800469409,100.0,100.0,100.0,105.50173360688294,100.0,102.5679660499404
2025-05-19,Forward Fill,102.84637433985762,105.23487195453372,105.1591766626557,100.0,100.0,101.93246800469409,100.0,100.0,100.0,105.50173360688294,100.0,102.5679660499404
2025-05-20,Forward Fill,102.84637433985762,105.23487195453372,105.1591766626557,100.0,100.0,101.93246800469409,100.0,100.0,100.0,105.50173360688294,100.0,102.5679660499404
2025-05-21,Forward Fill,102.84637433985762,105.23487195453372,105.1591766626557,100.0,100.0,101.93246800469409,100.0,100.0,100.0,105.50173360688294,100.0,102.5679660499404
2025-05-22,Forward Fill,102.84637433985762,105.23487195453372,105.1591766626557,100.0,100.0,101.93246800469409,100.0,100.0,100.0,105.50173360688294,100.0,102.5679660499404
2025-05-23,Forward Fill,102.84637433985762,105.23487195453372,105.1591766626557,100.0,100.0,101.93246800469409,100.0,100.0,100.0,105.50173360688294,100.0,102.5679660499404
2025-05-24,Forward Fill,102.84637433985762,105.23487195453372,105.1591766626557,100.0,100.0,101.93246800469409,100.0,100.0,100.0,105.50173360688294,100.0,102.5679660499404
2025-05-25,Forward Fill,102.84637433985762,105.23487195453372,105.1591766626557,100.0,100.0,101.93246800469409,100.0,100.0,100.0,105.50173360688294,100.0,102.5679660499404
2025-05-26,Forward Fill,102.84637433985762,105.23487195453372,105.1591766626557,100.0,100.0,101.93246800469409,100.0,100.0,100.0,105.50173360688294,100.0,102.5679660499404
2025-05-27,Forward Fill,102.84637433985762,105.23487195453372,105.1591766626557,100.0,100.0,101.93246800469409,100.0,100.0,100.0,105.50173360688294,100.0,102.5679660499404
2025-05-28,Forward Fill,102.84637433985762,105.23487195453372,105.1591766626557,100.0,100.0,101.93246800469409,100.0,100.0,100.0,105.50173360688294,100.0,102.5679660499404
2025-05-29,Forward Fill,102.84637433985762,105.23487195453372,105.1591766626557,100.0,100.0,101.93246800469409,100.0,100.0,100.0,105.50173360688294,100.0,102.5679660499404
2025-05-30,Forward Fill,102.84637433985762,105.23487195453372,105.1591766626557,100.0,100.0,101.93246800469409,100.0,100.0,100.0,105.50173360688294,100.0,102.5679660499404
2025-05-31,Forward Fill,102.84637433985762,105.23487195453372,105.1591766626557,100.0,100.0,101.93246800469409,100.0,100.0,100.0,105.50173360688294,100.0,102.5679660499404
2025-06-01,Forward Fill,102.84637433985762,105.23487195453372,105.1591766626557,100.0,100.0,101.93246800469409,100.0,100.0,100.0,105.50173360688294,100.0,102.5679660499404
2025-06-02,Forward Fill,102.84637433985762,105.23487195453372,105.1591766626557,100.0,100.0,101.93246800469409,100.0,100.0,100.0,105.50173360688294,100.0,102.5679660499404
2025-06-03,Forward Fill,102.84637433985762,105.23487195453372,105.1591766626557,100.0,100.0,101.93246800469409,100.0,100.0,100.0,105.50173360688294,100.0,102.5679660499404
2025-06-04,Forward Fill,102.84637433985762,105.23487195453372,105.1591766626557,100.0,100.0,101.93246800469409,100.0,100.0,100.0,105.50173360688294,100.0,102.5679660499404
2025-06-05,Forward Fill,102.84637433985762,105.23487195453372,105.1591766626557,100.0,100.0,101.93246800469409,100.0,100.0,100.0,105.50173360688294,100.0,102.5679660499404
2025-06-06,Forward Fill,102.84637433985762,105.23487195453372,105.1591766626557,100.0,100.0,101.93246800469409,100.0,100.0,100.0,105.50173360688294,100.0,102.5679660499404
2025-06-07,Forward Fill,102.84637433985762,105.23487195453372,105.1591766626557,100.0,100.0,101.93246800469409,100.0,100.0,100.0,105.50173360688294,100.0,102.5679660499404
2025-06-08,Forward Fill,102.84637433985762,105.23487195453372,105.1591766626557,100.0,100.0,101.93246800469409,100.0,100.0,100.0,105.50173360688294,100.0,102.5679660499404
2025-06-09,Forward Fill,102.84637433985762,105.23487195453372,105.1591766626557,100.0,100.0,101.93246800469409,100.0,100.0,100.0,105.50173360688294,100.0,102.5679660499404
2025-06-10,Forward Fill,102.84637433985762,105.23487195453372,105.1591766626557,100.0,100.0,101.93246800469409,100.0,100.0,100.0,105.50173360688294,100.0,102.5679660499404
2025-06-11,Forward Fill,102.84637433985762,105.23487195453372,105.1591766626557,100.0,100.0,101.93246800469409,100.0,100.0,100.0,105.50173360688294,100.0,102.5679660499404
2025-06-12,Forward Fill,102.84637433985762,105.23487195453372,105.1591766626557,100.0,100.0,101.93246800469409,100.0,100.0,100.0,105.50173360688294,100.0,102.5679660499404
2025-06-13,Forward Fill,102.84637433985762,105.23487195453372,105.1591766626557,100.0,100.0,101.93246800469409,100.0,100.0,100.0,105.50173360688294,100.0,102.5679660499404
2025-06-14,Forward Fill,102.84637433985762,105.23487195453372,105.1591766626557,100.0,100.0,101.93246800469409,100.0,100.0,100.0,105.50173360688294,100.0,102.5679660499404
2025-06-15,Forward Fill,102.84637433985762,105.23487195453372,105.1591766626557,100.0,100.0,101.93246800469409,100.0,100.0,100.0,105.50173360688294,100.0,102.5679660499404
2025-06-16,Forward Fill,102.84637433985762,105.23487195453372,105.1591766626557,100.0,100.0,101.93246800469409,100.0,100.0,100.0,105.50173360688294,100.0,102.5679660499404
2025-06-17,Forward Fill,102.84637433985762,105.23487195453372,105.1591766626557,100.0,100.0,101.93246800469409,100.0,100.0,100.0,105.50173360688294,100.0,102.5679660499404
2025-06-18,Forward Fill,102.84637433985762,105.23487195453372,105.1591766626557,100.0,100.0,101.93246800469409,100.0,100.0,100.0,105.50173360688294,100.0,102.5679660499404
2025-06-19,Forward Fill,102.84637433985762,105.23487195453372,105.1591766626557,100.0,100.0,101.93246800469409,100.0,100.0,100.0,105.50173360688294,100.0,102.5679660499404
2025-06-20,Forward Fill,102.84637433985762,105.23487195453372,105.1591766626557,100.0,100.0,101.93246800469409,100.0,100.0,100.0,105.50173360688294,100.0,102.5679660499404
2025-06-21,Forward Fill,102.84637433985762,105.23487195453372,105.1591766626557,100.0,100.0,101.93246800469409,100.0,100.0,100.0,105.50173360688294,100.0,102.5679660499404
2025-06-22,Forward Fill,102.84637433985762,105.23487195453372,105.1591766626557,100.0,100.0,101.93246800469409,100.0,100.0,100.0,105.50173360688294,100.0,102.5679660499404
2025-06-23,Forward Fill,102.84637433985762,105.23487195453372,105.1591766626557,100.0,100.0,101.93246800469409,100.0,100.0,100.0,105.50173360688294,100.0,102.5679660499404
2025-06-24,Forward Fill,102.84637433985762,105.23487195453372,105.1591766626557,100.0,100.0,101.93246800469409,100.0,100.0,100.0,105.50173360688294,100.0,102.5679660499404
2025-06-25,Forward Fill,102.84637433985762,105.23487195453372,105.1591766626557,100.0,100.0,101.93246800469409,100.0,100.0,100.0,105.50173360688294,100.0,102.5679660499404
2025-06-26,Forward Fill,102.84637433985762,105.23487195453372,105.1591766626557,100.0,100.0,101.93246800469409,100.0,100.0,100.0,105.50173360688294,100.0,102.5679660499404
2025-06-27,Forward Fill,102.84637433985762,105.23487195453372,105.1591766626557,100.0,100.0,101.93246800469409,100.0,100.0,100.0,105.50173360688294,100.0,102.5679660499404
2025-06-28,Forward Fill,102.84637433985762,105.23487195453372,105.1591766626557,100.0,100.0,101.93246800469409,100.0,100.0,100.0,105.50173360688294,100.0,102.5679660499404
2025-06-29,Forward Fill,102.84637433985762,105.23487195453372,105.1591766626557,100.0,100.0,101.93246800469409,100.0,100.0,100.0,105.50173360688294,100.0,102.5679660499404
2025-06-30,Forward Fill,102.84637433985762,105.23487195453372,105.1591766626557,100.0,100.0,101.93246800469409,100.0,100.0,100.0,105.50173360688294,100.0,102.5679660499404
2025-07-01,Forward Fill,102.84637433985762,105.23487195453372,105.1591766626557,100.0,100.0,101.93246800469409,100.0,100.0,100.0,105.50173360688294,100.0,102.5679660499404
2025-07-02,Forward Fill,102.84637433985762,105.23487195453372,105.1591766626557,100.0,100.0,101.93246800469409,100.0,100.0,100.0,105.50173360688294,100.0,102.5679660499404
2025-07-03,Forward Fill,102.84637433985762,105.23487195453372,105.1591766626557,100.0,100.0,101.93246800469409,100.0,100.0,100.0,105.50173360688294,100.0,102.5679660499404
2025-07-04,Forward Fill,102.84637433985762,105.23487195453372,105.1591766626557,100.0,100.0,101.93246800469409,100.0,100.0,100.0,105.50173360688294,100.0,102.5679660499404
2025-07-05,Forward Fill,102.84637433985762,105.23487195453372,105.1591766626557,100.0,100.0,101.93246800469409,100.0,100.0,100.0,105.50173360688294,100.0,102.5679660499404
2025-07-06,Forward Fill,102.84637433985762,105.23487195453372,105.1591766626557,100.0,100.0,101.93246800469409,100.0,100.0,100.0,105.50173360688294,100.0,102.5679660499404
2025-07-07,Forward Fill,102.84637433985762,105.23487195453372,105.1591766626557,100.0,100.0,101.93246800469409,100.0,100.0,100.0,105.50173360688294,100.0,102.5679660499404
2025-07-08,Forward Fill,102.84637433985762,105.23487195453372,105.1591766626557,100.0,100.0,101.93246800469409,100.0,100.0,100.0,105.50173360688294,100.0,102.5679660499404
2025-07-09,Forward Fill,102.84637433985762,105.23487195453372,105.1591766626557,100.0,100.0,101.93246800469409,100.0,100.0,100.0,105.50173360688294,100.0,102.5679660499404
2025-07-10,Forward Fill,102.84637433985762,105.23487195453372,105.1591766626557,100.0,100.0,101.93246800469409,100.0,100.0,100.0,105.50173360688294,100.0,102.5679660499404
2025-07-11,Forward Fill,102.84637433985762,105.23487195453372,105.1591766626557,100.0,100.0,101.93246800469409,100.0,100.0,100.0,105.50173360688294,100.0,102.5679660499404
2025-07-12,Forward Fill,102.84637433985762,105.23487195453372,105.1591766626557,100.0,100.0,101.93246800469409,100.0,100.0,100.0,105.50173360688294,100.0,102.5679660499404
2025-07-13,Forward Fill,102.84637433985762,105.23487195453372,105.1591766626557,100.0,100.0,101.93246800469409,100.0,100.0,100.0,105.50173360688294,100.0,102.5679660499404
2025-07-14,Forward Fill,102.84637433985762,105.23487195453372,105.1591766626557,100.0,100.0,101.93246800469409,100.0,100.0,100.0,105.50173360688294,100.0,102.5679660499404
2025-07-15,Forward Fill,102.84637433985762,105.23487195453372,105.1591766626557,100.0,100.0,101.93246800469409,100.0,100.0,100.0,105.50173360688294,100.0,102.5679660499404
2025-07-16,Forward Fill,102.84637433985762,105.23487195453372,105.1591766626557,100.0,100.0,101.93246800469409,100.0,100.0,100.0,105.50173360688294,100.0,102.5679660499404
2025-07-17,Forward Fill,102.84637433985762,105.23487195453372,105.1591766626557,100.0,100.0,101.93246800469409,100.0,100.0,100.0,105.50173360688294,100.0,102.5679660499404
2025-07-18,Forward Fill,102.84637433985762,105.23487195453372,105.1591766626557,100.0,100.0,101.93246800469409,100.0,100.0,100.0,105.50173360688294,100.0,102.5679660499404
2025-07-19,Forward Fill,102.84637433985762,105.23487195453372,105.1591766626557,100.0,100.0,101.93246800469409,100.0,100.0,100.0,105.50173360688294,100.0,102.5679660499404
2025-07-20,Forward Fill,102.84637433985762,105.23487195453372,105.1591766626557,100.0,100.0,101.93246800469409,100.0,100.0,100.0,105.50173360688294,100.0,102.5679660499404
2025-07-21,Forward Fill,102.84637433985762,105.23487195453372,105.1591766626557,100.0,100.0,101.93246800469409,100.0,100.0,100.0,105.50173360688294,100.0,102.5679660499404
2025-07-22,Forward Fill,102.84637433985762,105.23487195453372,105.1591766626557,100.0,100.0,101.93246800469409,100.0,100.0,100.0,105.50173360688294,100.0,102.5679660499404
2025-07-23,Forward Fill,102.84637433985762,105.23487195453372,105.1591766626557,100.0,100.0,101.93246800469409,100.0,100.0,100.0,105.50173360688294,100.0,102.5679660499404
2025-07-24,Forward Fill,102.84637433985762,105.23487195453372,105.1591766626557,100.0,100.0,101.93246800469409,100.0,100.0,100.0,105.50173360688294,100.0,102.5679660499404
2025-07-25,Forward Fill,102.84637433985762,105.23487195453372,105.1591766626557,100.0,100.0,101.93246800469409,100.0,100.0,100.0,105.50173360688294,100.0,102.5679660499404
2025-07-26,Forward Fill,102.84637433985762,105.23487195453372,105.1591766626557,100.0,100.0,101.93246800469409,100.0,100.0,100.0,105.50173360688294,100.0,102.5679660499404
2025-07-27,Forward Fill,102.84637433985762,105.23487195453372,105.1591766626557,100.0,100.0,101.93246800469409,100.0,100.0,100.0,105.50173360688294,100.0,102.5679660499404
2025-07-28,Forward Fill,102.84637433985762,105.23487195453372,105.1591766626557,100.0,100.0,101.93246800469409,100.0,100.0,100.0,105.50173360688294,100.0,102.5679660499404
2025-07-29,Forward Fill,102.84637433985762,105.23487195453372,105.1591766626557,100.0,100.0,101.93246800469409,100.0,100.0,100.0,105.50173360688294,100.0,102.5679660499404
2025-07-30,Forward Fill,102.84637433985762,105.23487195453372,105.1591766626557,100.0,100.0,101.93246800469409,100.0,100.0,100.0,105.50173360688294,100.0,102.5679660499404
2025-07-31,Forward Fill,102.84637433985762,105.23487195453372,105.1591766626557,100.0,100.0,101.93246800469409,100.0,100.0,100.0,105.50173360688294,100.0,102.5679660499404
2025-08-01,Forward Fill,102.84637433985762,105.23487195453372,105.1591766626557,100.0,100.0,101.93246800469409,100.0,100.0,100.0,105.50173360688294,100.0,102.5679660499404
2025-08-02,Forward Fill,102.84637433985762,105.23487195453372,105.1591766626557,100.0,100.0,101.93246800469409,100.0,100.0,100.0,105.50173360688294,100.0,102.5679660499404
2025-08-03,Forward Fill,102.84637433985762,105.23487195453372,105.1591766626557,100.0,100.0,101.93246800469409,100.0,100.0,100.0,105.50173360688294,100.0,102.5679660499404
2025-08-04,Forward Fill,102.84637433985762,105.23487195453372,105.1591766626557,100.0,100.0,101.93246800469409,100.0,100.0,100.0,105.50173360688294,100.0,102.5679660499404
2025-08-05,Forward Fill,102.84637433985762,105.23487195453372,105.1591766626557,100.0,100.0,101.93246800469409,100.0,100.0,100.0,105.50173360688294,100.0,102.5679660499404
2025-08-06,Forward Fill,102.84637433985762,105.23487195453372,105.1591766626557,100.0,100.0,101.93246800469409,100.0,100.0,100.0,105.50173360688294,100.0,102.5679660499404
2025-08-07,Forward Fill,102.84637433985762,105.23487195453372,105.1591766626557,100.0,100.0,101.93246800469409,100.0,100.0,100.0,105.50173360688294,100.0,102.5679660499404
2025-08-08,Forward Fill,102.84637433985762,105.23487195453372,105.1591766626557,100.0,100.0,101.93246800469409,100.0,100.0,100.0,105.50173360688294,100.0,102.5679660499404
2025-08-09,Forward Fill,102.84637433985762,105.23487195453372,105.1591766626557,100.0,100.0,101.93246800469409,100.0,100.0,100.0,105.50173360688294,100.0,102.5679660499404
2025-08-10,Forward Fill,102.84637433985762,105.23487195453372,105.1591766626557,100.0,100.0,101.93246800469409,100.0,100.0,100.0,105.50173360688294,100.0,102.5679660499404
2025-08-11,Forward Fill,102.84637433985762,105.23487195453372,105.1591766626557,100.0,100.0,101.93246800469409,100.0,100.0,100.0,105.50173360688294,100.0,102.5679660499404
2025-08-12,Forward Fill,102.84637433985762,105.23487195453372,105.1591766626557,100.0,100.0,101.93246800469409,100.0,100.0,100.0,105.50173360688294,100.0,102.5679660499404
2025-08-13,Forward Fill,102.84637433985762,105.23487195453372,105.1591766626557,100.0,100.0,101.93246800469409,100.0,100.0,100.0,105.50173360688294,100.0,102.5679660499404
2025-08-14,Forward Fill,102.84637433985762,105.23487195453372,105.1591766626557,100.0,100.0,101.93246800469409,100.0,100.0,100.0,105.50173360688294,100.0,102.5679660499404
2025-08-15,Forward Fill,102.84637433985762,105.23487195453372,105.1591766626557,100.0,100.0,101.93246800469409,100.0,100.0,100.0,105.50173360688294,100.0,102.5679660499404
2025-08-16,Forward Fill,102.84637433985762,105.23487195453372,105.1591766626557,100.0,100.0,101.93246800469409,100.0,100.0,100.0,105.50173360688294,100.0,102.5679660499404
2025-08-17,Forward Fill,102.84637433985762,105.23487195453372,105.1591766626557,100.0,100.0,101.93246800469409,100.0,100.0,100.0,105.50173360688294,100.0,102.5679660499404
2025-08-18,Forward Fill,102.84637433985762,105.23487195453372,105.1591766626557,100.0,100.0,101.93246800469409,100.0,100.0,100.0,105.50173360688294,100.0,102.5679660499404
2025-08-19,Forward Fill,102.84637433985762,105.23487195453372,105.1591766626557,100.0,100.0,101.93246800469409,100.0,100.0,100.0,105.50173360688294,100.0,102.5679660499404
2025-08-20,Forward Fill,102.84637433985762,105.23487195453372,105.1591766626557,100.0,100.0,101.93246800469409,100.0,100.0,100.0,105.50173360688294,100.0,102.5679660499404
2025-08-21,Forward Fill,102.84637433985762,105.23487195453372,105.1591766626557,100.0,100.0,101.93246800469409,100.0,100.0,100.0,105.50173360688294,100.0,102.5679660499404
2025-08-22,Forward Fill,102.84637433985762,105.23487195453372,105.1591766626557,100.0,100.0,101.93246800469409,100.0,100.0,100.0,105.50173360688294,100.0,102.5679660499404
2025-08-23,Forward Fill,102.84637433985762,105.23487195453372,105.1591766626557,100.0,100.0,101.93246800469409,100.0,100.0,100.0,105.50173360688294,100.0,102.5679660499404
2025-08-24,Forward Fill,102.84637433985762,105.23487195453372,105.1591766626557,100.0,100.0,101.93246800469409,100.0,100.0,100.0,105.50173360688294,100.0,102.5679660499404
2025-08-25,Forward Fill,102.84637433985762,105.23487195453372,105.1591766626557,100.0,100.0,101.93246800469409,100.0,100.0,100.0,105.50173360688294,100.0,102.5679660499404
2025-08-26,Forward Fill,102.84637433985762,105.23487195453372,105.1591766626557,100.0,100.0,101.93246800469409,100.0,100.0,100.0,105.50173360688294,100.0,102.5679660499404
2025-08-27,Forward Fill,102.84637433985762,105.23487195453372,105.1591766626557,100.0,100.0,101.93246800469409,100.0,100.0,100.0,105.50173360688294,100.0,102.5679660499404
2025-08-28,Forward Fill,102.84637433985762,105.23487195453372,105.1591766626557,100.0,100.0,101.93246800469409,100.0,100.0,100.0,105.50173360688294,100.0,102.5679660499404
2025-08-29,Forward Fill,102.84637433985762,105.23487195453372,105.1591766626557,100.0,100.0,101.93246800469409,100.0,100.0,100.0,105.50173360688294,100.0,102.5679660499404
2025-08-30,Forward Fill,102.84637433985762,105.23487195453372,105.1591766626557,100.0,100.0,101.93246800469409,100.0,100.0,100.0,105.50173360688294,100.0,102.5679660499404
2025-08-31,Forward Fill,102.84637433985762,105.23487195453372,105.1591766626557,100.0,100.0,101.93246800469409,100.0,100.0,100.0,105.50173360688294,100.0,102.5679660499404
2025-09-01,Forward Fill,102.84637433985762,105.23487195453372,105.1591766626557,100.0,100.0,101.93246800469409,100.0,100.0,100.0,105.50173360688294,100.0,102.5679660499404
2025-09-02,Forward Fill,102.84637433985762,105.23487195453372,105.1591766626557,100.0,100.0,101.93246800469409,100.0,100.0,100.0,105.50173360688294,100.0,102.5679660499404
2025-09-03,Forward Fill,102.84637433985762,105.23487195453372,105.1591766626557,100.0,100.0,101.93246800469409,100.0,100.0,100.0,105.50173360688294,100.0,102.5679660499404
2025-09-04,Forward Fill,102.84637433985762,105.23487195453372,105.1591766626557,100.0,100.0,101.93246800469409,100.0,100.0,100.0,105.50173360688294,100.0,102.5679660499404
2025-09-05,Forward Fill,102.84637433985762,105.23487195453372,105.1591766626557,100.0,100.0,101.93246800469409,100.0,100.0,100.0,105.50173360688294,100.0,102.5679660499404
2025-09-06,Forward Fill,102.84637433985762,105.23487195453372,105.1591766626557,100.0,100.0,101.93246800469409,100.0,100.0,100.0,105.50173360688294,100.0,102.5679660499404
2025-09-07,Forward Fill,102.84637433985762,105.23487195453372,105.1591766626557,100.0,100.0,101.93246800469409,100.0,100.0,100.0,105.50173360688294,100.0,102.5679660499404
2025-09-08,Forward Fill,102.84637433985762,105.23487195453372,105.1591766626557,100.0,100.0,101.93246800469409,100.0,100.0,100.0,105.50173360688294,100.0,102.5679660499404
2025-09-09,Forward Fill,102.84637433985762,105.23487195453372,105.1591766626557,100.0,100.0,101.93246800469409,100.0,100.0,100.0,105.50173360688294,100.0,102.5679660499404
2025-09-10,Forward Fill,102.84637433985762,105.23487195453372,105.1591766626557,100.0,100.0,101.93246800469409,100.0,100.0,100.0,105.50173360688294,100.0,102.5679660499404
2025-09-11,Forward Fill,102.84637433985762,105.23487195453372,105.1591766626557,100.0,100.0,101.93246800469409,100.0,100.0,100.0,105.50173360688294,100.0,102.5679660499404
2025-09-12,Forward Fill,102.84637433985762,105.23487195453372,105.1591766626557,100.0,100.0,101.93246800469409,100.0,100.0,100.0,105.50173360688294,100.0,102.5679660499404
2025-09-13,Forward Fill,102.84637433985762,105.23487195453372,105.1591766626557,100.0,100.0,101.93246800469409,100.0,100.0,100.0,105.50173360688294,100.0,102.5679660499404
2025-09-14,Forward Fill,102.84637433985762,105.23487195453372,105.1591766626557,100.0,100.0,101.93246800469409,100.0,100.0,100.0,105.50173360688294,100.0,102.5679660499404
2025-09-15,Forward Fill,102.84637433985762,105.23487195453372,105.1591766626557,100.0,100.0,101.93246800469409,100.0,100.0,100.0,105.50173360688294,100.0,102.5679660499404
2025-09-16,Forward Fill,102.84637433985762,105.23487195453372,105.1591766626557,100.0,100.0,101.93246800469409,100.0,100.0,100.0,105.50173360688294,100.0,102.5679660499404
2025-09-17,Forward Fill,102.84637433985762,105.23487195453372,105.1591766626557,100.0,100.0,101.93246800469409,100.0,100.0,100.0,105.50173360688294,100.0,102.5679660499404
2025-09-18,Forward Fill,102.84637433985762,105.23487195453372,105.1591766626557,100.0,100.0,101.93246800469409,100.0,100.0,100.0,105.50173360688294,100.0,102.5679660499404
2025-09-19,Forward Fill,102.84637433985762,105.23487195453372,105.1591766626557,100.0,100.0,101.93246800469409,100.0,100.0,100.0,105.50173360688294,100.0,102.5679660499404
2025-09-20,Forward Fill,102.84637433985762,105.23487195453372,105.1591766626557,100.0,100.0,101.93246800469409,100.0,100.0,100.0,105.50173360688294,100.0,102.5679660499404
2025-09-21,Forward Fill,102.84637433985762,105.23487195453372,105.1591766626557,100.0,100.0,101.93246800469409,100.0,100.0,100.0,105.50173360688294,100.0,102.5679660499404
2025-09-22,Forward Fill,102.84637433985762,105.23487195453372,105.1591766626557,100.0,100.0,101.93246800469409,100.0,100.0,100.0,105.50173360688294,100.0,102.5679660499404
2025-09-23,Forward Fill,102.84637433985762,105.23487195453372,105.1591766626557,100.0,100.0,101.93246800469409,100.0,100.0,100.0,105.50173360688294,100.0,102.5679660499404
2025-09-24,Forward Fill,102.84637433985762,105.23487195453372,105.1591766626557,100.0,100.0,101.93246800469409,100.0,100.0,100.0,105.50173360688294,100.0,102.5679660499404
2025-09-25,Forward Fill,102.84637433985762,105.23487195453372,105.1591766626557,100.0,100.0,101.93246800469409,100.0,100.0,100.0,105.50173360688294,100.0,102.5679660499404
2025-09-26,Forward Fill,102.84637433985762,105.23487195453372,105.1591766626557,100.0,100.0,101.93246800469409,100.0,100.0,100.0,105.50173360688294,100.0,102.5679660499404
2025-09-27,Forward Fill,102.84637433985762,105.23487195453372,105.1591766626557,100.0,100.0,101.93246800469409,100.0,100.0,100.0,105.50173360688294,100.0,102.5679660499404
2025-09-28,Forward Fill,102.84637433985762,105.23487195453372,105.1591766626557,100.0,100.0,101.93246800469409,100.0,100.0,100.0,105.50173360688294,100.0,102.5679660499404
2025-09-29,Forward Fill,102.84637433985762,105.23487195453372,105.1591766626557,100.0,100.0,101.93246800469409,100.0,100.0,100.0,105.50173360688294,100.0,102.5679660499404
2025-09-30,Forward Fill,102.84637433985762,105.23487195453372,105.1591766626557,100.0,100.0,101.93246800469409,100.0,100.0,100.0,105.50173360688294,100.0,102.5679660499404
2025-10-01,Forward Fill,102.84637433985762,105.23487195453372,105.1591766626557,100.0,100.0,101.93246800469409,100.0,100.0,100.0,105.50173360688294,100.0,102.5679660499404
2025-10-02,Forward Fill,102.84637433985762,105.23487195453372,105.1591766626557,100.0,100.0,101.93246800469409,100.0,100.0,100.0,105.50173360688294,100.0,102.5679660499404
2025-10-03,Forward Fill,102.84637433985762,105.23487195453372,105.1591766626557,100.0,100.0,101.93246800469409,100.0,100.0,100.0,105.50173360688294,100.0,102.5679660499404
2025-10-04,Forward Fill,102.84637433985762,105.23487195453372,105.1591766626557,100.0,100.0,101.93246800469409,100.0,100.0,100.0,105.50173360688294,100.0,102.5679660499404
2025-10-05,Forward Fill,102.84637433985762,105.23487195453372,105.1591766626557,100.0,100.0,101.93246800469409,100.0,100.0,100.0,105.50173360688294,100.0,102.5679660499404
2025-10-06,Forward Fill,102.84637433985762,105.23487195453372,105.1591766626557,100.0,100.0,101.93246800469409,100.0,100.0,100.0,105.50173360688294,100.0,102.5679660499404
2025-10-07,Forward Fill,102.84637433985762,105.23487195453372,105.1591766626557,100.0,100.0,101.93246800469409,100.0,100.0,100.0,105.50173360688294,100.0,102.5679660499404
2025-10-08,Forward Fill,102.84637433985762,105.23487195453372,105.1591766626557,100.0,100.0,101.93246800469409,100.0,100.0,100.0,105.50173360688294,100.0,102.5679660499404
2025-10-09,Forward Fill,102.84637433985762,105.23487195453372,105.1591766626557,100.0,100.0,101.93246800469409,100.0,100.0,100.0,105.50173360688294,100.0,102.5679660499404
2025-10-10,Forward Fill,102.84637433985762,105.23487195453372,105.1591766626557,100.0,100.0,101.93246800469409,100.0,100.0,100.0,105.50173360688294,100.0,102.5679660499404
2025-10-11,Forward Fill,102.84637433985762,105.23487195453372,105.1591766626557,100.0,100.0,101.93246800469409,100.0,100.0,100.0,105.50173360688294,100.0,102.5679660499404
2025-10-12,Forward Fill,102.84637433985762,105.23487195453372,105.1591766626557,100.0,100.0,101.93246800469409,100.0,100.0,100.0,105.50173360688294,100.0,102.5679660499404
2025-10-13,Forward Fill,102.84637433985762,105.23487195453372,105.1591766626557,100.0,100.0,101.93246800469409,100.0,100.0,100.0,105.50173360688294,100.0,102.5679660499404
2025-10-14,Forward Fill,102.84637433985762,105.23487195453372,105.1591766626557,100.0,100.0,101.93246800469409,100.0,100.0,100.0,105.50173360688294,100.0,102.5679660499404
2025-10-15,Forward Fill,102.84637433985762,105.23487195453372,105.1591766626557,100.0,100.0,101.93246800469409,100.0,100.0,100.0,105.50173360688294,100.0,102.5679660499404
2025-10-16,Forward Fill,102.84637433985762,105.23487195453372,105.1591766626557,100.0,100.0,101.93246800469409,100.0,100.0,100.0,105.50173360688294,100.0,102.5679660499404
2025-10-17,Forward Fill,102.84637433985762,105.23487195453372,105.1591766626557,100.0,100.0,101.93246800469409,100.0,100.0,100.0,105.50173360688294,100.0,102.5679660499404
2025-10-18,Forward Fill,102.84637433985762,105.23487195453372,105.1591766626557,100.0,100.0,101.93246800469409,100.0,100.0,100.0,105.50173360688294,100.0,102.5679660499404
2025-10-19,Forward Fill,102.84637433985762,105.23487195453372,105.1591766626557,100.0,100.0,101.93246800469409,100.0,100.0,100.0,105.50173360688294,100.0,102.5679660499404
2025-10-20,Forward Fill,102.84637433985762,105.23487195453372,105.1591766626557,100.0,100.0,101.93246800469409,100.0,100.0,100.0,105.50173360688294,100.0,102.5679660499404
2025-10-21,Forward Fill,102.84637433985762,105.23487195453372,105.1591766626557,100.0,100.0,101.93246800469409,100.0,100.0,100.0,105.50173360688294,100.0,102.5679660499404
2025-10-22,Forward Fill,102.84637433985762,105.23487195453372,105.1591766626557,100.0,100.0,101.93246800469409,100.0,100.0,100.0,105.50173360688294,100.0,102.5679660499404
2025-10-23,Forward Fill,102.84637433985762,105.23487195453372,105.1591766626557,100.0,100.0,101.93246800469409,100.0,100.0,100.0,105.50173360688294,100.0,102.5679660499404
2025-10-24,Forward Fill,102.84637433985762,105.23487195453372,105.1591766626557,100.0,100.0,101.93246800469409,100.0,100.0,100.0,105.50173360688294,100.0,102.5679660499404
2025-10-25,Forward Fill,102.84637433985762,105.23487195453372,105.1591766626557,100.0,100.0,101.93246800469409,100.0,100.0,100.0,105.50173360688294,100.0,102.5679660499404
2025-10-26,Forward Fill,102.84637433985762,105.23487195453372,105.1591766626557,100.0,100.0,101.93246800469409,100.0,100.0,100.0,105.50173360688294,100.0,102.5679660499404
2025-10-27,Forward Fill,102.84637433985762,105.23487195453372,105.1591766626557,100.0,100.0,101.93246800469409,100.0,100.0,100.0,105.50173360688294,100.0,102.5679660499404
2025-10-28,Forward Fill,102.84637433985762,105.23487195453372,105.1591766626557,100.0,100.0,101.93246800469409,100.0,100.0,100.0,105.50173360688294,100.0,102.5679660499404
2025-10-29,Forward Fill,102.84637433985762,105.23487195453372,105.1591766626557,100.0,100.0,101.93246800469409,100.0,100.0,100.0,105.50173360688294,100.0,102.5679660499404
2025-10-30,Forward Fill,102.84637433985762,105.23487195453372,105.1591766626557,100.0,100.0,101.93246800469409,100.0,100.0,100.0,105.50173360688294,100.0,102.5679660499404
2025-10-31,Forward Fill,102.84637433985762,105.23487195453372,105.1591766626557,100.0,100.0,101.93246800469409,100.0,100.0,100.0,105.50173360688294,100.0,102.5679660499404
2025-11-01,Forward Fill,102.84637433985762,105.23487195453372,105.1591766626557,100.0,100.0,101.93246800469409,100.0,100.0,100.0,105.50173360688294,100.0,102.5679660499404
2025-11-02,Forward Fill,102.84637433985762,105.23487195453372,105.1591766626557,100.0,100.0,101.93246800469409,100.0,100.0,100.0,105.50173360688294,100.0,102.5679660499404
2025-11-03,Forward Fill,102.84637433985762,105.23487195453372,105.1591766626557,100.0,100.0,101.93246800469409,100.0,100.0,100.0,105.50173360688294,100.0,102.5679660499404
2025-11-04,Forward Fill,102.84637433985762,105.23487195453372,105.1591766626557,100.0,100.0,101.93246800469409,100.0,100.0,100.0,105.50173360688294,100.0,102.5679660499404
2025-11-05,Forward Fill,102.84637433985762,105.23487195453372,105.1591766626557,100.0,100.0,101.93246800469409,100.0,100.0,100.0,105.50173360688294,100.0,102.5679660499404
2025-11-06,Forward Fill,102.84637433985762,105.23487195453372,105.1591766626557,100.0,100.0,101.93246800469409,100.0,100.0,100.0,105.50173360688294,100.0,102.5679660499404
2025-11-07,Forward Fill,102.84637433985762,105.23487195453372,105.1591766626557,100.0,100.0,101.93246800469409,100.0,100.0,100.0,105.50173360688294,100.0,102.5679660499404
2025-11-08,Forward Fill,102.84637433985762,105.23487195453372,105.1591766626557,100.0,100.0,101.93246800469409,100.0,100.0,100.0,105.50173360688294,100.0,102.5679660499404
2025-11-09,Forward Fill,102.84637433985762,105.23487195453372,105.1591766626557,100.0,100.0,101.93246800469409,100.0,100.0,100.0,105.50173360688294,100.0,102.5679660499404
2025-11-10,Forward Fill,102.84637433985762,105.23487195453372,105.1591766626557,100.0,100.0,101.93246800469409,100.0,100.0,100.0,105.50173360688294,100.0,102.5679660499404
2025-11-11,Forward Fill,102.84637433985762,105.23487195453372,105.1591766626557,100.0,100.0,101.93246800469409,100.0,100.0,100.0,105.50173360688294,100.0,102.5679660499404
2025-11-12,Forward Fill,102.84637433985762,105.23487195453372,105.1591766626557,100.0,100.0,101.93246800469409,100.0,100.0,100.0,105.50173360688294,100.0,102.5679660499404
2025-11-13,Forward Fill,102.84637433985762,105.23487195453372,105.1591766626557,100.0,100.0,101.93246800469409,100.0,100.0,100.0,105.50173360688294,100.0,102.5679660499404
2025-11-14,Forward Fill,102.84637433985762,105.23487195453372,105.1591766626557,100.0,100.0,101.93246800469409,100.0,100.0,100.0,105.50173360688294,100.0,102.5679660499404
2025-11-15,Forward Fill,102.84637433985762,105.23487195453372,105.1591766626557,100.0,100.0,101.93246800469409,100.0,100.0,100.0,105.50173360688294,100.0,102.5679660499404
2025-11-16,Forward Fill,102.84637433985762,105.23487195453372,105.1591766626557,100.0,100.0,101.93246800469409,100.0,100.0,100.0,105.50173360688294,100.0,102.5679660499404
2025-11-17,Forward Fill,102.84637433985762,105.23487195453372,105.1591766626557,100.0,100.0,101.93246800469409,100.0,100.0,100.0,105.50173360688294,100.0,102.5679660499404
2025-11-18,Forward Fill,102.84637433985762,105.23487195453372,105.1591766626557,100.0,100.0,101.93246800469409,100.0,100.0,100.0,105.50173360688294,100.0,102.5679660499404
2025-11-19,Forward Fill,102.84637433985762,105.23487195453372,105.1591766626557,100.0,100.0,101.93246800469409,100.0,100.0,100.0,105.50173360688294,100.0,102.5679660499404
2025-11-20,Forward Fill,102.84637433985762,105.23487195453372,105.1591766626557,100.0,100.0,101.93246800469409,100.0,100.0,100.0,105.50173360688294,100.0,102.5679660499404
2025-11-21,Forward Fill,102.84637433985762,105.23487195453372,105.1591766626557,100.0,100.0,101.93246800469409,100.0,100.0,100.0,105.50173360688294,100.0,102.5679660499404
2025-11-22,Forward Fill,102.84637433985762,105.23487195453372,105.1591766626557,100.0,100.0,101.93246800469409,100.0,100.0,100.0,105.50173360688294,100.0,102.5679660499404
2025-11-23,Forward Fill,102.84637433985762,105.23487195453372,105.1591766626557,100.0,100.0,101.93246800469409,100.0,100.0,100.0,105.50173360688294,100.0,102.5679660499404
2025-11-24,Forward Fill,102.84637433985762,105.23487195453372,105.1591766626557,100.0,100.0,101.93246800469409,100.0,100.0,100.0,105.50173360688294,100.0,102.5679660499404
2025-11-25,Forward Fill,102.84637433985762,105.23487195453372,105.1591766626557,100.0,100.0,101.93246800469409,100.0,100.0,100.0,105.50173360688294,100.0,102.5679660499404
2025-11-26,Forward Fill,102.84637433985762,105.23487195453372,105.1591766626557,100.0,100.0,101.93246800469409,100.0,100.0,100.0,105.50173360688294,100.0,102.5679660499404
2025-11-27,Forward Fill,102.84637433985762,105.23487195453372,105.1591766626557,100.0,100.0,101.93246800469409,100.0,100.0,100.0,105.50173360688294,100.0,102.5679660499404
2025-11-28,Forward Fill,102.84637433985762,105.23487195453372,105.1591766626557,100.0,100.0,101.93246800469409,100.0,100.0,100.0,105.50173360688294,100.0,102.5679660499404
2025-11-29,Forward Fill,102.84637433985762,105.23487195453372,105.1591766626557,100.0,100.0,101.93246800469409,100.0,100.0,100.0,105.50173360688294,100.0,102.5679660499404
2025-11-30,Forward Fill,102.84637433985762,105.23487195453372,105.1591766626557,100.0,100.0,101.93246800469409,100.0,100.0,100.0,105.50173360688294,100.0,102.5679660499404
2025-12-01,Forward Fill,102.84637433985762,105.23487195453372,105.1591766626557,100.0,100.0,101.93246800469409,100.0,100.0,100.0,105.50173360688294,100.0,102.5679660499404
2025-12-02,Forward Fill,102.84637433985762,105.23487195453372,105.1591766626557,100.0,100.0,101.93246800469409,100.0,100.0,100.0,105.50173360688294,100.0,102.5679660499404
2025-12-03,Forward Fill,102.84637433985762,105.23487195453372,105.1591766626557,100.0,100.0,101.93246800469409,100.0,100.0,100.0,105.50173360688294,100.0,102.5679660499404
2025-12-04,Forward Fill,102.84637433985762,105.23487195453372,105.1591766626557,100.0,100.0,101.93246800469409,100.0,100.0,100.0,105.50173360688294,100.0,102.5679660499404
2025-12-05,Forward Fill,102.84637433985762,105.23487195453372,105.1591766626557,100.0,100.0,101.93246800469409,100.0,100.0,100.0,105.50173360688294,100.0,102.5679660499404
2025-12-06,Forward Fill,102.84637433985762,105.23487195453372,105.1591766626557,100.0,100.0,101.93246800469409,100.0,100.0,100.0,105.50173360688294,100.0,102.5679660499404
2025-12-07,Forward Fill,102.84637433985762,105.23487195453372,105.1591766626557,100.0,100.0,101.93246800469409,100.0,100.0,100.0,105.50173360688294,100.0,102.5679660499404
2025-12-08,Forward Fill,102.84637433985762,105.23487195453372,105.1591766626557,100.0,100.0,101.93246800469409,100.0,100.0,100.0,105.50173360688294,100.0,102.5679660499404
2025-12-09,Forward Fill,102.84637433985762,105.23487195453372,105.1591766626557,100.0,100.0,101.93246800469409,100.0,100.0,100.0,105.50173360688294,100.0,102.5679660499404
2025-12-10,Forward Fill,102.84637433985762,105.23487195453372,105.1591766626557,100.0,100.0,101.93246800469409,100.0,100.0,100.0,105.50173360688294,100.0,102.5679660499404
2025-12-11,Forward Fill,102.84637433985762,105.23487195453372,105.1591766626557,100.0,100.0,101.93246800469409,100.0,100.0,100.0,105.50173360688294,100.0,102.5679660499404
2025-12-12,Forward Fill,102.84637433985762,105.23487195453372,105.1591766626557,100.0,100.0,101.93246800469409,100.0,100.0,100.0,105.50173360688294,100.0,102.5679660499404
2025-12-13,Forward Fill,102.84637433985762,105.23487195453372,105.1591766626557,100.0,100.0,101.93246800469409,100.0,100.0,100.0,105.50173360688294,100.0,102.5679660499404
2025-12-14,Forward Fill,102.84637433985762,105.23487195453372,105.1591766626557,100.0,100.0,101.93246800469409,100.0,100.0,100.0,105.50173360688294,100.0,102.5679660499404
2025-12-15,Forward Fill,102.84637433985762,105.23487195453372,105.1591766626557,100.0,100.0,101.93246800469409,100.0,100.0,100.0,105.50173360688294,100.0,102.5679660499404
2025-12-16,Forward Fill,102.84637433985762,105.23487195453372,105.1591766626557,100.0,100.0,101.93246800469409,100.0,100.0,100.0,105.50173360688294,100.0,102.5679660499404
2025-12-17,Forward Fill,102.84637433985762,105.23487195453372,105.1591766626557,100.0,100.0,101.93246800469409,100.0,100.0,100.0,105.50173360688294,100.0,102.5679660499404
2025-12-18,Forward Fill,102.84637433985762,105.23487195453372,105.1591766626557,100.0,100.0,101.93246800469409,100.0,100.0,100.0,105.50173360688294,100.0,102.5679660499404
2025-12-19,Forward Fill,102.84637433985762,105.23487195453372,105.1591766626557,100.0,100.0,101.93246800469409,100.0,100.0,100.0,105.50173360688294,100.0,102.5679660499404
2025-12-20,Forward Fill,102.84637433985762,105.23487195453372,105.1591766626557,100.0,100.0,101.93246800469409,100.0,100.0,100.0,105.50173360688294,100.0,102.5679660499404
2025-12-21,Forward Fill,102.84637433985762,105.23487195453372,105.1591766626557,100.0,100.0,101.93246800469409,100.0,100.0,100.0,105.50173360688294,100.0,102.5679660499404
2025-12-22,Forward Fill,102.84637433985762,105.23487195453372,105.1591766626557,100.0,100.0,101.93246800469409,100.0,100.0,100.0,105.50173360688294,100.0,102.5679660499404
2025-12-23,Forward Fill,102.84637433985762,105.23487195453372,105.1591766626557,100.0,100.0,101.93246800469409,100.0,100.0,100.0,105.50173360688294,100.0,102.5679660499404
2025-12-24,Forward Fill,102.84637433985762,105.23487195453372,105.1591766626557,100.0,100.0,101.93246800469409,100.0,100.0,100.0,105.50173360688294,100.0,102.5679660499404
2025-12-25,Forward Fill,102.84637433985762,105.23487195453372,105.1591766626557,100.0,100.0,101.93246800469409,100.0,100.0,100.0,105.50173360688294,100.0,102.5679660499404
2025-12-26,Forward Fill,102.84637433985762,105.23487195453372,105.1591766626557,100.0,100.0,101.93246800469409,100.0,100.0,100.0,105.50173360688294,100.0,102.5679660499404
2025-12-27,Forward Fill,102.84637433985762,105.23487195453372,105.1591766626557,100.0,100.0,101.93246800469409,100.0,100.0,100.0,105.50173360688294,100.0,102.5679660499404
2025-12-28,Forward Fill,102.84637433985762,105.23487195453372,105.1591766626557,100.0,100.0,101.93246800469409,100.0,100.0,100.0,105.50173360688294,100.0,102.5679660499404
2025-12-29,Forward Fill,102.84637433985762,105.23487195453372,105.1591766626557,100.0,100.0,101.93246800469409,100.0,100.0,100.0,105.50173360688294,100.0,102.5679660499404
2025-12-30,Forward Fill,102.84637433985762,105.23487195453372,105.1591766626557,100.0,100.0,101.93246800469409,100.0,100.0,100.0,105.50173360688294,100.0,102.5679660499404
2025-12-31,Forward Fill,102.84637433985762,105.23487195453372,105.1591766626557,100.0,100.0,101.93246800469409,100.0,100.0,100.0,105.50173360688294,100.0,102.5679660499404
2026-01-01,Forward Fill,102.84637433985762,105.23487195453372,105.1591766626557,100.0,100.0,101.93246800469409,100.0,100.0,100.0,105.50173360688294,100.0,102.5679660499404
2026-01-02,Forward Fill,102.84637433985762,105.23487195453372,105.1591766626557,100.0,100.0,101.93246800469409,100.0,100.0,100.0,105.50173360688294,100.0,102.5679660499404
2026-01-03,Forward Fill,102.84637433985762,105.23487195453372,105.1591766626557,100.0,100.0,101.93246800469409,100.0,100.0,100.0,105.50173360688294,100.0,102.5679660499404
2026-01-04,Forward Fill,102.84637433985762,105.23487195453372,105.1591766626557,100.0,100.0,101.93246800469409,100.0,100.0,100.0,105.50173360688294,100.0,102.5679660499404
2026-01-05,Forward Fill,102.84637433985762,105.23487195453372,105.1591766626557,100.0,100.0,101.93246800469409,100.0,100.0,100.0,105.50173360688294,100.0,102.5679660499404
2026-01-06,Forward Fill,102.84637433985762,105.23487195453372,105.1591766626557,100.0,100.0,101.93246800469409,100.0,100.0,100.0,105.50173360688294,100.0,102.5679660499404
2026-01-07,Forward Fill,102.84637433985762,105.23487195453372,105.1591766626557,100.0,100.0,101.93246800469409,100.0,100.0,100.0,105.50173360688294,100.0,102.5679660499404
2026-01-08,Forward Fill,102.84637433985762,105.23487195453372,105.1591766626557,100.0,100.0,101.93246800469409,100.0,100.0,100.0,105.50173360688294,100.0,102.5679660499404
2026-01-09,Forward Fill,102.84637433985762,105.23487195453372,105.1591766626557,100.0,100.0,101.93246800469409,100.0,100.0,100.0,105.50173360688294,100.0,102.5679660499404
2026-01-10,Forward Fill,102.84637433985762,105.23487195453372,105.1591766626557,100.0,100.0,101.93246800469409,100.0,100.0,100.0,105.50173360688294,100.0,102.5679660499404
2026-01-11,Forward Fill,102.84637433985762,105.23487195453372,105.1591766626557,100.0,100.0,101.93246800469409,100.0,100.0,100.0,105.50173360688294,100.0,102.5679660499404
2026-01-12,Forward Fill,102.84637433985762,105.23487195453372,105.1591766626557,100.0,100.0,101.93246800469409,100.0,100.0,100.0,105.50173360688294,100.0,102.5679660499404
2026-01-13,Forward Fill,102.84637433985762,105.23487195453372,105.1591766626557,100.0,100.0,101.93246800469409,100.0,100.0,100.0,105.50173360688294,100.0,102.5679660499404
2026-01-14,Forward Fill,102.84637433985762,105.23487195453372,105.1591766626557,100.0,100.0,101.93246800469409,100.0,100.0,100.0,105.50173360688294,100.0,102.5679660499404
2026-01-15,Forward Fill,102.84637433985762,105.23487195453372,105.1591766626557,100.0,100.0,101.93246800469409,100.0,100.0,100.0,105.50173360688294,100.0,102.5679660499404
2026-01-16,Forward Fill,102.84637433985762,105.23487195453372,105.1591766626557,100.0,100.0,101.93246800469409,100.0,100.0,100.0,105.50173360688294,100.0,102.5679660499404
2026-01-17,Forward Fill,102.84637433985762,105.23487195453372,105.1591766626557,100.0,100.0,101.93246800469409,100.0,100.0,100.0,105.50173360688294,100.0,102.5679660499404
2026-01-18,Forward Fill,102.84637433985762,105.23487195453372,105.1591766626557,100.0,100.0,101.93246800469409,100.0,100.0,100.0,105.50173360688294,100.0,102.5679660499404
2026-01-19,Forward Fill,102.84637433985762,105.23487195453372,105.1591766626557,100.0,100.0,101.93246800469409,100.0,100.0,100.0,105.50173360688294,100.0,102.5679660499404
2026-01-20,Forward Fill,102.84637433985762,105.23487195453372,105.1591766626557,100.0,100.0,101.93246800469409,100.0,100.0,100.0,105.50173360688294,100.0,102.5679660499404
2026-01-21,Forward Fill,102.84637433985762,105.23487195453372,105.1591766626557,100.0,100.0,101.93246800469409,100.0,100.0,100.0,105.50173360688294,100.0,102.5679660499404
2026-01-22,Forward Fill,102.84637433985762,105.23487195453372,105.1591766626557,100.0,100.0,101.93246800469409,100.0,100.0,100.0,105.50173360688294,100.0,102.5679660499404
2026-01-23,Forward Fill,102.84637433985762,105.23487195453372,105.1591766626557,100.0,100.0,101.93246800469409,100.0,100.0,100.0,105.50173360688294,100.0,102.5679660499404
2026-01-24,Forward Fill,102.84637433985762,105.23487195453372,105.1591766626557,100.0,100.0,101.93246800469409,100.0,100.0,100.0,105.50173360688294,100.0,102.5679660499404
2026-01-25,Forward Fill,102.84637433985762,105.23487195453372,105.1591766626557,100.0,100.0,101.93246800469409,100.0,100.0,100.0,105.50173360688294,100.0,102.5679660499404
2026-01-26,Forward Fill,102.84637433985762,105.23487195453372,105.1591766626557,100.0,100.0,101.93246800469409,100.0,100.0,100.0,105.50173360688294,100.0,102.5679660499404
2026-01-27,Forward Fill,102.84637433985762,105.23487195453372,105.1591766626557,100.0,100.0,101.93246800469409,100.0,100.0,100.0,105.50173360688294,100.0,102.5679660499404
2026-01-28,Forward Fill,102.84637433985762,105.23487195453372,105.1591766626557,100.0,100.0,101.93246800469409,100.0,100.0,100.0,105.50173360688294,100.0,102.5679660499404
2026-01-29,Forward Fill,102.84637433985762,105.23487195453372,105.1591766626557,100.0,100.0,101.93246800469409,100.0,100.0,100.0,105.50173360688294,100.0,102.5679660499404
2026-01-30,Forward Fill,102.84637433985762,105.23487195453372,105.1591766626557,100.0,100.0,101.93246800469409,100.0,100.0,100.0,105.50173360688294,100.0,102.5679660499404
2026-01-31,Forward Fill,102.84637433985762,105.23487195453372,105.1591766626557,100.0,100.0,101.93246800469409,100.0,100.0,100.0,105.50173360688294,100.0,102.5679660499404
2026-02-01,Forward Fill,102.84637433985762,105.23487195453372,105.1591766626557,100.0,100.0,101.93246800469409,100.0,100.0,100.0,105.50173360688294,100.0,102.5679660499404
2026-02-02,Forward Fill,102.84637433985762,105.23487195453372,105.1591766626557,100.0,100.0,101.93246800469409,100.0,100.0,100.0,105.50173360688294,100.0,102.5679660499404
2026-02-03,Forward Fill,102.84637433985762,105.23487195453372,105.1591766626557,100.0,100.0,101.93246800469409,100.0,100.0,100.0,105.50173360688294,100.0,102.5679660499404
2026-02-04,Forward Fill,102.84637433985762,105.23487195453372,105.1591766626557,100.0,100.0,101.93246800469409,100.0,100.0,100.0,105.50173360688294,100.0,102.5679660499404
2026-02-05,Forward Fill,102.84637433985762,105.23487195453372,105.1591766626557,100.0,100.0,101.93246800469409,100.0,100.0,100.0,105.50173360688294,100.0,102.5679660499404
2026-02-06,Forward Fill,102.84637433985762,105.23487195453372,105.1591766626557,100.0,100.0,101.93246800469409,100.0,100.0,100.0,105.50173360688294,100.0,102.5679660499404
2026-02-07,Forward Fill,102.84637433985762,105.23487195453372,105.1591766626557,100.0,100.0,101.93246800469409,100.0,100.0,100.0,105.50173360688294,100.0,102.5679660499404
2026-02-08,Forward Fill,102.84637433985762,105.23487195453372,105.1591766626557,100.0,100.0,101.93246800469409,100.0,100.0,100.0,105.50173360688294,100.0,102.5679660499404
2026-02-09,Forward Fill,102.84637433985762,105.23487195453372,105.1591766626557,100.0,100.0,101.93246800469409,100.0,100.0,100.0,105.50173360688294,100.0,102.5679660499404
2026-02-10,Forward Fill,102.84637433985762,105.23487195453372,105.1591766626557,100.0,100.0,101.93246800469409,100.0,100.0,100.0,105.50173360688294,100.0,102.5679660499404
2026-02-11,Forward Fill,102.84637433985762,105.23487195453372,105.1591766626557,100.0,100.0,101.93246800469409,100.0,100.0,100.0,105.50173360688294,100.0,102.5679660499404
2026-02-12,Forward Fill,102.84637433985762,105.23487195453372,105.1591766626557,100.0,100.0,101.93246800469409,100.0,100.0,100.0,105.50173360688294,100.0,102.5679660499404
2026-02-13,Forward Fill,102.84637433985762,105.23487195453372,105.1591766626557,100.0,100.0,101.93246800469409,100.0,100.0,100.0,105.50173360688294,100.0,102.5679660499404
2026-02-14,Forward Fill,102.84637433985762,105.23487195453372,105.1591766626557,100.0,100.0,101.93246800469409,100.0,100.0,100.0,105.50173360688294,100.0,102.5679660499404
