Product Name,Product ID,Category,Confidence,Flag
Toallitas Húmedas Acolchamax Pequeñín 80 Unds.,1409,Bienes y Servicios Diversos,high,
Shampoo Carbon Activado Carissa 800 Ml,2152,Bienes y Servicios Diversos,high,
Endulzante con Stevia Equal 50 Unds.,665,Alimentos y Bebidas No Alcohólicas,high,
Ambientador Con Gatillo Air 2,1,"Muebles, Bienes y Servicios Domésticos",high,
"Limpiador Flores de Primavera Poett 1,8 Lt",10,"Muebles, Bienes y Servicios Domésticos",high,
Sanitizador de Manos Agua Marina Hi Geen Adult Jazmín 110 Ml,1000,Bienes y Servicios Diversos,high,
Sanitizador de Manos Agua Marina Hi Geen para Adulto 110 Ml,1001,Bienes y Servicios Diversos,high,
Sanitizador de Manos Agua Marina Hi Geen Adult Natural 110 Ml,1002,Bienes y Servicios Diversos,high,
Sanitizador de Manos Agua Marina Hi Geen Bolsillo Limón 50 Ml,1003,Bienes y Servicios Diversos,high,
Sanitizador de Manos Agua Marina Hi Geen Bolsillo Frutas Rojas 50 Ml,1004,Bienes y Servicios Diversos,high,
Sanitizador de Manos Agua Marina Hi Geen Bolsillo Agua Marina 50 Ml,1005,Bienes y Servicios Diversos,high,
Sanitizador de Manos Agua Marina Hi Geen Bolsillo Rosa de Damasco 50Ml,1006,Bienes y Servicios Diversos,high,
Sanitizador de Manos Hi Geen Bolsillo Jazmín 50Ml,1007,Bienes y Servicios Diversos,high,
Sanitizador de Manos Agua Marina Hi Geen Adult Amor 110 Ml,1008,Bienes y Servicios Diversos,high,
Sanitizador de Manos Hi Geen Infantil Bitty & Mitty 80Ml Gel,1009,Bienes y Servicios Diversos,high,
Galleta Original Club Social 234 Gr,101,Alimentos y Bebidas No Alcohólicas,high,
Sanitizador de Manos Hi Geen Infantil  Bibo 80Ml,1010,Bienes y Servicios Diversos,high,
Pañitos Humedos para Bebe Pompiglos Premiun Pompiglis 60 Unds,1011,Bienes y Servicios Diversos,high,
Repelente Fexon Infantil 100 Gr,1012,Bienes y Servicios Diversos,high,
Repelente Fexon Adulto 100 Gr,1013,Bienes y Servicios Diversos,high,
Repelente Fexon Spray 130 Gr,1014,Bienes y Servicios Diversos,high,
Endulzante Sucranova 150 Tabletas,1015,Alimentos y Bebidas No Alcohólicas,high,
Endulzante Sucranova Natura 270 Ml,1017,Alimentos y Bebidas No Alcohólicas,high,
Pañitos Clasicos Pompiglos 100 Unds,1018,Bienes y Servicios Diversos,high,
Pañitos Clasicos Doypak Pompiglos 250 Unds,1019,Bienes y Servicios Diversos,high,
Cereal Corn Flakes Kelloggs 200 Gr,102,Alimentos y Bebidas No Alcohólicas,high,
Bloqueador Solar Adulto Factor 50 Solaris 90 Gr,1020,Bienes y Servicios Diversos,high,
Bloqueador Solar Baby Kids Factor 50 Solaris 90 Gr,1021,Bienes y Servicios Diversos,high,
Bloqueador Solar Sport Factor 50 Solaris 90 Gr,1022,Bienes y Servicios Diversos,high,
Bloqueador Solar Facial Factor 30 Solaris 90 Gr,1023,Bienes y Servicios Diversos,high,
Cepillo F92 Clinic Doble 2X1 Suave Foramen,1024,Bienes y Servicios Diversos,high,
Gel Bucal Foramen 75 Ml,1025,Bienes y Servicios Diversos,high,
Pasta Dental 2 En 1 Dientes Blancos Foramen 100 Ml,1026,Bienes y Servicios Diversos,high,
Gel Dental Junior Forman 50 Ml,1027,Bienes y Servicios Diversos,high,
Pasta Dental 2 En 1 Junior 2 En 1 Foramen 100 Ml,1028,Bienes y Servicios Diversos,high,
Pasta Dental 2 En 1 Herbal Aloe Foramen 100 Ml,1029,Bienes y Servicios Diversos,high,
Cereal Corn Flakes Kelloggs 500 Gr,103,Alimentos y Bebidas No Alcohólicas,high,
Enjuague Bucal Herbal Aloe Foramen 500 Ml,1030,Bienes y Servicios Diversos,high,
Enjuague Bucal Dientes Sensibles Foramen 500 Ml,1031,Bienes y Servicios Diversos,high,
Enjuague Bucal Proteccion Foramen 500 Ml,1032,Bienes y Servicios Diversos,high,
Enjuague Bucal Junior Foramen 500 Ml,1033,Bienes y Servicios Diversos,high,
Enjuague Bucal Gingivitis Foramen 250 Ml,1034,Bienes y Servicios Diversos,high,
Neceser Adulto Foramen Unidad,1036,Bienes y Servicios Diversos,high,
Cepillo F29 Tynex Suave Foramen,1037,Bienes y Servicios Diversos,high,
Cepillo F29 Tynex Medio Foramen,1038,Bienes y Servicios Diversos,high,
Cepillo Ortodoncias 504 Foramen Unidad,1039,Bienes y Servicios Diversos,high,
Cereal Sabor Chocolate Chocapic Nestle 250 Gr,104,Alimentos y Bebidas No Alcohólicas,high,
Cepillo Infantil 4 mas Reloj Pulsera Foramen Unidad,1040,Bienes y Servicios Diversos,high,
Cepillo Pharma Ortodoncia Foramen Unidad,1041,Bienes y Servicios Diversos,high,
Cepillo F30 Tynex Suave Foramen,1042,Bienes y Servicios Diversos,high,
Cepillo F30 Tynex Duro Foramen,1044,Bienes y Servicios Diversos,high,
Cepillo Pharma Suave Foramen Unidad,1045,Bienes y Servicios Diversos,high,
Cepillo F92 Clinic Suave Foramen,1046,Bienes y Servicios Diversos,high,
Cepillo Pharma Medio Foramen Unidad,1047,Bienes y Servicios Diversos,high,
Cepillo F92 Clinic Medio Foramen,1048,Bienes y Servicios Diversos,high,
Cepillo F92 Clinic Duro Foramen,1049,Bienes y Servicios Diversos,high,
Cereal Chocapic Nestle 400 Gr,105,Alimentos y Bebidas No Alcohólicas,high,
Cepillo Profesional Medio Foramen Unidad,1051,Bienes y Servicios Diversos,high,
Cepillo Profesional Duro Foramen Unidad,1052,Bienes y Servicios Diversos,high,
Cepillo Dual Suave Foramen Unidad,1053,Bienes y Servicios Diversos,high,
Cepillo Dual Medio Foramen Unidad,1054,Bienes y Servicios Diversos,high,
Cepillo V-Plus Suave Foramen Unidad,1055,Bienes y Servicios Diversos,high,
Cepillo Foramen V Plus Medio Foramen Unidad,1056,Bienes y Servicios Diversos,high,
Cepillo V Plus Duro Foramen Unidad,1057,Bienes y Servicios Diversos,high,
Cepillo Pharma Sensible Foramen Unidad,1058,Bienes y Servicios Diversos,high,
Cepillo para Encias Delicadas Foramen Unidad,1059,Bienes y Servicios Diversos,high,
Cepillo Adapta Duro Foramen Unidad,1061,Bienes y Servicios Diversos,high,
Cepillo Expert 3 Suave Foramen,1062,Bienes y Servicios Diversos,high,
Cepillo Expert 3 Medio Foramen Unidad,1063,Bienes y Servicios Diversos,high,
Cepillo Expert 3 Duro Foramen Unidad,1064,Bienes y Servicios Diversos,high,
Cepillo Infantil Suave Foramen Unidad,1065,Bienes y Servicios Diversos,high,
Cepillo Junior Aromas Fruits Foramen Unidad,1066,Bienes y Servicios Diversos,high,
Cepillo Junior Tynex Suave Foramen Unidad,1067,Bienes y Servicios Diversos,high,
Cepillo Expert Pro Suave Foramen Unidad,1068,Bienes y Servicios Diversos,high,
Cepillo Expert Pro Medio Foramen Unidad,1069,Bienes y Servicios Diversos,high,
Sebada Instantanea Ecco Nestle 190 Gr,107,Alimentos y Bebidas No Alcohólicas,high,
Cepillo Baby Foramen Unidad,1070,Bienes y Servicios Diversos,high,
Cepillo Pharma Sensor Foramen Unidad,1071,Bienes y Servicios Diversos,high,
Cepillo F-6 Tynex Suave Foramen Unidad,1072,Bienes y Servicios Diversos,high,
Cepillo F-6 Maxi Tynex Medio Foramen Unidad,1074,Bienes y Servicios Diversos,high,
Cepillo de Viaje Formmen Unidad,1075,Bienes y Servicios Diversos,high,
Set Dental De Viaje Traveler 3 en 1 Foramen,1076,Bienes y Servicios Diversos,high,
Cepillo Infantil mas Reloj Foramen Unidad,1077,Bienes y Servicios Diversos,high,
Limpiador Lingual Foramen Unidad,1078,Bienes y Servicios Diversos,high,
Frescor en Spray Boca Sana Aliento Fresco Foramen 15 Ml,1079,Bienes y Servicios Diversos,high,
Galleta Chokosoda Field 216 Gr,108,Alimentos y Bebidas No Alcohólicas,high,
Cinta Dental Teflon Ref 421 Foramen Unidad,1080,Bienes y Servicios Diversos,high,
Seda Dental 422 Foramen,1081,Bienes y Servicios Diversos,high,
Seda Dental con Microfilamentos Foramen,1082,Bienes y Servicios Diversos,high,
Cepillo F92 Clinic Doble 2X1 Duro Foramen,1083,Bienes y Servicios Diversos,high,
Cepillo F92 Clinic Doble 2X1 Medio Foramen,1084,Bienes y Servicios Diversos,high,
Cepillo F30 Tynex Medio Foramen 2X1,1085,Bienes y Servicios Diversos,high,
Cepillo F30 Tynex Duro Foramen 2X1,1086,Bienes y Servicios Diversos,high,
Cepillo F Expert 3 Suave Foramen 2X1,1087,Bienes y Servicios Diversos,high,
Cepillo Expert 3 Medio Foramen 2X1,1088,Bienes y Servicios Diversos,high,
Gel Dental Refrescante 75 Ml,1089,Bienes y Servicios Diversos,high,
Galleta Sabor Queso Sandwich Ritz 204 Gr,109,Alimentos y Bebidas No Alcohólicas,high,
Gel Dental Junior Vertical 75 Ml,1090,Bienes y Servicios Diversos,high,
Pasta Dental 2 En 1 Charcoal Foramen 100 Ml,1091,Bienes y Servicios Diversos,high,
Enjuague Bucal Accion Noche Foramen 500 Ml,1092,Bienes y Servicios Diversos,high,
Enjuague Bucal Whiting Foramen 500 Ml,1093,Bienes y Servicios Diversos,high,
Enjuague Bucal Antiplaca Foramen 500 Ml,1094,Bienes y Servicios Diversos,high,
Cepillo Infantil Foramino Foramen 2X1,1095,Bienes y Servicios Diversos,high,
Cepillo Junior Extreme 9 a 12 Años Foramen Unidad,1096,Bienes y Servicios Diversos,high,
Cepillo Flex Foramen Unidad,1097,Bienes y Servicios Diversos,high,
Cepillo Flexi Tip Suave Foramen Unidad,1098,Bienes y Servicios Diversos,high,
Cepillo Baby Con Protector Foramen Unidad,1099,Bienes y Servicios Diversos,high,
"Limpiador Frescura de Lavanda Poett 1,8 Lt",11,"Muebles, Bienes y Servicios Domésticos",high,
Cereal Zucarias Kelloggs 300 Gr,110,Alimentos y Bebidas No Alcohólicas,high,
Cepillo Blanqueador Foramen Unidad,1100,Bienes y Servicios Diversos,high,
Cepillo Kids Safari Foramen Unidad,1101,Bienes y Servicios Diversos,high,
Cepillo Flexi Tip Medio Foramen Unidad,1103,Bienes y Servicios Diversos,high,
Cepillo con Luz Foramen Unidad,1104,Bienes y Servicios Diversos,high,
Cepillo Charcoal Foramen Unidad,1105,Bienes y Servicios Diversos,high,
Arco Con Hilo Dental 30 Unidades,1106,Bienes y Servicios Diversos,high,
Cepillos Interdentales Extrafino 6 Unids,1107,Bienes y Servicios Diversos,high,
Cepillos Interdentales Fino 6 Unids,1108,Bienes y Servicios Diversos,high,
Cepillos Interdental Medio 6 Unds,1109,Bienes y Servicios Diversos,high,
Cereal Zucaritas Kelloggs 730 Gr,111,Alimentos y Bebidas No Alcohólicas,high,
Cepillos Interdentales Conico 6 Unids,1110,Bienes y Servicios Diversos,high,
Arco con Hilo Dental Charcoal  Foramen 30 Unidades,1112,Bienes y Servicios Diversos,high,
Crema Dental Sensible mas Blanqueador Foramen 75 Ml,1113,Bienes y Servicios Diversos,high,
Shampoo Bioxsine Forte 300 Ml,1115,Bienes y Servicios Diversos,high,
Preservativo Maxmen Boom 3 Unds,1116,Bienes y Servicios Diversos,high,
Preservativo Max Men Inspiral Tornado 3 Unds,1117,Bienes y Servicios Diversos,high,
Desodorante en Barra Deo Sti V8 Rexona Men 50 Gr,1119,Bienes y Servicios Diversos,high,
Te Verde Manzana Ice Tea 300 Gr,112,Alimentos y Bebidas No Alcohólicas,high,
Desodorante en Barra Sti Invisible Dove 50 Gr,1120,Bienes y Servicios Diversos,high,
Desodorante en Barra Invisible Rexona 50 Gr,1121,Bienes y Servicios Diversos,high,
Desodorante en Barra Extra Fresh Dove Men Care 50 Gr,1122,Bienes y Servicios Diversos,high,
Desodorante en Barra Xtra Cool Rexona 50 Gr,1123,Bienes y Servicios Diversos,high,
Desodorante en Barra Antivacterial mas Invisible Rexona 50 Gr,1124,Bienes y Servicios Diversos,high,
Desodorante Roll on Antibacterial Rexona men 50 Ml,1125,Bienes y Servicios Diversos,high,
Desodorante en Barra Sport Active Fresh Dove 50 Gr,1126,Bienes y Servicios Diversos,high,
Desosorante Roll on Sport Intense Rexona 50 Ml,1127,Bienes y Servicios Diversos,high,
Desodorante en Barra Sport Men Rexona 50 Gr,1128,Bienes y Servicios Diversos,high,
Te Verde Hindu 26 Gr,113,Alimentos y Bebidas No Alcohólicas,high,
Desodorante Deo Rollon Sensitive Rexona 50 Ml,1130,Bienes y Servicios Diversos,high,
Desodorante Roll on Original Dove 50 Ml,1131,Bienes y Servicios Diversos,high,
Desodorante Roll on Clear Tone Dove 50 Ml,1132,Bienes y Servicios Diversos,high,
Desodorante Roll on Invisible Dry Dove Men Care 50Ml,1133,Bienes y Servicios Diversos,high,
Desodorante Roll on Extra Fresh Dove Men Care 50 Ml,1134,Bienes y Servicios Diversos,high,
Desodorante Roll on Invisible Dry Dove Men Care 50 Ml,1135,Bienes y Servicios Diversos,high,
Desodorante Roll on Invisible Care Dove 50 Ml,1137,Bienes y Servicios Diversos,high,
Crema Piel Renovada Colageno y Elastina St Ives 532 Ml,1138,Bienes y Servicios Diversos,high,
Crema Corporal Humectacion Diaria St Ives 400 Ml,1139,Bienes y Servicios Diversos,high,
Fideo Spaguetti Don Vittorio 400 Gr,114,Alimentos y Bebidas No Alcohólicas,high,
Mostaza Hellmanns Doypack 200 Gr,1141,Alimentos y Bebidas No Alcohólicas,high,
Crema Humectante Nutritiva Ponds 100 Gr,1142,Bienes y Servicios Diversos,high,
Crema Humectante Nutritiva Ponds 200 Gr,1143,Bienes y Servicios Diversos,high,
Crema Facial Aclarante B3 Grasa Ponds 100 Gr,1144,Bienes y Servicios Diversos,high,
Crema Antiedad Rejuveness Dia Ponds 100 Gr,1145,Bienes y Servicios Diversos,high,
Crema Antiarrugas Rejuveness Noche Ponds 100 Gr,1146,Bienes y Servicios Diversos,high,
Crema para Peinar Restauracion Instantania Sedal 300 Ml,1147,Bienes y Servicios Diversos,high,
Crema para Peinar Liso Perfecto Sedal 300 Ml,1148,Bienes y Servicios Diversos,high,
Crema pra Peinar Ceramidas Sedal 300 Ml,1149,Bienes y Servicios Diversos,high,
Fideo Don Vittorio Tallarin Don Vittorio 400 Gr,115,Alimentos y Bebidas No Alcohólicas,high,
Crema para Peinar Rizos Definidos Sedal 300 Ml,1150,Bienes y Servicios Diversos,high,
Shampoo Anticaspa Clear Men 2en1 Limpieza Diaria 400 Ml,1151,Bienes y Servicios Diversos,high,
Shampoo Anticaspa Clear Men Caida Control 400 Ml,1152,Bienes y Servicios Diversos,high,
Shampoo Anticaspa Clear Men Ice Cool Menthol 400 Ml,1153,Bienes y Servicios Diversos,high,
Crema Corporal Aceite de Karite Dove 400 Ml,1154,Bienes y Servicios Diversos,high,
Locion desmaquillante Dual Bio Hidratante Ponds,1155,Bienes y Servicios Diversos,high,
Shampoo Crecimiento Anti Estrés Sedal 650 Ml,1156,Bienes y Servicios Diversos,high,
Crema Corporal Ritual Energizante Dove 400 Ml,1158,Bienes y Servicios Diversos,high,
Galleta Frac Vainilla Costa 132 Gr,116,Alimentos y Bebidas No Alcohólicas,high,
Desodorante Crema Humectante Dermoaclarant Dove 150 Ml,1163,Bienes y Servicios Diversos,high,
Desodorante Crema Humectante Go Fresh Dove 150 Ml,1164,Bienes y Servicios Diversos,high,
Desodorante Antibacterial Invisible Rexona 150 Ml,1165,Bienes y Servicios Diversos,high,
Desodorante Men Antibacterial Invisible Rexona 150 Ml,1166,Bienes y Servicios Diversos,high,
Ketchup Rik 1Kg,1167,Alimentos y Bebidas No Alcohólicas,high,
Ketchup Rik 400 Gg,1168,Alimentos y Bebidas No Alcohólicas,high,
Crema de Tomate Knorr 64 Gr,1169,Alimentos y Bebidas No Alcohólicas,high,
Galleta Soda Line Costa 180 Gr,117,Alimentos y Bebidas No Alcohólicas,high,
Salsa Bolognesa Knorr 50 Gr,1170,Alimentos y Bebidas No Alcohólicas,high,
Salsa Bechamel Knorr 40 Gr,1171,Alimentos y Bebidas No Alcohólicas,high,
Shampoo Manzzanilla Cabello Claro y Delgado Liz 900 Ml,1172,Bienes y Servicios Diversos,high,
Shampoo Anticaspa Control Eficaz Liz 900 Ml,1173,Bienes y Servicios Diversos,high,
Shampoo Aloe Vera y Pepino Liz 900 Ml,1174,Bienes y Servicios Diversos,high,
Shampoo Sin Sal Bebe Liz 900 Ml,1175,Bienes y Servicios Diversos,high,
Shampoo Aloe Vera y Pepino Liz Doy Pack 900 Ml,1176,Bienes y Servicios Diversos,high,
Shampoo Sin Sal Bebe Liz Doypack 900 Ml,1177,Bienes y Servicios Diversos,high,
Shampoo Aloe Vera y Pepino Liz Doypack 900 Ml,1178,Bienes y Servicios Diversos,high,
Shampoo Aceite de Coco y Proteina de Leche Liz Doypack 900 Ml,1179,Bienes y Servicios Diversos,high,
Shampoo Extracto de Palta Liz Doypack 900 Ml,1180,Bienes y Servicios Diversos,high,
Pasta Dental Accion Profunda Closeup 180 Gr,1184,Bienes y Servicios Diversos,high,
Pasta Dental Menthol Paradise Closeup 90 Gr,1185,Bienes y Servicios Diversos,high,
Pasta Dental Diamond Closeup 90 Gr,1186,Bienes y Servicios Diversos,high,
Gel Dental Platinum Closeup 90 Gr,1187,Bienes y Servicios Diversos,high,
Detergente en polvo Progress Omo 3.8 Kg,1188,"Muebles, Bienes y Servicios Domésticos",high,
Detergnete en polvo Piel Sensible Omo 1 Kg,1189,"Muebles, Bienes y Servicios Domésticos",high,
Endulzante Sucranova 300 Tabletas,119,Alimentos y Bebidas No Alcohólicas,high,
Detergnete en polvo Facil Enjuague Omo 1 Kg,1190,"Muebles, Bienes y Servicios Domésticos",high,
Detergente en polvo Progress mas Blancura Omo 1 Kg,1191,"Muebles, Bienes y Servicios Domésticos",high,
Detergente en polvo Matic Omo 1 Kg,1192,"Muebles, Bienes y Servicios Domésticos",high,
Detergente en polvo Suavizante Clasico Omo 1 Kg,1193,"Muebles, Bienes y Servicios Domésticos",high,
Detergente en polvo Limon Omo 1 Kg,1194,"Muebles, Bienes y Servicios Domésticos",high,
Detergente en Polvo Original Omo 1 Kg,1195,"Muebles, Bienes y Servicios Domésticos",high,
Detergente en polvo Piel Sensible Omo 2 Kg,1196,"Muebles, Bienes y Servicios Domésticos",high,
Detergente en polvo Progress mas Blancura Omo 2 Kg,1197,"Muebles, Bienes y Servicios Domésticos",high,
Detergente en polvo Matic Omo 2 Kg,1198,"Muebles, Bienes y Servicios Domésticos",high,
Detergnete en polvo Facil Enjuague Omo 2 Kg,1199,"Muebles, Bienes y Servicios Domésticos",high,
"Limpieza mas Fragancia Aroma Bebe Procenex 1,8 lt",12,"Muebles, Bienes y Servicios Domésticos",high,
Endulzante Sucranova 270 Ml,120,Alimentos y Bebidas No Alcohólicas,high,
Detergente en polvo Limon Omo 5 Kg,1201,"Muebles, Bienes y Servicios Domésticos",high,
Detergente en polvo Matic Omo 3.8 Kg,1202,"Muebles, Bienes y Servicios Domésticos",high,
Detergente en polvo Antibacterial Omo 2 Kg,1203,"Muebles, Bienes y Servicios Domésticos",high,
Liquido Lava Ropa Regular Skip Bot 3 Lt,1204,"Muebles, Bienes y Servicios Domésticos",high,
Shampoo Reconstruccion Completa Dove 750 Ml,1205,Bienes y Servicios Diversos,high,
Acondicionador Reconstruccion Completa Dove 750 Ml,1206,Bienes y Servicios Diversos,high,
Acondicionador Reconstruccion Completa Dove 400 Ml,1207,Bienes y Servicios Diversos,high,
Shampoo Reconstruccion Completa Dove 400 Ml,1208,Bienes y Servicios Diversos,high,
Desodorante Antibac Dove Men Care 150 Ml,1209,Bienes y Servicios Diversos,high,
Resfresco en Polvo Nectar de Naranja Kris 1 Lt,121,Alimentos y Bebidas No Alcohólicas,high,
Desodorante Dark Temptation Fresh Axe 150Ml,1210,Bienes y Servicios Diversos,high,
Desodorante Dark Temptation Anti Perspirant Axe 152 Ml,1211,Bienes y Servicios Diversos,high,
Desodorate Anti Transpirante Black Axe 152 Ml,1212,Bienes y Servicios Diversos,high,
Jaboncillo Crema Antibacterial Lifebuoy 3X125,1213,Bienes y Servicios Diversos,high,
Shampoo Ceramidas Sedal 340 Ml,1214,Bienes y Servicios Diversos,high,
Shampoo Liso Perfecto Sedal 340 Ml,1215,Bienes y Servicios Diversos,high,
Shampoo Restauracion Instantanea Sedal 340 Ml,1216,Bienes y Servicios Diversos,high,
Shampoo Rizos Definidos Sedal 340 Ml,1217,Bienes y Servicios Diversos,high,
Shampoo Caspa Control 2en1 Sedal 340 Ml,1218,Bienes y Servicios Diversos,high,
Acondicionador Tratamiento con Ceramidas Sedal 340 Ml,1219,Bienes y Servicios Diversos,high,
Refresco en Polvo Nectar Manzana Kris 1 Lt,122,Alimentos y Bebidas No Alcohólicas,high,
Acondicionador Liso Perfecto Sedal 340 Ml,1220,Bienes y Servicios Diversos,high,
Acondicionador Tratamiento Restauracion Inst. Sedal 340 Ml,1222,Bienes y Servicios Diversos,high,
Acondicionador Rizos Definidos Sedal 340 Ml,1223,Bienes y Servicios Diversos,high,
Shampoo Liso Perfecto Sedal 650 Ml,1224,Bienes y Servicios Diversos,high,
Shampoo Restauracion Instantanea Sedal 650 Ml,1225,Bienes y Servicios Diversos,high,
Shampoo Liso Perfecto Sedal 650 Ml,1226,Bienes y Servicios Diversos,high,
Acondicionador Tratamiento Restauracion Inst. Sedal 650 Ml,1227,Bienes y Servicios Diversos,high,
Acondicionador Rizos Definidos Sedal 650 Ml,1228,Bienes y Servicios Diversos,high,
Gelatina de Cereza Kris 230 Gr,123,Alimentos y Bebidas No Alcohólicas,high,
Desodorante Nutritive Rexona 150 Ml,1230,Bienes y Servicios Diversos,high,
Desodorante Collision Cuero y Cookies Axe 150 Ml,1232,Bienes y Servicios Diversos,high,
Shampoo Sports Activ Fresh 3en1 Dove 400 Ml,1233,Bienes y Servicios Diversos,high,
Acondicionador bomba de Nutricion Sedal 340 Ml,1234,Bienes y Servicios Diversos,high,
Shampoo Bomba de Nutricion Sedal 340 Ml,1236,Bienes y Servicios Diversos,high,
Shampoo Bomba de Nutricion Sedal 650 Ml,1237,Bienes y Servicios Diversos,high,
Desodorante Teens Tropical Energy Rexona 150 Ml,1238,Bienes y Servicios Diversos,high,
Gelatina Sabor Naranja Kris 230 Gr,124,Alimentos y Bebidas No Alcohólicas,high,
Shampoo Bomba Aragan Sedal 340 Ml,1241,Bienes y Servicios Diversos,high,
Shampoo Bomba Aragan Sedal 650 Ml,1242,Bienes y Servicios Diversos,high,
Acondicionador Tratamiento Bomba Argan Sedal 650 Ml,1243,Bienes y Servicios Diversos,high,
Jaboncillo Antibacterial Aloe Rexona 3X90 Gr,1245,Bienes y Servicios Diversos,high,
Flan de Vainilla Kris 60 Gr,125,Alimentos y Bebidas No Alcohólicas,high,
Jaboncillo Rosas Francesas Piel Renovada Lux 3X125 Gr,1251,Bienes y Servicios Diversos,high,
Jaboncillo Jazmin Piel Suave Lux 3X125 Gr,1252,Bienes y Servicios Diversos,high,
Jaboncillo Orquidea Negra Piel Luminosa Lux 3X125 Gr,1253,Bienes y Servicios Diversos,high,
Jaboncillo Lirio Azul Piel Fresca Lux 3X125 Gr,1254,Bienes y Servicios Diversos,high,
Jaboncillo Flor de Vainilla Piel Radiante Lux 3X125 Gr,1255,Bienes y Servicios Diversos,high,
Desodorante Sport Active Dove Men Care 150 Ml,1256,Bienes y Servicios Diversos,high,
Desodorante Sport Intense Rexona 150 Ml,1257,Bienes y Servicios Diversos,high,
Shampoo Bomba Coco Sedal 340 Ml,1258,Bienes y Servicios Diversos,high,
Acondicionador Bomba Coco Sedal 340 Ml,1259,Bienes y Servicios Diversos,high,
Pure de Papas Sachet Kris 125 Gr,126,Alimentos y Bebidas No Alcohólicas,high,
Acondicionador Bomba Coco Sedal 650 Ml,1260,Bienes y Servicios Diversos,high,
Acondicionador Fuerza Vital Dove 400 Ml,1261,Bienes y Servicios Diversos,high,
Acondicionador Reparacion Extrema Dove 400 Ml,1262,Bienes y Servicios Diversos,high,
Shampoo Regeneracion Extrema Dove 400 Ml,1263,Bienes y Servicios Diversos,high,
Shampoo Regeneracion Extrema Dove 750 Ml,1264,Bienes y Servicios Diversos,high,
Desodorante Wild Frescura Salvaje Axe 150Ml,1265,Bienes y Servicios Diversos,high,
Desinfectante Alcohol en Spray para Manos Rexona 125 Ml,1266,Bienes y Servicios Diversos,high,
Mayonesa Sin Colesterol RiK Doypack 242 Gr,1267,Alimentos y Bebidas No Alcohólicas,high,
Mayonesa Sin Colesterol RiK Doypack 485 Gr,1268,Alimentos y Bebidas No Alcohólicas,high,
Mayonesa Sin Colesterol RiK Doypack 970 Gr,1269,Alimentos y Bebidas No Alcohólicas,high,
Galleta Integral Ferrari Ghezzi 220 Gr,127,Alimentos y Bebidas No Alcohólicas,high,
Mezcla Fideos Codos Al Verdeo Knorr 211 Gr,1270,Alimentos y Bebidas No Alcohólicas,high,
Mezcla de Arroz De La Huerta Knor 197Gr,1271,Alimentos y Bebidas No Alcohólicas,high,
Sopa Crema Zapallo Knorr 70 Gr,1279,Alimentos y Bebidas No Alcohólicas,high,
Lasagna Especial al Huevo Ferrari Ghezzi 200 Gr,128,Alimentos y Bebidas No Alcohólicas,high,
Sopa Crema Verduras Knorr 60 Gr,1280,Alimentos y Bebidas No Alcohólicas,high,
Pure de Papas Knorr 200 Gr,1281,Alimentos y Bebidas No Alcohólicas,high,
Salsa Lista Pomarola Tradicional Knorr 340 Gr,1283,Alimentos y Bebidas No Alcohólicas,high,
Salsa Lista Pizza Knorr 340 Gr,1286,Alimentos y Bebidas No Alcohólicas,high,
Galletas Crackers Ferrari Ghezzi 1 Kg,129,Alimentos y Bebidas No Alcohólicas,high,
Mayonesa Clasica Hellmanns 118 Gr,1295,Alimentos y Bebidas No Alcohólicas,high,
Mayonesa Clasica Hellmanns Doypack 475 Gr,1296,Alimentos y Bebidas No Alcohólicas,high,
Mayonesa Clasica Hellmanns Doypack 237 Gr,1297,Alimentos y Bebidas No Alcohólicas,high,
Ketchup Hellmanns Doypack 500 Gr,1298,Alimentos y Bebidas No Alcohólicas,high,
Ketchup Hellmanns Doypack 500 Gr,1299,Alimentos y Bebidas No Alcohólicas,high,
Esponja Bombril 3 Unds,13,"Muebles, Bienes y Servicios Domésticos",high,
Galleta Integral Ferrari Ghezzi 1 Kg,130,Alimentos y Bebidas No Alcohólicas,high,
Salsa Golf Hellmanns 250 Gr,1300,Alimentos y Bebidas No Alcohólicas,high,
Mayonesa Clasica Hellmanns Sachet 2.75 Kg,1302,Alimentos y Bebidas No Alcohólicas,high,
Sopa Familiar Vegetales con Fideos Letras Knorr 107.5 Gr,1305,Alimentos y Bebidas No Alcohólicas,high,
Sopa Familiar Vegetales con Fideos Caracolitos Knorr 107.5 Gr,1306,Alimentos y Bebidas No Alcohólicas,high,
Sopa Familiar Pollos con Fideos Cab. de Angel Knorr 105.6 Gr,1307,Alimentos y Bebidas No Alcohólicas,high,
Te Sabor Grey Lipton 20 Bols.,1309,Alimentos y Bebidas No Alcohólicas,high,
Pan Molde Integral American King,131,Alimentos y Bebidas No Alcohólicas,high,
Te Desayuno Ingles Lipton 20 Bols.,1310,Alimentos y Bebidas No Alcohólicas,high,
Te Etiqueta Amarilla Lipton 20 Bols.,1311,Alimentos y Bebidas No Alcohólicas,high,
Te Etiqueta Amarilla Lipton 100 Bols.,1312,Alimentos y Bebidas No Alcohólicas,high,
Te Verde Clasico Lipton 20 Bols.,1313,Alimentos y Bebidas No Alcohólicas,high,
Te Verde con Menta Lipton 20 Bols.,1314,Alimentos y Bebidas No Alcohólicas,high,
Pasta Dental Extra Whitening Pepsodent  90 Gr,1316,Bienes y Servicios Diversos,high,
Pasta Dental Prot Anti Caries Pepsodent 90 Gr,1317,Bienes y Servicios Diversos,high,
Te Manzanilla y Miel Lipton 20 Bols.,1318,Alimentos y Bebidas No Alcohólicas,high,
Te Rosa Jamaica Lipton 20 Bols.,1319,Alimentos y Bebidas No Alcohólicas,high,
Pan para Panchito Hot Dog American King 360 Gr,132,Alimentos y Bebidas No Alcohólicas,high,
Crema para Peinar Recon Completa Dove 200 Ml,1320,Bienes y Servicios Diversos,high,
Acondicionador Reconstruccion Completa Dove 200Ml,1321,Bienes y Servicios Diversos,high,
Shampoo Reconstruccion Completa Dove 200Ml,1322,Bienes y Servicios Diversos,high,
Acondicionador Oleo Nutricion Dove 400 Ml,1323,Bienes y Servicios Diversos,high,
Crema para  Peinar Oleo Nutricion Dove 200 Ml,1324,Bienes y Servicios Diversos,high,
Shampoo Oleo Nutricion Dove 400 Ml,1325,Bienes y Servicios Diversos,high,
Acondicionador Control Caida Dove 400 Ml,1326,Bienes y Servicios Diversos,high,
Shampoo 2en1 Fuerza Extrema Dove Men mas Care 400 Ml,1327,Bienes y Servicios Diversos,high,
Shampoo 2en1 Caspa Control Dove Men mas Care 400 Ml,1329,Bienes y Servicios Diversos,high,
Cocoa Pura Celinda 160 Gr,133,Alimentos y Bebidas No Alcohólicas,high,
Acondicionador Liso Keratina Perla Tresemme 400 Ml,1330,Bienes y Servicios Diversos,high,
Acondicionador Liso Keratina Tresemme 750 Ml,1331,Bienes y Servicios Diversos,high,
Shampoo Liso Keratina Perla Tresemme 400 Ml,1332,Bienes y Servicios Diversos,high,
Shampoo Liso Keratina Perla Tresemme 750 Ml,1333,Bienes y Servicios Diversos,high,
Crema Mascara Tratamiento Liso Keratina Tresemme 400 Gr,1334,Bienes y Servicios Diversos,high,
Acondicionador Regeneracion Triplex Tresemme 400 Ml,1335,Bienes y Servicios Diversos,high,
Acondicionador Regeneracion Triplex Tresemme 750 Ml,1336,Bienes y Servicios Diversos,high,
Shampoo Tresplex Tresemme 400 Ml,1338,Bienes y Servicios Diversos,high,
Shampoo Tresplex Tresemme 750 Ml,1339,Bienes y Servicios Diversos,high,
Mate Manzanilla Windsor 50 Sobres,134,Alimentos y Bebidas No Alcohólicas,high,
Acondicionador Oleo Nutricion Dove 750 Ml,1342,Bienes y Servicios Diversos,high,
Shampoo Oleo Nutricion Dove 750 Ml,1343,Bienes y Servicios Diversos,high,
Shampoo Hidratacion Intensa Dove 400 Ml,1345,Bienes y Servicios Diversos,high,
Acondicionador Hidratacion Intensa Dove 400 Ml,1346,Bienes y Servicios Diversos,high,
Crema Mascara de Tratamiento Detox Capilar Tresemme 400 Gr,1347,Bienes y Servicios Diversos,high,
Acondicionador Detox Capilar Tresemme 400 Ml,1348,Bienes y Servicios Diversos,high,
Acondicionador Detox Capilar Tresemme 750 Ml,1349,Bienes y Servicios Diversos,high,
Te con Canela Windsor 130 Gr,135,Alimentos y Bebidas No Alcohólicas,high,
Acondicionador Detox Capilar Tresemme 400 Ml,1350,Bienes y Servicios Diversos,high,
Acondicionador Detox Capilar Tresemme 750 Ml,1351,Bienes y Servicios Diversos,high,
Shampoo Cabello Claro con Manzanilla Baby Dove 400 Ml,1352,Bienes y Servicios Diversos,high,
Shampoo Ritual de Reparacion  Baby 400 Ml,1353,Bienes y Servicios Diversos,high,
Acodncionador Ritual de Fortalecimiento Dove 400 Ml,1354,Bienes y Servicios Diversos,high,
Shampoo Ritual de Fortalecimiento Dove 400 Ml,1355,Bienes y Servicios Diversos,high,
Acondicionador Ritual de Reparacion Dove 400 Ml,1356,Bienes y Servicios Diversos,high,
Shampoo Bajo Poo Nutricion Tresemme 400 Ml,1357,Bienes y Servicios Diversos,high,
Acondicionador Bajo Poo Nutricion Tresemme 400 Ml,1358,Bienes y Servicios Diversos,high,
Te clasico Windsor 130 sobres,136,Alimentos y Bebidas No Alcohólicas,high,
Acondicionador Nutricion Oleo Micelar Dove 400 Ml,1360,Bienes y Servicios Diversos,high,
Crema para Peinar Bomba Argan Sedal 300 Ml,1361,Bienes y Servicios Diversos,high,
Mascara Capilar Concentrada Restaura Sedal 300 Gr,1362,Bienes y Servicios Diversos,high,
Mascscara Capilar Hidrata H Sedal 300 Gr,1363,Bienes y Servicios Diversos,high,
Mascara 1 Minuto Factor de Nutricion 50 Dove 300 Gr,1364,Bienes y Servicios Diversos,high,
Mascara 1 Minuto Factor de Nutricion 60 Dove 300 Gr,1365,Bienes y Servicios Diversos,high,
Super Acondicionador Factor Nutricion 60 Dove 170 Ml,1366,Bienes y Servicios Diversos,high,
Shampoo Anticaspa Detox Diario Clear 400 Ml,1368,Bienes y Servicios Diversos,high,
Te de Manzanilla Frutte 100 Sobres,137,Alimentos y Bebidas No Alcohólicas,high,
Acondicionador Ritual de Crecimiento Dove 400 Ml,1370,Bienes y Servicios Diversos,high,
Acondicionador Ritual Detox Dove 400 Ml,1371,Bienes y Servicios Diversos,high,
Shampoo Ritual de Crecimiento Dove 400 Ml,1372,Bienes y Servicios Diversos,high,
Shampoo Ritual Detox Dove 400 Ml,1373,Bienes y Servicios Diversos,high,
Toallitas Desmaquillantes Clarant B3 Ponds25 Unds,1374,Bienes y Servicios Diversos,high,
Shampoo Fuerza Vital Dove 400 Ml,1375,Bienes y Servicios Diversos,high,
Mascacara 1 Minuto F Nutricion 80 Dove 300 Gr,1376,Bienes y Servicios Diversos,high,
Super Acondicionador Factor Nutricion 80 Dove 170 Ml,1377,Bienes y Servicios Diversos,high,
Almidon de Maiz Maizena 500 Gr,1378,Alimentos y Bebidas No Alcohólicas,high,
Almidon de Maiz Maizena 1 KG,1379,Alimentos y Bebidas No Alcohólicas,high,
Fideos Nidos Lazzaroni 400 Gr,138,Alimentos y Bebidas No Alcohólicas,high,
Pasta Dental White Now Infinite Shine Pepsodent 75 Ml,1381,Bienes y Servicios Diversos,high,
Crema Antiarrugas Reafir. Age Miracle Day Ponds 50 Ml,1383,Bienes y Servicios Diversos,high,
Protectores Diarios Sensiti-V  Nosotras 20 Unds,1384,Bienes y Servicios Diversos,high,
Toalla Invisible Rapigel Nosotras 30 Unds,1386,Bienes y Servicios Diversos,high,
Toallas Femeninas Natural Invisible Clásica Nosotras 30 Unds.,1387,Bienes y Servicios Diversos,high,
Toalla Normal Buenas Noches Nosotras Duopack 10 Unds,1388,Bienes y Servicios Diversos,high,
Toalla Invisible Rapigel Buenas Noches Nosotras 8 Unds,1389,Bienes y Servicios Diversos,high,
Fideo con Quinua Lazzaroni 400 Gr,139,Alimentos y Bebidas No Alcohólicas,high,
Protectores Lacti Invisible Nosotras 40 Und,1390,Bienes y Servicios Diversos,high,
Protectores Lacti Nosotras 12 Unds,1391,Bienes y Servicios Diversos,high,
Protectores Diarios Desodorante Nosotras 150 Unds,1392,Bienes y Servicios Diversos,high,
Protectores Diarios Desodorante Nosotras 60 Unds,1393,Bienes y Servicios Diversos,high,
Protectores Diarios Desodorante Nosotras 15 Unds,1394,Bienes y Servicios Diversos,high,
Protectores Diarios Multiestilo Nosotras 150 Unds,1395,Bienes y Servicios Diversos,high,
Protectores Diarios Multiestilo Nosotras 60 Unds,1396,Bienes y Servicios Diversos,high,
Protectores Diarios Sensiti-V X Nosotras 100 Unds,1397,Bienes y Servicios Diversos,high,
Jabon Intimo Frescura Extrema Nosotras 200 Ml,1398,Bienes y Servicios Diversos,high,
Jabón Intimo Herbal  Nosotras 200 Ml.,1399,Bienes y Servicios Diversos,high,
Esponja Limpieza Pesada Scotch Brite 4 Unds,14,"Muebles, Bienes y Servicios Domésticos",high,
Panitos Intimos Herbal Nosotras 16 Unds,1400,Bienes y Servicios Diversos,high,
Panitos Intimos Sensiti V Nosotras 16 Unds,1401,Bienes y Servicios Diversos,high,
Panitos Intimos Frescura Extrema Nosotras 16 Unds,1402,Bienes y Servicios Diversos,high,
Toallas Invisible Sensiti-V Invisible Nosotras 10 Unds,1403,Bienes y Servicios Diversos,high,
Toallas Invisible Desodorante Nosotras 10 Unds,1404,Bienes y Servicios Diversos,high,
Toallas Ultrainvisible Rapigel Nosotras 12 mas 12 Unds,1405,Bienes y Servicios Diversos,high,
Econo Pack Toalla Normal Buenas Noches Nosotras 24 Unds,1406,Bienes y Servicios Diversos,high,
Toalla Normal Maternidad Nosotras 10 Unds,1407,Bienes y Servicios Diversos,high,
Toalla Húmeda Acolchamax Pequenin 40 Unds,1408,Bienes y Servicios Diversos,high,
Cereal Diverti Loops Princesa 220 gr,141,Alimentos y Bebidas No Alcohólicas,high,
Toalla Húmeda Recien Nacido Pequenin 40 Unds,1410,Bienes y Servicios Diversos,high,
Toalla Húmeda Recien Nacido Pequenin 80 Unds,1411,Bienes y Servicios Diversos,high,
Toalla Humeda Aloe Natural Pequenin 24 Unds,1412,Bienes y Servicios Diversos,high,
Toalla Humeda Aloe Natural Pequenin 50 Unds,1413,Bienes y Servicios Diversos,high,
Toalla Humeda Aloe Natural Pequenin 120 Unds,1414,Bienes y Servicios Diversos,high,
Panal Extra Proteccion Talla 2/M Pequenin 48 UndS,1419,Bienes y Servicios Diversos,high,
Avena Instantanea Princesa 350 Gr,142,Alimentos y Bebidas No Alcohólicas,high,
Panal Extra Proteccion Talla 3/G Pequenin 40 Unid,1420,Bienes y Servicios Diversos,high,
Panal Extra Proteccion Talla 4/XG Pequenin 36 Unid,1421,Bienes y Servicios Diversos,high,
Panal Extra Proteccion Talla 5/XXG Pequenin 32 UndS,1422,Bienes y Servicios Diversos,high,
Pack Ahorro Panal Extra Proteccion Talla 3/G Pequenin 40 Unid,1423,Bienes y Servicios Diversos,high,
Panal Premium Touch Talla 2/M Pequeñin 66 Unds,1425,Bienes y Servicios Diversos,high,
Panal Premium Touch Talla 3/G Pequenin 58 Unds,1426,Bienes y Servicios Diversos,high,
Panal Premium Touch Talla 5/XXG Pequenin 26 Unds,1427,Bienes y Servicios Diversos,high,
Fideo Variedad La suprema 400 Gr,143,Alimentos y Bebidas No Alcohólicas,high,
Panal Tena Slip Incontingencia Severa L Unisex Adulto 9 Unds,1431,Bienes y Servicios Diversos,high,
Asado Cuadrado Cuadrada Parrillero Frigor x kg,1434,Alimentos y Bebidas No Alcohólicas,high,
Aserrin de Hueso Frigor x kg,1435,Alimentos y Bebidas No Alcohólicas,high,
Bife Chorizo Lomo Ancho Frigor x kg,1436,Alimentos y Bebidas No Alcohólicas,high,
Bife Chorizo Angosto Frigor x kg,1437,Alimentos y Bebidas No Alcohólicas,high,
Bola de Paleta Bollo Brazo Frigor x kg,1438,Alimentos y Bebidas No Alcohólicas,high,
Bola Lomo Bollo Chico Frigor x kg,1439,Alimentos y Bebidas No Alcohólicas,high,
Avena en Hojuelas sin Cascara La Suprema 400 Gr,144,Alimentos y Bebidas No Alcohólicas,high,
Bola Lomo Bollo Chico Bife Frigor Bandeja x kg,1440,Alimentos y Bebidas No Alcohólicas,high,
Carne para Pimenton Corazon Cuadril Frigor Bandeja x kg,1441,Alimentos y Bebidas No Alcohólicas,high,
Carne para Guiso Asado en Olla Frigor Bandeja x kg,1442,Alimentos y Bebidas No Alcohólicas,high,
Carne para pique Bola Lomo Frigor Bandeja x kg,1443,Alimentos y Bebidas No Alcohólicas,high,
Carne Parrillera Azotillo Frigor x kg,1444,Alimentos y Bebidas No Alcohólicas,high,
Chuleta de Paleta Frigor x kg,1445,Alimentos y Bebidas No Alcohólicas,high,
Chuleta de Paleta Frigor en Bandeja x kg,1446,Alimentos y Bebidas No Alcohólicas,high,
Churrasco Frigor x kg,1447,Alimentos y Bebidas No Alcohólicas,high,
Chuleta Frigor x kg,1448,Alimentos y Bebidas No Alcohólicas,high,
Churrasco Frigor en Bandeja x kg,1449,Alimentos y Bebidas No Alcohólicas,high,
Galleta Rosquita Ula Ula La Suprema 300 Gr,145,Alimentos y Bebidas No Alcohólicas,high,
Chuleton Corte Argentino Frigor x kg,1450,Alimentos y Bebidas No Alcohólicas,high,
Corte Espanol Frigor x kg,1451,Alimentos y Bebidas No Alcohólicas,high,
Cuadril Cadera Corazon Cuadril Colgadura Frigor x kg,1452,Alimentos y Bebidas No Alcohólicas,high,
Cuadril Parrillero (Cadera Picanha) Frigor x kg,1453,Alimentos y Bebidas No Alcohólicas,high,
Entrana al Vacio Frigor en Bandeja x kg,1454,Alimentos y Bebidas No Alcohólicas,high,
Filete de Lomito Frigor x kg,1455,Alimentos y Bebidas No Alcohólicas,high,
Hueso Aufilia para Mascotas x kg,1456,Bienes y Servicios Diversos,high,
Hueso Blanco Frigor,1457,Alimentos y Bebidas No Alcohólicas,high,
Tuetano en Bandeja x kg,1458,Alimentos y Bebidas No Alcohólicas,high,
Hueso Especial Hueso Rojo Frigor x kg,1459,Alimentos y Bebidas No Alcohólicas,high,
Cereal Granola Especial PIM 230 Gr,146,Alimentos y Bebidas No Alcohólicas,high,
Hueso Light Frigor en Bandeja x kg,1460,Alimentos y Bebidas No Alcohólicas,high,
Jiba Frigor x kg,1461,Alimentos y Bebidas No Alcohólicas,high,
Jiba Frigor en Bandeja x kg,1462,Alimentos y Bebidas No Alcohólicas,high,
Lapping Keperi Frigor x kg,1463,Alimentos y Bebidas No Alcohólicas,high,
Mata Hambre Rapi Frigor Bandeja x kg,1464,Alimentos y Bebidas No Alcohólicas,high,
Molida Corriente Frigor x kg,1465,Alimentos y Bebidas No Alcohólicas,high,
Molida Especial Frigor en Bandeja x kg,1466,Alimentos y Bebidas No Alcohólicas,high,
Molida Light Frigor Bandeja x kg,1467,Alimentos y Bebidas No Alcohólicas,high,
Molida para Saice Frigor x kg,1468,Alimentos y Bebidas No Alcohólicas,high,
Osobuco Frigor x kg,1469,Alimentos y Bebidas No Alcohólicas,high,
Gelatina en polvo sabor Fresa Aroma 250 Gr,147,Alimentos y Bebidas No Alcohólicas,high,
Osobuco Frigor en Bandeja x kg,1470,Alimentos y Bebidas No Alcohólicas,high,
Peceto Rebanado Frigor en Bandeja x kg,1471,Alimentos y Bebidas No Alcohólicas,high,
Peceto Whitu Frigor x kg,1472,Alimentos y Bebidas No Alcohólicas,high,
Pecho KAwi Frigor en Bandeja x kg,1474,Alimentos y Bebidas No Alcohólicas,high,
Pecho KAwi Pecho con Hueso Frigor x kg,1475,Alimentos y Bebidas No Alcohólicas,high,
Pollerita Frigor x kg,1476,Alimentos y Bebidas No Alcohólicas,high,
Bollo Grande Frigor x kg,1477,Alimentos y Bebidas No Alcohólicas,high,
Bollo Grande para Bife Frigor x kg,1478,Alimentos y Bebidas No Alcohólicas,high,
Bollo Grande Light Frigor en Bandeja x kg,1479,Alimentos y Bebidas No Alcohólicas,high,
Gelatina Frambuesa Aroma 250 Gr,148,Alimentos y Bebidas No Alcohólicas,high,
Punta de Costilla Frigor x kg,1480,Alimentos y Bebidas No Alcohólicas,high,
Punta de S Colita Cuadril Frigor x kg,1481,Alimentos y Bebidas No Alcohólicas,high,
Raspadura de Paleta Frigor x kg,1482,Alimentos y Bebidas No Alcohólicas,high,
Recorte S Grasa Frigor x kg,1483,Alimentos y Bebidas No Alcohólicas,high,
Chuquisuela Frigor Bandeja x kg,1484,Alimentos y Bebidas No Alcohólicas,high,
Tira de Costilla 2Do Corte Frigor x kg,1485,Alimentos y Bebidas No Alcohólicas,high,
Tira de Costilla Especial 1Er Corte Frigor x kg,1486,Alimentos y Bebidas No Alcohólicas,high,
Tira Costilla Especial en Bandeja Frigor x kg,1487,Alimentos y Bebidas No Alcohólicas,high,
Colita de Cuadril Frigor x kg,1489,Alimentos y Bebidas No Alcohólicas,high,
Gelatina de Patas Dely 120 Gr,149,Alimentos y Bebidas No Alcohólicas,high,
Chunchulines en Bandeja x kg,1490,Alimentos y Bebidas No Alcohólicas,high,
Corazon en Bandeja x kg,1491,Alimentos y Bebidas No Alcohólicas,high,
Higado Frigor Bandeja x kg,1493,Alimentos y Bebidas No Alcohólicas,high,
Lengua de Vaca en Bandeja x kg,1494,Alimentos y Bebidas No Alcohólicas,high,
Nudo de Cola de Res x kg,1495,Alimentos y Bebidas No Alcohólicas,high,
Panza en Bandeja x kg,1496,Alimentos y Bebidas No Alcohólicas,high,
Rinon en Bandeja x kg,1497,Alimentos y Bebidas No Alcohólicas,high,
Tripa Gorda en Bandeja x kg,1498,Alimentos y Bebidas No Alcohólicas,high,
Albondigas de Carne Sin Condimento en Bandeja x kg,1499,Alimentos y Bebidas No Alcohólicas,high,
Esponja Multiuso Ola 4 Unds,15,"Muebles, Bienes y Servicios Domésticos",high,
Galleta de Agua Pancrek La Francesa 200 gr,150,Alimentos y Bebidas No Alcohólicas,high,
Hamburguesa de Carne Sin Condimento en Bandeja x kg,1500,Alimentos y Bebidas No Alcohólicas,high,
Silpancho de Res IC Norte Kg,1501,Alimentos y Bebidas No Alcohólicas,high,
Pina Pucalpa Impex,1503,Alimentos y Bebidas No Alcohólicas,high,
Mix Escolar de Fruta Impex,1505,Alimentos y Bebidas No Alcohólicas,high,
Pina Guaraya Impex,1509,Alimentos y Bebidas No Alcohólicas,high,
Galletas Pancrek La Francesa 1 Kg,151,Alimentos y Bebidas No Alcohólicas,high,
Pulpa de Pomelo Olivos,1510,Alimentos y Bebidas No Alcohólicas,high,
Galletas Salvado Natural La Francesa 250 Gr,152,Alimentos y Bebidas No Alcohólicas,high,
Galletas Crackers Ferrari Ghezzi Mabels 1 Kg,153,Alimentos y Bebidas No Alcohólicas,high,
Lechuga Crespa Hidroponica Quinta Manantial,1535,Alimentos y Bebidas No Alcohólicas,high,
Lechuga Mantecosa Hidroponica Quinta Manantial,1536,Alimentos y Bebidas No Alcohólicas,high,
Lechuga Morada Hidroponica Quinta Manantial,1537,Alimentos y Bebidas No Alcohólicas,high,
Lechuga Mixta Hidroponica Quinta Manantial,1538,Alimentos y Bebidas No Alcohólicas,high,
Achachairu Impex,1539,Alimentos y Bebidas No Alcohólicas,high,
Galleta Wafer sabor Chocolate Mabels 110 Gr,154,Alimentos y Bebidas No Alcohólicas,high,
Cereza Impex,1540,Alimentos y Bebidas No Alcohólicas,high,
Papaya Abasto,1541,Alimentos y Bebidas No Alcohólicas,high,
Galleta Rosquita Bicolor Mabels 250 Gr,155,Alimentos y Bebidas No Alcohólicas,high,
Peramota Impex,1552,Alimentos y Bebidas No Alcohólicas,high,
Tuna Impex,1553,Alimentos y Bebidas No Alcohólicas,high,
Uva Blanca sin Semilla Impex,1554,Alimentos y Bebidas No Alcohólicas,high,
Papa Holandesa Abasto,1555,Alimentos y Bebidas No Alcohólicas,high,
Papa Harinosa Abasto,1556,Alimentos y Bebidas No Alcohólicas,high,
Acelga Importada Impex,1558,Alimentos y Bebidas No Alcohólicas,high,
Achojcha Impex,1559,Alimentos y Bebidas No Alcohólicas,high,
Galleta Rosquita Mabels 500 Gr,156,Alimentos y Bebidas No Alcohólicas,high,
Camote Impex,1561,Alimentos y Bebidas No Alcohólicas,high,
Cole Impex,1562,Alimentos y Bebidas No Alcohólicas,high,
Hierba Buena Impex,1563,Alimentos y Bebidas No Alcohólicas,high,
Nabo Impex,1565,Alimentos y Bebidas No Alcohólicas,high,
Papa Holandesa Impex,1566,Alimentos y Bebidas No Alcohólicas,high,
Pepino Impex,1567,Alimentos y Bebidas No Alcohólicas,high,
Quilquina Impex,1568,Alimentos y Bebidas No Alcohólicas,high,
Repollo Comun Impex,1569,Alimentos y Bebidas No Alcohólicas,high,
Galleta Rellenas sabor Vainilla Alina 228 Gr,157,Alimentos y Bebidas No Alcohólicas,high,
Vainita Impex,1570,Alimentos y Bebidas No Alcohólicas,high,
Zapallito Impex,1571,Alimentos y Bebidas No Alcohólicas,high,
Zapallo Grande Impex,1572,Alimentos y Bebidas No Alcohólicas,high,
Tumbo Abasto,1575,Alimentos y Bebidas No Alcohólicas,high,
Mani Postre Abasto,1577,Alimentos y Bebidas No Alcohólicas,high,
Acelga China Abasto,1579,Alimentos y Bebidas No Alcohólicas,high,
Galletas con Chips Alina 228 Gr,158,Alimentos y Bebidas No Alcohólicas,high,
Arveja Abasto,1580,Alimentos y Bebidas No Alcohólicas,high,
Arveja China Abasto,1581,Alimentos y Bebidas No Alcohólicas,high,
Ajo Entero Abasto,1582,Alimentos y Bebidas No Alcohólicas,high,
Ajo Pelado Abasto,1583,Alimentos y Bebidas No Alcohólicas,high,
Brocoli Abasto,1586,Alimentos y Bebidas No Alcohólicas,high,
Berenjena Abasto,1587,Alimentos y Bebidas No Alcohólicas,high,
Carote Abasto,1589,Alimentos y Bebidas No Alcohólicas,high,
Galletas Hogare¤as 7 Semillas Arcor 567 Gr,159,Alimentos y Bebidas No Alcohólicas,high,
Cebolla Blanca Abasto,1591,Alimentos y Bebidas No Alcohólicas,high,
Cebolla Roja Abasto,1592,Alimentos y Bebidas No Alcohólicas,high,
Cebolla Verde Abasto,1593,Alimentos y Bebidas No Alcohólicas,high,
Calabacin Abasto,1594,Alimentos y Bebidas No Alcohólicas,high,
Choclo Pelado Abasto,1595,Alimentos y Bebidas No Alcohólicas,high,
Choclo con Chala Abasto,1596,Alimentos y Bebidas No Alcohólicas,high,
Coliflor Abasto,1597,Alimentos y Bebidas No Alcohólicas,high,
Espinaca Abasto,1598,Alimentos y Bebidas No Alcohólicas,high,
Gengibre Abasto,1599,Alimentos y Bebidas No Alcohólicas,high,
Esponja Espiral Metal Scotch Brite 4 Unds,16,"Muebles, Bienes y Servicios Domésticos",high,
Galletas Diversion Arcor 400 Gr,160,Alimentos y Bebidas No Alcohólicas,high,
Haba Abasto,1600,Alimentos y Bebidas No Alcohólicas,high,
Locoto Abasto,1601,Alimentos y Bebidas No Alcohólicas,high,
Papalisa Abasto,1602,Alimentos y Bebidas No Alcohólicas,high,
Puerro Abasto,1604,Alimentos y Bebidas No Alcohólicas,high,
Remolacha Abasto,1607,Alimentos y Bebidas No Alcohólicas,high,
Repollo Morado Abasto,1608,Alimentos y Bebidas No Alcohólicas,high,
Cereal Copos de Maiz Azucarados Granix 500 Gr,161,Alimentos y Bebidas No Alcohólicas,high,
Tomate Pera Abasto,1610,Alimentos y Bebidas No Alcohólicas,high,
Tomate Manzana Abasto,1611,Alimentos y Bebidas No Alcohólicas,high,
Zanahoria Abasto,1614,Alimentos y Bebidas No Alcohólicas,high,
Lechuga Crespa Abasto,1616,Alimentos y Bebidas No Alcohólicas,high,
Platano Postre Olivos,1618,Alimentos y Bebidas No Alcohólicas,high,
Platano de Freir Olivos,1619,Alimentos y Bebidas No Alcohólicas,high,
Galletas Clasicas Media Tarde Lia 330 Gr,162,Alimentos y Bebidas No Alcohólicas,high,
Manga Manzana Olivos,1621,Alimentos y Bebidas No Alcohólicas,high,
Guineo Olivos,1623,Alimentos y Bebidas No Alcohólicas,high,
Papaya Comun Olivos,1624,Alimentos y Bebidas No Alcohólicas,high,
Yuca Comun Olivos,1625,Alimentos y Bebidas No Alcohólicas,high,
Cilandro Abasto,1627,Alimentos y Bebidas No Alcohólicas,high,
Cebollin Grande Abasto,1628,Alimentos y Bebidas No Alcohólicas,high,
Perejil Abasto,1629,Alimentos y Bebidas No Alcohólicas,high,
Sopa Crema Arvejas con Jamon Knorr 64 Gr,163,Alimentos y Bebidas No Alcohólicas,high,
Sopa Arvejas con Choclo Knorr 67 Gr,164,Alimentos y Bebidas No Alcohólicas,high,
Cereal Check sabor Yogurt Vivo 350 Gr,165,Alimentos y Bebidas No Alcohólicas,high,
Lechuga Escarola Abasto,1659,Alimentos y Bebidas No Alcohólicas,high,
Lasana Clasica Lucchetti 360 Gr,166,Alimentos y Bebidas No Alcohólicas,high,
Naranja Criolla Olivos,1667,Alimentos y Bebidas No Alcohólicas,high,
Refresco en Polvo sabor Naranja Zuko 25 Gr,167,Alimentos y Bebidas No Alcohólicas,high,
Refresco en Polvo sabor Durazno Zuko 25 Gr,168,Alimentos y Bebidas No Alcohólicas,high,
Pimenton Verde Abasto,1683,Alimentos y Bebidas No Alcohólicas,high,
Extracto de Pachio Impex,1688,Alimentos y Bebidas No Alcohólicas,high,
Rucula Lannin Impex,1689,Alimentos y Bebidas No Alcohólicas,high,
Pure de Papas Maggi 125 Gr,169,Alimentos y Bebidas No Alcohólicas,high,
Apio Abasto,1690,Alimentos y Bebidas No Alcohólicas,high,
Limon San Rafael Abasto,1691,Alimentos y Bebidas No Alcohólicas,high,
Limon Sutil Abasto,1692,Alimentos y Bebidas No Alcohólicas,high,
Perejil Quinta Manantial,1696,Alimentos y Bebidas No Alcohólicas,high,
Esponja Ola 3 Unds,17,"Muebles, Bienes y Servicios Domésticos",high,
Cereal Hojuela de Maiz sin Azucar En Linea Kids 330 Gr,170,Alimentos y Bebidas No Alcohólicas,high,
Manzana Verde Abasto,1700,Alimentos y Bebidas No Alcohólicas,high,
Naranja Criolla Abasto,1701,Alimentos y Bebidas No Alcohólicas,high,
Mandarina Morocochi Abasto,1702,Alimentos y Bebidas No Alcohólicas,high,
Yerba Mate Clasica Campesino 1000 Gr,171,Alimentos y Bebidas No Alcohólicas,high,
Yerba Mate Menta Limon Campesino 500 Gr,172,Alimentos y Bebidas No Alcohólicas,high,
Yerba Mate Moringa Katuava Burrito Colon 500 Gr,173,Alimentos y Bebidas No Alcohólicas,high,
Manzana Roja Abasto,1732,Alimentos y Bebidas No Alcohólicas,high,
Papa Harinosa Abasto,1733,Alimentos y Bebidas No Alcohólicas,high,
Pan Baguet Blanco IC Norte Unidad,1734,Alimentos y Bebidas No Alcohólicas,high,
Pan Baguet Negro IC Norte Unidad,1735,Alimentos y Bebidas No Alcohólicas,high,
Pan Batalla IC Norte Unidad,1736,Alimentos y Bebidas No Alcohólicas,high,
Pan Canela IC Norte Unidad,1737,Alimentos y Bebidas No Alcohólicas,high,
Pan Centeno IC Norte Unidad,1738,Alimentos y Bebidas No Alcohólicas,high,
Pan Chama IC Norte Unidad,1739,Alimentos y Bebidas No Alcohólicas,high,
Yerba Mate Menta Boldo Kurupi 500 Gr,174,Alimentos y Bebidas No Alcohólicas,high,
Pan Frances IC Norte Unidad,1740,Alimentos y Bebidas No Alcohólicas,high,
Pan Frances Integral IC Norte Unidad,1741,Alimentos y Bebidas No Alcohólicas,high,
Pan Galleta IC Norte Unidad,1742,Alimentos y Bebidas No Alcohólicas,high,
Pan Kauka Blanco Ic Norte Unidad,1743,Alimentos y Bebidas No Alcohólicas,high,
Pan Pita IC Norte Unidad,1744,Alimentos y Bebidas No Alcohólicas,high,
Pan Queso Chico IC Norte Unidad,1745,Alimentos y Bebidas No Alcohólicas,high,
Super Marraqueta IC Norte Unidad,1746,Alimentos y Bebidas No Alcohólicas,high,
Pan Toco IC Norte Unidad,1747,Alimentos y Bebidas No Alcohólicas,high,
Croissant con Queso IC Norte Unidad,1748,Alimentos y Bebidas No Alcohólicas,high,
Empanada Lampagna IC Norte Unidad,1749,Alimentos y Bebidas No Alcohólicas,high,
Yerba Mate Menta Limon Kurupi 500 Gr,175,Alimentos y Bebidas No Alcohólicas,high,
Donut`s Grande IC Norte Unidad,1750,Alimentos y Bebidas No Alcohólicas,high,
Donut´s Mediano IC Norte Unidad,1751,Alimentos y Bebidas No Alcohólicas,high,
Strudel de Manzana IC Norte Unidad,1752,Alimentos y Bebidas No Alcohólicas,high,
Ecler IC Norte Unidad,1753,Alimentos y Bebidas No Alcohólicas,high,
Empanada Arani IC Norte Unidad,1754,Alimentos y Bebidas No Alcohólicas,high,
Empanada con Queso Pequeñas IC Norte Unidad,1755,Alimentos y Bebidas No Alcohólicas,high,
Empanada Pukacapa con Salchicha Grande IC Norte Unidad,1756,Alimentos y Bebidas No Alcohólicas,high,
Empanada Pukacapa con Salchicha Pequeña IC Norte Unidad,1757,Alimentos y Bebidas No Alcohólicas,high,
Empanada de Hoja IC Norte Unidad,1758,Alimentos y Bebidas No Alcohólicas,high,
Empandada Pukacapa Grande IC Norte Unidad,1759,Alimentos y Bebidas No Alcohólicas,high,
Pasta al Huevo Sedani Anita 400 Gr,176,Alimentos y Bebidas No Alcohólicas,high,
Empanada Pukacapa Pequeña IC Norte Unidad,1760,Alimentos y Bebidas No Alcohólicas,high,
Lengua de Suegra IC Norte Unidad,1761,Alimentos y Bebidas No Alcohólicas,high,
Bombita IC Norte Unidad,1762,Alimentos y Bebidas No Alcohólicas,high,
Brownie IC Norte Unidad,1763,Alimentos y Bebidas No Alcohólicas,high,
Conito Relleno IC Norte Unidad,1764,Alimentos y Bebidas No Alcohólicas,high,
Manzanita IC Norte Unidad,1765,Alimentos y Bebidas No Alcohólicas,high,
Napoleon IC Norte Unidad,1766,Alimentos y Bebidas No Alcohólicas,high,
Pañuelito con Mermelada IC Norte Unidad,1767,Alimentos y Bebidas No Alcohólicas,high,
Palmerita IC Norte Unidad,1768,Alimentos y Bebidas No Alcohólicas,high,
Tortita IC Norte Unidad,1769,Alimentos y Bebidas No Alcohólicas,high,
Chocolate Instantaneo Nesquik Nestle 400 Gr,177,Alimentos y Bebidas No Alcohólicas,high,
Tres Leche IC Norte Unidad,1770,Alimentos y Bebidas No Alcohólicas,high,
Piecito IC Norte Unidad,1771,Alimentos y Bebidas No Alcohólicas,high,
Pie de Limon IC Norte Unidad,1772,Alimentos y Bebidas No Alcohólicas,high,
Pie de Manzana IC Norte Unidad,1773,Alimentos y Bebidas No Alcohólicas,high,
Rollito con Queso IC Norte Unidad,1774,Alimentos y Bebidas No Alcohólicas,high,
Rollo Grande IC Norte Unidad,1775,Alimentos y Bebidas No Alcohólicas,high,
Rosca de Maiz IC Norte Unidad,1776,Alimentos y Bebidas No Alcohólicas,high,
Rosquete Valluno IC Norte Unidad,1777,Alimentos y Bebidas No Alcohólicas,high,
Galleta con Crema Mermelada IC Norte Unidad,1778,Alimentos y Bebidas No Alcohólicas,high,
Pionono IC Norte Unidad,1779,Alimentos y Bebidas No Alcohólicas,high,
Waffers con Chocolate Bauducco 140 Gr,178,Alimentos y Bebidas No Alcohólicas,high,
Torta 10 Porciones IC Norte Unidad,1780,Alimentos y Bebidas No Alcohólicas,high,
Torta 15 Porciones IC Norte Unidad,1781,Alimentos y Bebidas No Alcohólicas,high,
Torta 20 Porciones IC Norte Unidad,1782,Alimentos y Bebidas No Alcohólicas,high,
Torta 30 Porciones IC Norte Unidad,1783,Alimentos y Bebidas No Alcohólicas,high,
Torta 40 Porciones IC Norte Unidad,1784,Alimentos y Bebidas No Alcohólicas,high,
Pan Chamillo IC Norte Kg,1785,Alimentos y Bebidas No Alcohólicas,high,
Pan Chavata IC Norte Kg,1786,Alimentos y Bebidas No Alcohólicas,high,
Pan Hamburguesa IC Norte Kg,1787,Alimentos y Bebidas No Alcohólicas,high,
Pan Hot Dog IC Norte Kg,1788,Alimentos y Bebidas No Alcohólicas,high,
Pan Molde Blanco Ic Norte Unidad,1789,Alimentos y Bebidas No Alcohólicas,high,
Chocolate en Polvo Toddy 700 Gr,179,Alimentos y Bebidas No Alcohólicas,high,
Pan Molde 3 Granos IC Norte Kg,1790,Alimentos y Bebidas No Alcohólicas,high,
Pan Molde Integral IC Norte Kgr,1791,Alimentos y Bebidas No Alcohólicas,high,
Pan Molido IC Norte Kg,1792,Alimentos y Bebidas No Alcohólicas,high,
Tostado Dulce IC Norte Kg,1793,Alimentos y Bebidas No Alcohólicas,high,
Pre Pizza IC Norte Kg,1794,Alimentos y Bebidas No Alcohólicas,high,
Cuñapecito IC Norte Kg,1795,Alimentos y Bebidas No Alcohólicas,high,
Galleta con Almendras IC Norte Bandeja Kg,1796,Alimentos y Bebidas No Alcohólicas,high,
Galleta Avena IC Norte Bandeja Kg,1797,Alimentos y Bebidas No Alcohólicas,high,
Galleta Coco IC Norte Bandeja Kg,1798,Alimentos y Bebidas No Alcohólicas,high,
Galleta Granizado IC Norte Bandeja kg,1799,Alimentos y Bebidas No Alcohólicas,high,
Esponja Multiuso Protege Unas Esfrebom Unidad,18,"Muebles, Bienes y Servicios Domésticos",high,
Chocolate Light en Polvo Toddy 380 Gr,180,Alimentos y Bebidas No Alcohólicas,high,
Galleta Kaukita IC Norte Kg,1800,Alimentos y Bebidas No Alcohólicas,high,
Queque Ic Norte Kg,1801,Alimentos y Bebidas No Alcohólicas,high,
Pan Negro IC Norte Unidad,1802,Alimentos y Bebidas No Alcohólicas,high,
Chorizo Churrasquero Sofia 250 Gr,1803,Alimentos y Bebidas No Alcohólicas,high,
Chorizo Criollo La Porcina 250 Gr,1804,Alimentos y Bebidas No Alcohólicas,high,
Chorizo Argentino Iglu 250 Gr,1805,Alimentos y Bebidas No Alcohólicas,high,
Salchicha Viena Sofia 250 Gr,1806,Alimentos y Bebidas No Alcohólicas,high,
Salchicha Viena Colonia Pirai 250 Gr,1807,Alimentos y Bebidas No Alcohólicas,high,
Salchicha Viena Fridosa 250 Gr,1808,Alimentos y Bebidas No Alcohólicas,high,
Tocino Ahumado Gutfleisch 250 Gr,1809,Alimentos y Bebidas No Alcohólicas,high,
Galleta Pit Stop Original Marilan 162 Gr,181,Alimentos y Bebidas No Alcohólicas,high,
Tocino Ahumado Colonia Pirai 250 Gr,1810,Alimentos y Bebidas No Alcohólicas,high,
Panceta Ahumado Dillmann 250 Gr,1811,Alimentos y Bebidas No Alcohólicas,high,
Costilla de Cerdo Ahumada Sofia 250 Gr,1812,Alimentos y Bebidas No Alcohólicas,high,
Costilla Ahumada Colonia Pirai 250 Gr,1813,Alimentos y Bebidas No Alcohólicas,high,
Costilla Ahumada La Porcina 250 Gr,1814,Alimentos y Bebidas No Alcohólicas,high,
Pernil Ahumado La Sierra 250 Gr,1815,Alimentos y Bebidas No Alcohólicas,high,
Pernil Ahumado Fridosa,1816,Alimentos y Bebidas No Alcohólicas,high,
Pernil Ahumado Sofia,1817,Alimentos y Bebidas No Alcohólicas,high,
Jamon Sandwichero La Sierra 250 Gr,1818,Alimentos y Bebidas No Alcohólicas,high,
Jamon Sandwichero La Porcina 250 Gr,1819,Alimentos y Bebidas No Alcohólicas,high,
Papel Higienico Esencias Doble Hoja Scott 12 Rollos,182,Bienes y Servicios Diversos,high,
Jamon Cocido Gutfleisch 250 Gr,1820,Alimentos y Bebidas No Alcohólicas,high,
Mortadela Cervecera Stege 250 Gr,1821,Alimentos y Bebidas No Alcohólicas,high,
Mortadela Jamonada Sofia 250 Gr,1822,Alimentos y Bebidas No Alcohólicas,high,
Mortadela Cazador Maxi 250 Gr,1823,Alimentos y Bebidas No Alcohólicas,high,
Queso en Barra Dambo Sancor Kg,1824,Alimentos y Bebidas No Alcohólicas,high,
Queso Sandwichero Artesano 250 Gr,1825,Alimentos y Bebidas No Alcohólicas,high,
Queso Sandwichero Tybo Melincue 250 Gr,1826,Alimentos y Bebidas No Alcohólicas,high,
Queso Mozzarella San Javier 250 Gr,1827,Alimentos y Bebidas No Alcohólicas,high,
Queso Holandesa Trebol 250 Gr,1828,Alimentos y Bebidas No Alcohólicas,high,
Queso Mozzarella Guapurutu 250 Gr,1829,Alimentos y Bebidas No Alcohólicas,high,
Azucar Guabira 5-5 kg,183,Alimentos y Bebidas No Alcohólicas,high,
Mezcla de Mariscos Precocido Pez Y Mar 450 Gr,1830,Alimentos y Bebidas No Alcohólicas,high,
Cola de Langostino D Mar 400 Gr,1831,Alimentos y Bebidas No Alcohólicas,high,
Cuñape Horneados Unicos120 Gr,1832,Alimentos y Bebidas No Alcohólicas,high,
Palitos de Maiz Pica Pica Horneados Unicos 120 Gr,1833,Alimentos y Bebidas No Alcohólicas,high,
Bizcochos de Maiz Horneados Unicos 150 Gr,1834,Alimentos y Bebidas No Alcohólicas,high,
Calitas de Maiz Horneados Unicos 150 Gr,1835,Alimentos y Bebidas No Alcohólicas,high,
Roscas de Arroz Horneados Unicos 150 Gr,1836,Alimentos y Bebidas No Alcohólicas,high,
Palitos de Arroz Horneados Unicos 150 Gr,1837,Alimentos y Bebidas No Alcohólicas,high,
Cunape Crocsitos 200 Gr,1838,Alimentos y Bebidas No Alcohólicas,high,
Cuñape Abizcochado San Javier 200 Gr,1839,Alimentos y Bebidas No Alcohólicas,high,
Azucar Guabira 1-1 Kg,184,Alimentos y Bebidas No Alcohólicas,high,
Calitas de Maiz San Javier 200 Gr,1840,Alimentos y Bebidas No Alcohólicas,high,
Filetes de Salmon South Wind 1Kg,1842,Alimentos y Bebidas No Alcohólicas,high,
Corazon de Pollo en Bnadeja Sofia,1843,Alimentos y Bebidas No Alcohólicas,high,
Alas de Pollo en Bandeja Sofia,1844,Alimentos y Bebidas No Alcohólicas,high,
Brochetas de Corazon de Pollo en Bandeja Sofia,1845,Alimentos y Bebidas No Alcohólicas,high,
Pierna de Pollo en Bandeja Sofia,1846,Alimentos y Bebidas No Alcohólicas,high,
Muslo de Pollo en Bandeja Sofia,1847,Alimentos y Bebidas No Alcohólicas,high,
Pechuga de Pollo en Bnadeja Sofia,1848,Alimentos y Bebidas No Alcohólicas,high,
Filete de Pecho de Pollo Sofia,1849,Alimentos y Bebidas No Alcohólicas,high,
Azucar Morena Guabira 1 Kg,185,Alimentos y Bebidas No Alcohólicas,high,
Filete de Trucha Lagos Titikaka 1Kg,1850,Alimentos y Bebidas No Alcohólicas,high,
Pechuga de pollo sin piel en Bnadeja Sofia,1851,Alimentos y Bebidas No Alcohólicas,high,
Langostinos Precocidos Puerto Azul 1 Kg,1852,Alimentos y Bebidas No Alcohólicas,high,
Pierna Muslo de Pollo en Bandeja Sofia,1853,Alimentos y Bebidas No Alcohólicas,high,
Pescados Bassa Frutos Del Mar 1Kg,1854,Alimentos y Bebidas No Alcohólicas,high,
Cereal Copos de Maiz Granix 350 Gr,1856,Alimentos y Bebidas No Alcohólicas,high,
Detergente en Polvo Limon Lavamax 640 Gr,1858,"Muebles, Bienes y Servicios Domésticos",high,
Shampoo Palta oliva Bio Cabellos Normal Seco Familand 750 Ml,1859,Bienes y Servicios Diversos,high,
Alcohol Guabira 1 Lt,186,Salud,high,
Acondicionador Palta oliva Bio Cabellos Normal Seco Familand 750 Ml,1860,Bienes y Servicios Diversos,high,
Lomito de Atun Light Real 180 Gr,1861,Alimentos y Bebidas No Alcohólicas,high,
Pastas Tallarines Matarazzo 400 Gr,1862,Alimentos y Bebidas No Alcohólicas,high,
Mayonesa Tradicional Pet Hemmer 290 Gr,1863,Alimentos y Bebidas No Alcohólicas,high,
Limpia Vidrios con Gatillo Archer 970 Ml,1864,"Muebles, Bienes y Servicios Domésticos",high,
Mermelada de Frutilla BC La Campagnola 450 Gr,1865,Alimentos y Bebidas No Alcohólicas,high,
Galleta Sabor Chocolate Mana Arcor 165 Gr,1866,Alimentos y Bebidas No Alcohólicas,high,
Galleta Sabor Vainilla Mana Arcor 393 Gr,1867,Alimentos y Bebidas No Alcohólicas,high,
Yogurt Bebible Sabor Durazno Pil Bolsa 1000 Ml,1868,Alimentos y Bebidas No Alcohólicas,high,
Dulce de Leche Pil 250 GR,1869,Alimentos y Bebidas No Alcohólicas,high,
Aceite de Maiz Arcor 900 Ml,187,Alimentos y Bebidas No Alcohólicas,high,
Alimento Canino Cachorro Raza Pequeña Podium 1.4 Kg,1870,Bienes y Servicios Diversos,high,
Duraznos Mitades en Almibar La Despensa Sofia 820 GR,1871,Alimentos y Bebidas No Alcohólicas,high,
Coca Cola Original 3 Lts,1872,Alimentos y Bebidas No Alcohólicas,high,
Jamon Sandwichero Sofia Kg,1873,Alimentos y Bebidas No Alcohólicas,high,
Chorizo Español de Sierra Nevada 250 Gr,1874,Alimentos y Bebidas No Alcohólicas,high,
Surtido de Fiambres La Tabla Española Sierra Nevada 150 Gr,1875,Alimentos y Bebidas No Alcohólicas,high,
Cereal Chocapic Nestle 800 Gr,1878,Alimentos y Bebidas No Alcohólicas,high,
Gelatina en polvo Sabor Cereza Kris 1000 Gr,1879,Alimentos y Bebidas No Alcohólicas,high,
Tomates Perlitas Arcor 400 Gr,188,Alimentos y Bebidas No Alcohólicas,high,
Ketchup Original Doypack Kris 1000 Gr,1880,Alimentos y Bebidas No Alcohólicas,high,
Mayonesa Original Doypack Kris 1000 Gr,1881,Alimentos y Bebidas No Alcohólicas,high,
Choclo Amarillo entero Arcor 310 Gr,1882,Alimentos y Bebidas No Alcohólicas,high,
Mermelada de Durazno Light Arcor 390 Gr,1883,Alimentos y Bebidas No Alcohólicas,high,
Galleta Serranita Arcor 315 Gr,1884,Alimentos y Bebidas No Alcohólicas,high,
Miel de Abejas Ebia 500 Gr,1885,Alimentos y Bebidas No Alcohólicas,high,
Néctar de sabor Durazno Frutss Pura Vida 3 Lt,1886,Alimentos y Bebidas No Alcohólicas,high,
Hojuelas de Avena y Chia ChiAvena Princesa 300 Gr,1887,Alimentos y Bebidas No Alcohólicas,high,
Café Tradición en Sachet Nescafe Nestle 50 Gr,1888,Alimentos y Bebidas No Alcohólicas,high,
Salsa Pomarola Lista Doypack Arcor 340 Gr,1889,Alimentos y Bebidas No Alcohólicas,high,
Mermelada de Frutilla Arcor 454 Gr,189,Alimentos y Bebidas No Alcohólicas,high,
Panuelos Desechables Doble Hoja Elite 85 Unds,19,Bienes y Servicios Diversos,high,
Salsa Pizza Arcor DoyPack 340 Gr,190,Alimentos y Bebidas No Alcohólicas,high,
Pan Molde Multigrano IC Norte kg,1902,Alimentos y Bebidas No Alcohólicas,high,
Mantequilla Margarina Reyna Pil Taza 215 Gr,1903,Alimentos y Bebidas No Alcohólicas,high,
Café Liofilizado Premium Monaco Pil 200 Gr,1904,Alimentos y Bebidas No Alcohólicas,high,
Palmito Entero La Mesa 800 Gr,1905,Alimentos y Bebidas No Alcohólicas,high,
Leche en Polvo Instantanea Pil 370 Gr,1906,Alimentos y Bebidas No Alcohólicas,high,
Fideos Ramen Sabor Costilla Nissin 85 Gr,1907,Alimentos y Bebidas No Alcohólicas,high,
Salsa Lista Tuco Arcor Doy Pack 340 Gr,1908,Alimentos y Bebidas No Alcohólicas,high,
Galleta Serranitas Arcor 105 Gr,1909,Alimentos y Bebidas No Alcohólicas,high,
Mermelada de Durazno Arcor 454 Gr,1910,Alimentos y Bebidas No Alcohólicas,high,
Tender de Pollo Sofia 500 Gr,1911,Alimentos y Bebidas No Alcohólicas,high,
Hamburguesa de Res Picaña Sofia Tubo 12 Unds,1912,Alimentos y Bebidas No Alcohólicas,high,
Toalla de Papel Reutilizable Scott Duramax Antibacterial Unidad,1913,"Muebles, Bienes y Servicios Domésticos",high,
Sidra Preferida 910 Ml,1914,Bebidas Alcohólicas y Tabaco,high,
Vino Tinto Don Valentin Lacrado 750 Ml,1915,Bebidas Alcohólicas y Tabaco,high,
Pasta al Huevo Tagliatelle Anita 400 Gr,1916,Alimentos y Bebidas No Alcohólicas,high,
Vino Espumante Demi Sec Chandon 750 Ml,1917,Bebidas Alcohólicas y Tabaco,high,
Ron Flor de Caña 5 años 1 Lt,1918,Bebidas Alcohólicas y Tabaco,high,
Vino Tinto Cabernet Sauvignon Catena 750 Ml,1919,Bebidas Alcohólicas y Tabaco,high,
Vino Tinto Malbec Catena 750 Ml,1920,Bebidas Alcohólicas y Tabaco,high,
Vino Blanco Chardonnay Luigi Bosca 750 Ml,1921,Bebidas Alcohólicas y Tabaco,high,
Champiñon en Conserva Norte 400 Gr,1922,Alimentos y Bebidas No Alcohólicas,high,
Galleta Cubierta en Chocolate Doblon Costa Bolsa de 30 Unds,1923,Alimentos y Bebidas No Alcohólicas,high,
Galleta Sabor Chocolate Frac Costa 273 Gr,1924,Alimentos y Bebidas No Alcohólicas,high,
Salsa de Tomate Pomarola Italiana Carozzi 200 Gr,1925,Alimentos y Bebidas No Alcohólicas,high,
Café Liofilizado Premium Monaco Pil 300 Gr,1926,Alimentos y Bebidas No Alcohólicas,high,
Piña en Rodajas Reyna 850 Gr,1927,Alimentos y Bebidas No Alcohólicas,high,
Leche en Polvo Instantanea Pil DoyPack 2200 Gr,1928,Alimentos y Bebidas No Alcohólicas,high,
Chocolate con Mani Sapito Arcor 270 Gr,1929,Alimentos y Bebidas No Alcohólicas,high,
Leche Condensada Nestle 397 Gr,193,Alimentos y Bebidas No Alcohólicas,high,
Chocolates Bonbon Especialidades Nestle 153 Gr,1930,Alimentos y Bebidas No Alcohólicas,high,
Chocolates Surtido Especial Nestle 500 Gr,1931,Alimentos y Bebidas No Alcohólicas,high,
Panetón Donofrio Bolsa 900 Gr,1932,Alimentos y Bebidas No Alcohólicas,high,
Jugo Sabor Durazno Del Valle 3 Lt,1933,Alimentos y Bebidas No Alcohólicas,high,
Jugo Sabor Manzana Del Valle 3 Lt,1934,Alimentos y Bebidas No Alcohólicas,high,
Leche Evaporada Carnation Nestle 360 Gr,194,Alimentos y Bebidas No Alcohólicas,high,
Protectores Diarios Cuidado Diario Kotex 100 Unds,1948,Bienes y Servicios Diversos,high,
Shampoo Manzanilla Sin sal Carissa Doy Pack 900 Ml,1949,Bienes y Servicios Diversos,high,
Leche Evaporada Gloria Nestle 395 Gr,195,Alimentos y Bebidas No Alcohólicas,high,
Saca Grasa Limon con Gatillo TodoBrillo 850 ml,1950,"Muebles, Bienes y Servicios Domésticos",high,
Detergente Liquido Para Maquina Todo Tipo de Ropa Todo Brillo 1.8 Lt,1951,"Muebles, Bienes y Servicios Domésticos",high,
Biogurt Sabor Durazno Pil 1 Lt,1952,Alimentos y Bebidas No Alcohólicas,high,
Mantequilla con Leche Margarina Reyna 850 Gr,1953,Alimentos y Bebidas No Alcohólicas,high,
Nectar sabor Durazno Frutts Pura Vida 2 Lt,1954,Alimentos y Bebidas No Alcohólicas,high,
Yogurt Bebible sabor Mora Pil 1000 Gr,1955,Alimentos y Bebidas No Alcohólicas,high,
Papel Higiénico Ultra Doble Hoja Elite 24 Rollos,1956,Bienes y Servicios Diversos,high,
Papel Higiénico Plus Doble Hoja Elite 24 Rollos,1957,Bienes y Servicios Diversos,high,
Protector Diario Todos los Dias Care Free 60 Unds,1958,Bienes y Servicios Diversos,high,
Pañal Babysec Super Premium XG 46 Unds,1959,Bienes y Servicios Diversos,high,
Crema de Leche Nestle 300 Gr.,196,Alimentos y Bebidas No Alcohólicas,high,
Pañal Babysec Super Premium XXG 42 Unds,1960,Bienes y Servicios Diversos,high,
Enjuague Bucal Cool Mint Listerine 500 Ml,1961,Bienes y Servicios Diversos,high,
Talco para Bebe Hora de Sueño Johnsons 200 Gr,1962,Bienes y Servicios Diversos,high,
Lomito al Aceite de Soya Atun Real 354 Gr,1963,Alimentos y Bebidas No Alcohólicas,high,
Avena Instantanea Quaker 300 Gr,1964,Alimentos y Bebidas No Alcohólicas,high,
Choclo en Granos Ebia 280 Gr,1965,Alimentos y Bebidas No Alcohólicas,high,
Lavavajilla Limon Mr Flash 1050 Ml,1966,"Muebles, Bienes y Servicios Domésticos",high,
Queso Mozzarella Sancor 1 kg,1967,Alimentos y Bebidas No Alcohólicas,high,
Biogurt sabor Frutilla Pil Bot 1 Lt,1968,Alimentos y Bebidas No Alcohólicas,high,
Leche de Soya sabor Chocolate Soy 946 Ml,1969,Alimentos y Bebidas No Alcohólicas,high,
Hojuela de Avena Laminada Princesa 500 Gr,197,Alimentos y Bebidas No Alcohólicas,high,
Leche de Soya sabor Vainilla Soy 946 Ml,1970,Alimentos y Bebidas No Alcohólicas,high,
Leche de Soya sabor Banana Soy 946 Ml,1971,Alimentos y Bebidas No Alcohólicas,high,
Leche de Soya sabor Chirimoya Soy 946 Ml,1972,Alimentos y Bebidas No Alcohólicas,high,
Leche Instantanea Deslactosada Pil 760 Gr,1973,Alimentos y Bebidas No Alcohólicas,high,
Te Sabor Limon y Canela Pil 500 ML,1974,Alimentos y Bebidas No Alcohólicas,high,
Te Sabor Limon y Canela Pil 2 Lt,1975,Alimentos y Bebidas No Alcohólicas,high,
Yogurt Bebible sabor Frutilla Pil Bolsa 1 Kg,1976,Alimentos y Bebidas No Alcohólicas,high,
Shampoo Sin Sal Cabellos Secos Chocolate Carissa 900 Ml,1977,Bienes y Servicios Diversos,high,
Shampoo Anticaspa Carissa Doy Pack 800 Ml,1978,Bienes y Servicios Diversos,high,
Desinfectante de Ambiente Original Todo Brillo 360 cm3,1979,"Muebles, Bienes y Servicios Domésticos",high,
Quinua Real Negra en Grano Princesa 400 Gr,198,Alimentos y Bebidas No Alcohólicas,high,
Bebida Alcoholica Four Loko Green 473 Ml,1980,Bebidas Alcohólicas y Tabaco,high,
Galletas Cookies Original Visconti 60 Gr,1981,Alimentos y Bebidas No Alcohólicas,high,
Agua de Coco Thai 330 ML,1982,Alimentos y Bebidas No Alcohólicas,high,
Shampoo Cabello Claro Johnsons Baby 400 Ml,1983,Bienes y Servicios Diversos,high,
Shampoo Original Gold Johnsons Baby 750 Ml,1985,Bienes y Servicios Diversos,high,
Pañal Premium Babysec 62 Unds,1986,Bienes y Servicios Diversos,high,
Pañal Premium Babysec 56 Unds,1987,Bienes y Servicios Diversos,high,
Dulce de Leche Repostero La Serenisima 400 Gr,1988,Alimentos y Bebidas No Alcohólicas,high,
Dulce de Leche Sancor 1 Kg,1989,Alimentos y Bebidas No Alcohólicas,high,
Harina de Trigo Princesa 1 Kg,199,Alimentos y Bebidas No Alcohólicas,high,
Dulce de Leche Sancor 400 Gr,1990,Alimentos y Bebidas No Alcohólicas,high,
Salsa de Soja Tradicional Sakura 150 Ml,1991,Alimentos y Bebidas No Alcohólicas,high,
Aceite de Oliva Cocinero 500 Ml,1992,Alimentos y Bebidas No Alcohólicas,high,
Cebollita Cristal Hemmer 200 Gr,1993,Alimentos y Bebidas No Alcohólicas,high,
Alcaparras Hemmer 170 Gr,1994,Alimentos y Bebidas No Alcohólicas,high,
Alcaparras Hemmer Doy Pack 100 Gr,1995,Alimentos y Bebidas No Alcohólicas,high,
Canela Molida McCormick 55 Gr,1996,Alimentos y Bebidas No Alcohólicas,high,
Hierbas Italianas McCormick 18 Gr,1997,Alimentos y Bebidas No Alcohólicas,high,
Cebolla Molida McCormick 66 Gr,1998,Alimentos y Bebidas No Alcohólicas,high,
Ambientador Air Hawaiian Con Gatillo,2,"Muebles, Bienes y Servicios Domésticos",high,
Servilleta Dia a Dia Pequena Scott 100 Unds,20,Bienes y Servicios Diversos,high,
Harina Integral Trigo Princesa 1 Kg,200,Alimentos y Bebidas No Alcohólicas,high,
Sal con Ajo McCormick 60 Gr,2000,Alimentos y Bebidas No Alcohólicas,high,
Mezcla Sazonada Completo Empamix McCormick 60 Gr,2001,Alimentos y Bebidas No Alcohólicas,high,
Galletas Chocolate Bauducco Six Pack 30 Gr,2002,Alimentos y Bebidas No Alcohólicas,high,
Barra de Chocolate con Leche Garoto 90 Gr,2003,Alimentos y Bebidas No Alcohólicas,high,
Golosina Air Heads Bites 57 GR,2004,Alimentos y Bebidas No Alcohólicas,high,
Crema para Calzado Betun Negro Nugget 36 Gr,2005,Prendas de Vestir y Calzados,high,
Guantes Amarillo Master  T 8 Par,2006,"Muebles, Bienes y Servicios Domésticos",high,
Alcohol en Gel Antibacterial Ocean Aval Gatillo 380 Ml,2008,Bienes y Servicios Diversos,high,
Sanitizador en Gel Natural Aval 380 Ml,2009,Bienes y Servicios Diversos,high,
Harina Leudante 0000 Princesa 1 Kg,201,Alimentos y Bebidas No Alcohólicas,high,
Jabon Liquido de Tocador Rosas Aval Gatillo 400 Ml,2010,Bienes y Servicios Diversos,high,
Sanitizador en Gel Ocean Aval 380 Ml,2012,Bienes y Servicios Diversos,high,
Alcohol en Gel Antibacterial Tender Baby Aval 380 Ml,2013,Bienes y Servicios Diversos,high,
Ambientador Antitabaco Glade Aerosol 360 Ml,2015,"Muebles, Bienes y Servicios Domésticos",high,
Ambientador Harmony Glade Aerosol 360 Ml,2016,"Muebles, Bienes y Servicios Domésticos",high,
Tinte para Cabello Negro Casting Creme Gloss Loreal Kit 200,2017,Bienes y Servicios Diversos,high,
Tinte para Cabello Marron Glace Casting Creme Gloss Loreal Kit 415,2018,Bienes y Servicios Diversos,high,
Tinte para Cabello Castaño Claro Casting Creme Gloss Loreal Kit 500,2019,Bienes y Servicios Diversos,high,
Te con Canela y Clavo de Olor Windsor 130 Unds,202,Alimentos y Bebidas No Alcohólicas,high,
Tinte para Cabello Chocolate Casting Creme Gloss Loreal Kit 535,2020,Bienes y Servicios Diversos,high,
Tinte para Cabello Rubio Casting Creme Gloss Loreal Kit 700,2021,Bienes y Servicios Diversos,high,
Tinte para Cabello Rubio Perlado Casting Creme Gloss Loreal Kit 810,2022,Bienes y Servicios Diversos,high,
Tinte para Cabello Castaño Oscuro Casting Creme Gloss Loreal Kit 300,2023,Bienes y Servicios Diversos,high,
Tinte para Cabello Castaño Casting Creme Gloss Loreal Kit 400,2024,Bienes y Servicios Diversos,high,
Tinte para Cabello Negro Rico Casting Creme Gloss Loreal Kit 100,2025,Bienes y Servicios Diversos,high,
Tinte para Cabello Café Late Casting Creme Gloss Loreal Kit 610,2026,Bienes y Servicios Diversos,high,
Crema de Peinar Oleo Ext Rizos Definidos Elvive 300 Ml,2027,Bienes y Servicios Diversos,high,
Crema de Peinar Caida Resist Elvive 300 Ml,2028,Bienes y Servicios Diversos,high,
Crema de Peinar Dream Long Elvive 300 Ml,2029,Bienes y Servicios Diversos,high,
Mayonesa Doypack Kris 500 Gr,203,Alimentos y Bebidas No Alcohólicas,high,
Crema de Peinar HidraHialuronico Elvive 300 Ml,2030,Bienes y Servicios Diversos,high,
Mascara Colorvive Mx Elvive 300 Gr,2031,Bienes y Servicios Diversos,high,
Mascara Reparacion Total Extrema Mx Elvive 300 Ml,2032,Bienes y Servicios Diversos,high,
Mascara de Tratamiento Reparación Total 5 Blanco Elvive 300 Gr,2033,Bienes y Servicios Diversos,high,
Mascara de Tratamiento Óleo Coco Elvive 300 Gr,2034,Bienes y Servicios Diversos,high,
Shampoo Reparacion total Extrema Elvive 400 Ml,2035,Bienes y Servicios Diversos,high,
Shampoo Nutricion Oleo Extraordinario Elvive 400 Ml,2036,Bienes y Servicios Diversos,high,
Shampoo Oleo Ext. Rizos Definidos Elvive 400 Ml,2037,Bienes y Servicios Diversos,high,
Shampoo Arginina Resist Elvive 400 Ml,2038,Bienes y Servicios Diversos,high,
Shampoo Reparación Total 5 elvive 400 Ml,2039,Bienes y Servicios Diversos,high,
Mayonesa Original Kirs 380 Cm3,204,Alimentos y Bebidas No Alcohólicas,high,
Shampoo Oleo Coco Elvive 400 Ml,2040,Bienes y Servicios Diversos,high,
Shampoo Dream Long Elvive 400 Ml,2041,Bienes y Servicios Diversos,high,
Shampoo Dream Long Liss Elvive 400 Ml,2042,Bienes y Servicios Diversos,high,
Shampoo HidraHialuronico Elvive 370 Ml,2043,Bienes y Servicios Diversos,high,
Acondicionador Reparacion Total Extrema Elvive 400 Ml,2044,Bienes y Servicios Diversos,high,
Acondicionador Oleo Extraordinario Normal Elvive 400 Ml,2045,Bienes y Servicios Diversos,high,
Acondicionador Arginina Resist Elvive 400 Ml,2046,Bienes y Servicios Diversos,high,
Acondicionador Reparacion Total 5 Elvive 400 Ml,2047,Bienes y Servicios Diversos,high,
Acondicionador Oleo Coco Elvive 400 Ml,2048,Bienes y Servicios Diversos,high,
Acondicionador Dream Long Elvive 400 Ml,2049,Bienes y Servicios Diversos,high,
Ketchup Original Kris 410 Gr,205,Alimentos y Bebidas No Alcohólicas,high,
Acondicionador Dream Long Liss Elvive 400 Ml,2050,Bienes y Servicios Diversos,high,
Acondicionador HidraHialuronico Elvive 370 Ml,2051,Bienes y Servicios Diversos,high,
Acondicionador Dream Long Elvive 680 Ml,2052,Bienes y Servicios Diversos,high,
Acondicionador Reparación Total 5 Elvive 680 Ml,2053,Bienes y Servicios Diversos,high,
Acondicionador Color Vile Elvive 680 Ml,2054,Bienes y Servicios Diversos,high,
Acondicionador Oleo Coco Elvive 680 Ml,2055,Bienes y Servicios Diversos,high,
Acondicionador Reparacion Total 5 Extrema Elvive 680 Ml,2056,Bienes y Servicios Diversos,high,
Acondicionador Oleo Extraordinario Nutricion Elvive 680 Ml,2057,Bienes y Servicios Diversos,high,
Acondicionador Dream Long Liss Elvive 680 Ml,2058,Bienes y Servicios Diversos,high,
Acondicionador HidraHialuronico Elvive 680 Ml,2059,Bienes y Servicios Diversos,high,
Ketchup Picante Kris 410 Gr,206,Alimentos y Bebidas No Alcohólicas,high,
Shampoo Dream Long Elvive 680 Ml,2060,Bienes y Servicios Diversos,high,
Shampoo Arginina Resist Elvive 680 Ml,2061,Bienes y Servicios Diversos,high,
Shampoo Oleo Extraordinario Nutrición Universal Elvive 680 Ml,2062,Bienes y Servicios Diversos,high,
Shampoo Color Vive ELvive 680 Ml,2063,Bienes y Servicios Diversos,high,
Shampoo Oleo Coco Elvive 680 Ml,2064,Bienes y Servicios Diversos,high,
Shampoo Oleo Extraordinario Rizos Elvive 680 Ml,2065,Bienes y Servicios Diversos,high,
Shampoo Reparacion Total 5 Elvive 680 Ml,2066,Bienes y Servicios Diversos,high,
Shampoo Reparacion Total Extrema Elvive 680 Ml,2067,Bienes y Servicios Diversos,high,
Shampoo Dream Long Liss Elvive 680 Ml,2068,Bienes y Servicios Diversos,high,
Shampoo HidraHialuronico Elvive 680 Ml,2069,Bienes y Servicios Diversos,high,
Mostaza Kris 500 Gr,207,Alimentos y Bebidas No Alcohólicas,high,
Tinte de Cabello Media Tono Negro 1 Excellence,2070,Bienes y Servicios Diversos,high,
Tinte de Cabello Tono 3 Excellence,2071,Bienes y Servicios Diversos,high,
Tinte de Cabello Tono 4 Excellence,2072,Bienes y Servicios Diversos,high,
Tinte de Cabello Tono 5 Excellence,2073,Bienes y Servicios Diversos,high,
Tinte de Cabello Tono 5.1 Excellence,2074,Bienes y Servicios Diversos,high,
Tinte de Cabello Tono 5.3 Excellence,2075,Bienes y Servicios Diversos,high,
Tinte de Cabello Tono 6 Excellence,2076,Bienes y Servicios Diversos,high,
Tinte de Cabello Tono 6.1 Excellence,2077,Bienes y Servicios Diversos,high,
Tinte de Cabello Tono 6.30 Excellence,2078,Bienes y Servicios Diversos,high,
Tinte de Cabello Tono 6.34 Excellence,2079,Bienes y Servicios Diversos,high,
Mostaza Original Kris 400 Gr,208,Alimentos y Bebidas No Alcohólicas,high,
Tinte de Cabello Tono 7 Excellence,2080,Bienes y Servicios Diversos,high,
Tinte de Cabello Tono 7.1 Excellence,2081,Bienes y Servicios Diversos,high,
Tinte de Cabello Tono 7.11 Excellence,2082,Bienes y Servicios Diversos,high,
Tinte de Cabello Tono 8 Excellence,2083,Bienes y Servicios Diversos,high,
Tinte de Cabello Tono 8.1 Excellence,2084,Bienes y Servicios Diversos,high,
Tinte de Cabello Tono 8.11 Excellence,2085,Bienes y Servicios Diversos,high,
Tinte de Cabello Tono 9 Excellence,2086,Bienes y Servicios Diversos,high,
Tinte de Cabello Tono 9.1 Excellence,2087,Bienes y Servicios Diversos,high,
Tinte de Cabello Tono 6.11 Excellence,2088,Bienes y Servicios Diversos,high,
Tinte de Cabello Tono 6.7 Excellence,2089,Bienes y Servicios Diversos,high,
Gelatina Light Sabor Frutilla Kris 24 Gr,209,Alimentos y Bebidas No Alcohólicas,high,
Tinte de Cabello Tono 121 Ulta Blonds Excellence,2090,Bienes y Servicios Diversos,high,
Tinte de Cabello Tono 710 Extra Prof Excellence,2091,Bienes y Servicios Diversos,high,
Tinte de Cabello Tono 810 Extra Prof Excellence,2092,Bienes y Servicios Diversos,high,
Tinte de Cabello Extra Prof 280 Excellence,2093,Bienes y Servicios Diversos,high,
Mascarilla  Coco Fructis Hair Food Fructis 350 Ml,2094,Bienes y Servicios Diversos,high,
Mascarilla Banana Hair Food Fructis 350 Ml,2095,Bienes y Servicios Diversos,high,
Mascarilla Aguacate Hair Food Fructis 350 Ml,2096,Bienes y Servicios Diversos,high,
Mascarilla Aloe Hair Food Mascara Fructis 350 Ml,2097,Bienes y Servicios Diversos,high,
Shampoo Banana Fructis Hair Food Fructis 300 Ml,2098,Bienes y Servicios Diversos,high,
Acondicionador Banana Hair Food Fructis 300 Ml,2099,Bienes y Servicios Diversos,high,
Servilleta Institucional Perla 500 Unds,21,"Muebles, Bienes y Servicios Domésticos",high,
Gelatina sin Sabor Kris 42 Gr,210,Alimentos y Bebidas No Alcohólicas,high,
Shampoo Aloe Hair Food Fructis 300 Ml,2100,Bienes y Servicios Diversos,high,
Acondicionador Aloe Hair Food Fructis 300 Ml,2101,Bienes y Servicios Diversos,high,
Shampoo Coco Hair Food Fructis 300 Ml,2102,Bienes y Servicios Diversos,high,
Acondicionador Coco Hair Food Fructis 300 Ml,2103,Bienes y Servicios Diversos,high,
Shampoo Aguacate Hair Food Fructis 300 Ml,2104,Bienes y Servicios Diversos,high,
Acondicionador Hair Food Fructis 300 Ml,2105,Bienes y Servicios Diversos,high,
Polvo Para Hornear Kris 57 Gr,211,Alimentos y Bebidas No Alcohólicas,high,
Gelatina Neutra sin Sabor Dely 100 Gr,212,Alimentos y Bebidas No Alcohólicas,high,
Cepillo Dental Medio Accion Limpiadora Colgate 2 Unds,2128,Bienes y Servicios Diversos,high,
Mezcla para Brownie Celinda 300 Gr,213,Alimentos y Bebidas No Alcohólicas,high,
Enjuague Bucal Plax Ice Colgate 500 Ml,2130,Bienes y Servicios Diversos,high,
Hilo Dental con Fluor & Menta Colgate 25 M,2131,Bienes y Servicios Diversos,high,
Insecticida en Aerosol Azul Mata Moscas y Mosquitos Baygon 300 Ml.,2132,"Muebles, Bienes y Servicios Domésticos",high,
Galletas Integral Club Social 234 Gr,2134,Alimentos y Bebidas No Alcohólicas,high,
Galleta Sucrema Dulces Vainilla La Francesa 500 Gr,2138,Alimentos y Bebidas No Alcohólicas,high,
Galleta Salvado Natural La Francesa 1Kg,2139,Alimentos y Bebidas No Alcohólicas,high,
Cobertura de Chocolate Semiamargo Celinda 1 Kg,214,Alimentos y Bebidas No Alcohólicas,high,
Paño para Cocina Refregar y Secar 2 Unds,2140,"Muebles, Bienes y Servicios Domésticos",high,
Enjuague Bucal Cuidado Total Listerine 500 Ml,2141,Bienes y Servicios Diversos,high,
Escoba Multiuso Clorinda Unidad,2142,"Muebles, Bienes y Servicios Domésticos",high,
Pasta Dental Limpieza Completa Colgate Max White 180 Gr,2144,Bienes y Servicios Diversos,high,
Antitranspirante en Barra Speed Stick 50 Gr,2145,Bienes y Servicios Diversos,high,
Café Molido Posdata 250 Gr,2148,Alimentos y Bebidas No Alcohólicas,high,
Café Grano Posdata 250 Gr,2149,Alimentos y Bebidas No Alcohólicas,high,
Chocolate Original en polvo Toddy 800 Gr,215,Alimentos y Bebidas No Alcohólicas,high,
Saca Sarro Extra Fuerte Todo Brillo 550 Ml,2150,"Muebles, Bienes y Servicios Domésticos",high,
Lustra Mueble Todo Brillo Doy Pack 900 Ml,2151,"Muebles, Bienes y Servicios Domésticos",high,
Shampoo Te Rojo y Hialu Carissa 800 Ml,2153,Bienes y Servicios Diversos,high,
Detergente Liquido Floral Todo Brillo Doy Pack 900 Ml,2154,"Muebles, Bienes y Servicios Domésticos",high,
Mayonesa light Kris 200 Ml,2155,Alimentos y Bebidas No Alcohólicas,high,
Pure de Papas Kris 250 Gr,2156,Alimentos y Bebidas No Alcohólicas,high,
Pudin de Chocolate Kris 113 Gr,2157,Alimentos y Bebidas No Alcohólicas,high,
Saca Grasa Limon Recarga Bristar 900 Ml,2158,"Muebles, Bienes y Servicios Domésticos",high,
Lustra Muebles Floral Bristar 250 Ml,2159,"Muebles, Bienes y Servicios Domésticos",high,
Café Clasico en Sachet Iguaçu 50 Gr,216,Alimentos y Bebidas No Alcohólicas,high,
Cereal Sublime Nestle 330 Gr,2160,Alimentos y Bebidas No Alcohólicas,high,
Galletas Crackers Mabels 250 Gr,2161,Alimentos y Bebidas No Alcohólicas,high,
Chocolate Prestigio en Barra 33 Gr,2162,Alimentos y Bebidas No Alcohólicas,high,
Vodka Limon Ice 51 275 Ml,2163,Bebidas Alcohólicas y Tabaco,high,
Vodka Kiwi Ice 51 275 Ml,2164,Bebidas Alcohólicas y Tabaco,high,
Vodka Menta Corote 500 Ml,2165,Bebidas Alcohólicas y Tabaco,high,
Vodka Maracuya Corote 500 Ml,2167,Bebidas Alcohólicas y Tabaco,high,
Vodka Blue Berry Corote 500 Ml,2168,Bebidas Alcohólicas y Tabaco,high,
Ginebra Clasico Puerto de Indias 75 Cl,2169,Bebidas Alcohólicas y Tabaco,high,
Café Clasico Iguaçu 200 Gr,217,Alimentos y Bebidas No Alcohólicas,high,
Vino Tinto Malbec Rutini 750 Ml,2170,Bebidas Alcohólicas y Tabaco,high,
Ron Kraken Black Spiced 750 Ml,2171,Bebidas Alcohólicas y Tabaco,high,
Tableta de Chocolate Brigadeiro Arcor 80 Gr,2172,Alimentos y Bebidas No Alcohólicas,high,
Tableta de Chocolate Roclets Arcor 80 Gr,2173,Alimentos y Bebidas No Alcohólicas,high,
Gomitas Masticables Mora Mogul Arcor 500 Gr,2174,Alimentos y Bebidas No Alcohólicas,high,
Gomitas Masticables Dientes Mogul Arcor 500 Gr,2175,Alimentos y Bebidas No Alcohólicas,high,
Salsa Lista Pizza Arcor Doy Pack 340 Gr,2176,Alimentos y Bebidas No Alcohólicas,high,
Salsa Lista Fileto Arcor Doy Pack 340 Gr,2177,Alimentos y Bebidas No Alcohólicas,high,
Galletas Hogareñas 7 Semillas Arcor 189 Gr,2178,Alimentos y Bebidas No Alcohólicas,high,
Galletas Bagley Opera 220 Gr,2179,Alimentos y Bebidas No Alcohólicas,high,
Café Gourmet Iguaçu 100 Gr,218,Alimentos y Bebidas No Alcohólicas,high,
Pasta Dental Anti Sarro Total 12 Colgate 75 Ml C/U,2180,Bienes y Servicios Diversos,high,
Antitranspirante en Barra Lady Speed Stick 45 Gr,2181,Bienes y Servicios Diversos,high,
Vino Tinto Reserva Malbec Trivento 750 Ml,2182,Bebidas Alcohólicas y Tabaco,high,
Chocolates con Almendras Vizzio Costa 131 Gr,2183,Alimentos y Bebidas No Alcohólicas,high,
Chocolates con Almendras Vizzio Costa 182 Gr,2184,Alimentos y Bebidas No Alcohólicas,high,
Pistachos Enteros con Cascaras Maya 230 Gr,2185,Alimentos y Bebidas No Alcohólicas,high,
Mix de Frutos Secos Varios Maya 260 Gr,2186,Alimentos y Bebidas No Alcohólicas,high,
Café Mokaccino  Nescafe Nestle 150 Gr,2187,Alimentos y Bebidas No Alcohólicas,high,
Cereal Cacau Nesfit Nestle 220 Gr,2188,Alimentos y Bebidas No Alcohólicas,high,
Insecticida en Spray Multi Raid 261 Gr,2189,"Muebles, Bienes y Servicios Domésticos",high,
Café Gourmet Sachet Iguaçu 50 Gr,219,Alimentos y Bebidas No Alcohólicas,high,
Insecticida en Aerosol Verde Cucarachas y Hormigas Baygon 300 Ml.,2190,"Muebles, Bienes y Servicios Domésticos",high,
Shampoo Clasico Baby Jhonsons 400 Ml,2191,Bienes y Servicios Diversos,high,
Cereal Chocapic Nestle 350 Gr,2192,Alimentos y Bebidas No Alcohólicas,high,
Enjuague Bucal Plax Ice Glacial Colgate 250 Ml,2194,Bienes y Servicios Diversos,high,
Papel Higienico Ultra Doble Hoja Perfumado Elite 12 Rollos,2195,Bienes y Servicios Diversos,high,
Papel Toalla de Cocina Clasica Nova 2 Rollos,2196,"Muebles, Bienes y Servicios Domésticos",high,
Guante Multiuso Talla G Scott Brite Unidad,2197,"Muebles, Bienes y Servicios Domésticos",high,
Nectar Manzana Pura Vida Frutts 3 Lt,2198,Alimentos y Bebidas No Alcohólicas,high,
"Leche Instantanea Pil 2,5 Kg",2199,Alimentos y Bebidas No Alcohólicas,high,
Servilletas Dobladas en 4 Nacional 500 Unds,22,"Muebles, Bienes y Servicios Domésticos",high,
Leche Condensada Bella Holandesa 397 Gr,220,Alimentos y Bebidas No Alcohólicas,high,
Leche Evaporada Bonle Pil 400 Gr,2200,Alimentos y Bebidas No Alcohólicas,high,
Sopa Instantanea Sabor Pollo Nissin 64 Gr,2201,Alimentos y Bebidas No Alcohólicas,high,
Sopa Instantanea Sabor Carne Nissin 64 Gr,2202,Alimentos y Bebidas No Alcohólicas,high,
Edulcorante de Mesa Liquido Chuker 600 Cm3,221,Alimentos y Bebidas No Alcohólicas,high,
Atun en Aceite Van Camps 354 Gr,223,Alimentos y Bebidas No Alcohólicas,high,
Atun en Agua Van Camps 354 Gr,224,Alimentos y Bebidas No Alcohólicas,high,
Lomitos de Atun en Aceite de Girasol Van Camps 184 Gr,225,Alimentos y Bebidas No Alcohólicas,high,
Lomitos de Atun en Aceite de Oliva Van Camps 160 gr,226,Alimentos y Bebidas No Alcohólicas,high,
Lomitos de Atun en Agua Van Camps 184 Gr,227,Alimentos y Bebidas No Alcohólicas,high,
Piñas en Rodajas De la Selva 850 Gr,228,Alimentos y Bebidas No Alcohólicas,high,
Piñas en Rodajas Campo Verde 820 Gr,229,Alimentos y Bebidas No Alcohólicas,high,
Servilletas Dobladas en 4 Scott 500 Unds,23,"Muebles, Bienes y Servicios Domésticos",high,
Granos de Choclo Norte 300 Gr,230,Alimentos y Bebidas No Alcohólicas,high,
Duraznos Mitades en Almibar Norte 820 Gr,231,Alimentos y Bebidas No Alcohólicas,high,
Extracto de Tomate Norte 140 Gr,232,Alimentos y Bebidas No Alcohólicas,high,
Leche Condensada Mococa 397 Gr,233,Alimentos y Bebidas No Alcohólicas,high,
Pepinillos Jalapenos Brixy 370 Gr,234,Alimentos y Bebidas No Alcohólicas,high,
Pepinillos Pickles Brixy 450 Gr,235,Alimentos y Bebidas No Alcohólicas,high,
Goiabada Predilecta 300 Gr,237,Alimentos y Bebidas No Alcohólicas,high,
Extracto de Tomate Predilecta 190 Gr,238,Alimentos y Bebidas No Alcohólicas,high,
Salsa de Soya Sakura 500 Ml,239,Alimentos y Bebidas No Alcohólicas,high,
Bolsas Basureras 78 cm x 95 cm Ola 75 Lts,24,"Muebles, Bienes y Servicios Domésticos",high,
Extracto de Tomate Cajamar 184 Gr,240,Alimentos y Bebidas No Alcohólicas,high,
Mayonesa Clasica Hellmanns 350 Cm3,241,Alimentos y Bebidas No Alcohólicas,high,
Mayonesa Doypack Hellmanns 950 Gr,242,Alimentos y Bebidas No Alcohólicas,high,
Mayonesa Light Hellmanns 500 Gr,243,Alimentos y Bebidas No Alcohólicas,high,
Ketchup Hellmanns 400 Gr,244,Alimentos y Bebidas No Alcohólicas,high,
Chocolate en polvo Chocolike 1000 Gr,245,Alimentos y Bebidas No Alcohólicas,high,
Chocolate en Polvo Chocolike 800 Gr,246,Alimentos y Bebidas No Alcohólicas,high,
Mermelada de Frutilla La Vasca 480 Gr,248,Alimentos y Bebidas No Alcohólicas,high,
Dulce de Frutilla La Rinconada 400 Gr,249,Alimentos y Bebidas No Alcohólicas,high,
Servilleta Elegance Scott 50 Unds,25,"Muebles, Bienes y Servicios Domésticos",high,
Dulce de Membrillo Del Valle 500 Gr,250,Alimentos y Bebidas No Alcohólicas,high,
Mermerlada de Guayaba Del Valle 350 Gr,251,Alimentos y Bebidas No Alcohólicas,high,
Jugo de Durazno Del Valle 1 Lt,252,Alimentos y Bebidas No Alcohólicas,high,
Pasta de Goiabada Pinduca 500 Gr,253,Alimentos y Bebidas No Alcohólicas,high,
Farofa de Mandioca Tradicional Pinduca 500 Gr,254,Alimentos y Bebidas No Alcohólicas,high,
Mermelada de Ciruela Orieta 500 Gr,255,Alimentos y Bebidas No Alcohólicas,high,
Duraznos al Jugo Gustoso 820 Gr,259,Alimentos y Bebidas No Alcohólicas,high,
Llajua Churrasquera B&R 220 Gr,260,Alimentos y Bebidas No Alcohólicas,high,
Lomito de Atun al Agua Real 185 Gr,261,Alimentos y Bebidas No Alcohólicas,high,
Lomito de Atun en Aceite Real 185 Gr,262,Alimentos y Bebidas No Alcohólicas,high,
Malta Real Lata 350 Ml,263,Alimentos y Bebidas No Alcohólicas,high,
Sardina Salsa de Tomate San Lucas 500 Gr,264,Alimentos y Bebidas No Alcohólicas,high,
Alimento para Adulto Raza Pequena sabor Carne Pedigree 100 Gr,265,Bienes y Servicios Diversos,high,
Alimento para Cachorros Sano Crecimiento sabor Carne en Salsa Pedigree 85 Gr,266,Bienes y Servicios Diversos,high,
Comida Mascota Adulto Carne en Salsa Pedigree 100 Gr,267,Bienes y Servicios Diversos,high,
Comida para Adulto Raza Pequena sabor Pollo Pedigree 100 Gr,268,Bienes y Servicios Diversos,high,
Comida para Mascota Adulto Pollo en Salsa Pedigree 100 Gr,269,Bienes y Servicios Diversos,high,
Papel Toalla Nacional 2 Rollos,27,"Muebles, Bienes y Servicios Domésticos",high,
Alimento de Carne para Adulto Cat Chow 85 Gr,270,Bienes y Servicios Diversos,high,
Alimento para Gatitos de Pollo Purina Cat Chow 85 Gr,271,Bienes y Servicios Diversos,high,
Alimento Pescado Adulto Cat Chow 85 Gr,272,Bienes y Servicios Diversos,high,
Alimento de Pavo y Pollo Adulto Raza Pequena Dog Chow 100 Gr,273,Bienes y Servicios Diversos,high,
Arena para Mascota Gatos Klin Kat 5 Gr,277,Bienes y Servicios Diversos,high,
Alimento para Gatos Pescado Souffle Whiskas 85 Gr,278,Bienes y Servicios Diversos,high,
Alimento para Gatos Salsa Pollo Whiskas 85 Gr,279,Bienes y Servicios Diversos,high,
Papel Toalla Calorie Absor Scott 2 Rollos,28,"Muebles, Bienes y Servicios Domésticos",high,
Comida Para Cachorro Raza Pequeña Knino 3 Kg,280,Bienes y Servicios Diversos,high,
Piedras Sanitarias Para Gatos Tidy 2 Kg,281,Bienes y Servicios Diversos,high,
Presto Barba 3 Gilllette de 4 Unds,282,Bienes y Servicios Diversos,high,
Prestobarba 3 Gillete 2 Unds,283,Bienes y Servicios Diversos,high,
Prestobarba Gillete 3 Cool 2 Unds,284,Bienes y Servicios Diversos,high,
Prestobarba Prestobarba 3 para Mujer Gillette 4 Unds,285,Bienes y Servicios Diversos,high,
Presto Barba Confort 3 Normal Bic 2 Unds,286,Bienes y Servicios Diversos,high,
Protectores Diarios Flexibles Kotex 15 Unds,287,Bienes y Servicios Diversos,high,
Toalla Femenina Nocturna Evolution Kotex 8 Unds,288,Bienes y Servicios Diversos,high,
Toalla Femenina Noche Kotex 8 Unds,289,Bienes y Servicios Diversos,high,
Papel Toallla Duramax 1 Rollo,29,"Muebles, Bienes y Servicios Domésticos",high,
Toalla Femenina Nocturna Maxima Proteccion Anatomica Kotex 16 Unds,290,Bienes y Servicios Diversos,high,
Protectores Diarios Carefree 2 Unds,291,Bienes y Servicios Diversos,high,
Shampoo Cabello Claro Belmed 420 Gr,292,Bienes y Servicios Diversos,high,
Crema Tratamiento Capilar Chocolate 2 en 1 Belmed 1000 Gr,293,Bienes y Servicios Diversos,high,
Shampoo Ultra Hidratante Repara el Daño Tio Nacho 415 Gr,294,Bienes y Servicios Diversos,high,
Shampoo Crimson Orange Mint Herbal Essences 300 Ml,295,Bienes y Servicios Diversos,high,
Espuma Modeladora Cabello Rizo Herbal Essences 227 Gr,296,Bienes y Servicios Diversos,high,
Crema Hidratacion Saludable Leche Vegetal Skala 100 Gr,297,Bienes y Servicios Diversos,high,
Shampoo Extra Suave para Ninos Supremo 1 Lt,298,Bienes y Servicios Diversos,high,
Hilo Dental Reach Johnsons & Johnsons 50 Mts,299,Bienes y Servicios Diversos,high,
Lavavajilla Poder Limon,3,"Muebles, Bienes y Servicios Domésticos",high,
Papel Toallla Duramax 2 Rollos,30,"Muebles, Bienes y Servicios Domésticos",high,
Cotonetes Johnsons 300 Unds,300,Bienes y Servicios Diversos,high,
Cotonetes Johnsons 75 Unds,301,Bienes y Servicios Diversos,high,
Crema para Peinar Triple Accion Extra Fuerte HairStyle 200 Gr,302,Bienes y Servicios Diversos,high,
Cotonetes Bastoncini Cotoneve 200 Unds,303,Bienes y Servicios Diversos,high,
Cotonetes Cotoneve 100 Unds,304,Bienes y Servicios Diversos,high,
Pasta Dental Encias estracts Sal Colgate 75 Ml,305,Bienes y Servicios Diversos,high,
Pasta Dental Luminous White Colgate 2x75 Ml,306,Bienes y Servicios Diversos,high,
Pasta Dental Maxima Frescura Colgate 101 Gr,307,Bienes y Servicios Diversos,high,
Pasta Dental Maxima Proteccion Colgate 180 Gr,308,Bienes y Servicios Diversos,high,
Pasta Dental Total 12 Salud Visible Colgate 75 Ml,309,Bienes y Servicios Diversos,high,
Papel Toallla Duramax 1 Mega Rollo,31,"Muebles, Bienes y Servicios Domésticos",high,
Pasta Dental Triple Accion Colgate 180 Gr,310,Bienes y Servicios Diversos,high,
Enjuague Bucal Zero Alcohol Colgate Plaz Ice 500 Ml,311,Bienes y Servicios Diversos,high,
Jaboncillo Humectacion Cremosa Plusbelle 3x125 Gr,312,Bienes y Servicios Diversos,high,
Shampoo Oleo de Argan y Macadamia Plusbelle 1 Lt,313,Bienes y Servicios Diversos,high,
Pasta Dental Complete Oral B 120 Gr,314,Bienes y Servicios Diversos,high,
Pasta Dental Glamorous White Oral B 90 Gr,315,Bienes y Servicios Diversos,high,
Shampoo Bomba Coco Sedal 650 Ml,316,Bienes y Servicios Diversos,high,
Shampoo con Ceramidas Sedal 650 Ml,317,Bienes y Servicios Diversos,high,
Shampoo Rizos Definidos Sedal 650 Ml,318,Bienes y Servicios Diversos,high,
Shampoo Cabello Tenido Loreal El Vive 400 Ml,319,Bienes y Servicios Diversos,high,
Acondicionador Cabello Teñido Loreal 400 Ml,320,Bienes y Servicios Diversos,high,
Toalla Femenina Buenas Noches Nosotras 10 Unds,321,Bienes y Servicios Diversos,high,
Toalla Femenina Diario Multiestilo Nosotras 15 Unds,322,Bienes y Servicios Diversos,high,
Toalla Femenina Invisivle Rapigel Nosotras 10 Unds,323,Bienes y Servicios Diversos,high,
Toallas Femeninas Invisible Clasica Nosotras 10 Unds,324,Bienes y Servicios Diversos,high,
Pasta Dental Anticaries Pepsodent 130 Gr,325,Bienes y Servicios Diversos,high,
Pasta Dental Triple Pepsodent 90 Gr,326,Bienes y Servicios Diversos,high,
Gel Fijador Super Extra Fuerte Fixer 240 Gr,327,Bienes y Servicios Diversos,high,
Jaboncillo Blanco Cremoso Dobe 135 Gr,328,Bienes y Servicios Diversos,high,
Toalla De Cocina Hogar 1 Unidad,33,"Muebles, Bienes y Servicios Domésticos",high,
Antitranspirante Barra Original Crema Humectante Dove 50 Gr,330,Bienes y Servicios Diversos,high,
Desodorante Clear Tone Suavisa Dove 50 Gr,331,Bienes y Servicios Diversos,high,
Acondicionador Concentrado Nutritivo Dove 170 Ml,332,Bienes y Servicios Diversos,high,
Crema Humectante 48 Hrs Aerosol Dove 89 Gr,333,Bienes y Servicios Diversos,high,
Leche de Pepinos Classic 350 Ml,334,Bienes y Servicios Diversos,high,
Jabon Liquido Liz 900 Ml,335,Bienes y Servicios Diversos,high,
Papel Higienico Doble Hoja Mega Perlita 12 Rollos,336,Bienes y Servicios Diversos,high,
Papel Higienico Mega Confort 12 Rollos,337,Bienes y Servicios Diversos,high,
Jabon Antbacterial Rexona 3x90 Gr,338,Bienes y Servicios Diversos,high,
Jabon Balance Saludable Protex 3x12 Gr,339,Bienes y Servicios Diversos,high,
Papel Higienico Doble Hoja Classic Nacional 12 Rollos,34,Bienes y Servicios Diversos,high,
Jabon Limpieza Profunda Original Protex 3x12 Gr,340,Bienes y Servicios Diversos,high,
Gel Bucal Herbal Aloe Foramen 75 Ml,341,Bienes y Servicios Diversos,high,
Pasta Dental Charcoal Foramen 75 Ml,342,Bienes y Servicios Diversos,high,
Gel Bucal Blanqueadora Foramen 75 Ml,343,Bienes y Servicios Diversos,high,
Azucar Aguai 1100 Gr,344,Alimentos y Bebidas No Alcohólicas,high,
Alcohol Etilico Aguai 250 Ml,345,Salud,high,
Jabon Intimo Confort Natural Nivea 254 Gr,347,Bienes y Servicios Diversos,high,
Pañitos Mentolados Triple Hoja Suavidad Kleenex 6 Pq,348,Bienes y Servicios Diversos,high,
Toallitas Desmaquillantes para Ojos Klennex 15 Unds,349,Bienes y Servicios Diversos,high,
Papel Higienico Cuidado Completo Scott 12 Rollos,35,Bienes y Servicios Diversos,high,
Toallitas Humedas Limpieza Facial Kleenex 15 Unds,350,Bienes y Servicios Diversos,high,
Enjuague Bucal Control Calculo Sarro Zero Menta Suave Listerine 500 Ml,351,Bienes y Servicios Diversos,high,
Shampoo Control Caspa 2 En 1 Suave y Manejable Head & Shoulder 375 Ml,352,Bienes y Servicios Diversos,high,
Shampoo Proteccion Caida Con Cafeina Head & Shoulder 375 Ml,353,Bienes y Servicios Diversos,high,
Shampoo Proteccion Refrescante Head & Shoulder 375 Ml,354,Bienes y Servicios Diversos,high,
Cepillo Multiuso para Ropa Condor Unidad,355,"Muebles, Bienes y Servicios Domésticos",high,
Gaseosa sabor Original Coca Cola 2 Lts,356,Alimentos y Bebidas No Alcohólicas,high,
Duraznos al Jugo Pil 820 Gr,357,Alimentos y Bebidas No Alcohólicas,high,
Chocopil en Pil 760 Gr,358,Alimentos y Bebidas No Alcohólicas,high,
Leche Condensada Pil 397 Gr,359,Alimentos y Bebidas No Alcohólicas,high,
Papel Higienico Premium Confort Scott 12 Rollos,36,Bienes y Servicios Diversos,high,
Leche Evaporada Pil 400 Gr,360,Alimentos y Bebidas No Alcohólicas,high,
Leche Entera en Polvo Instantanea Pil 760 Gr,361,Alimentos y Bebidas No Alcohólicas,high,
Agua Pura Vida Pil 5 Lts,362,Alimentos y Bebidas No Alcohólicas,high,
Agua Villa Santa 7 Lts,363,Alimentos y Bebidas No Alcohólicas,high,
Vino Tinto Duo Aranjuez 750 Ml,364,Bebidas Alcohólicas y Tabaco,high,
Vino Tinto Tannat Aranjuez 750 Ml,365,Bebidas Alcohólicas y Tabaco,high,
Vino Tinto Terruno Aranjuez 700 Ml,366,Bebidas Alcohólicas y Tabaco,high,
Vino Tinto Clasico Campos de Solana 700 Ml,367,Bebidas Alcohólicas y Tabaco,high,
Vino Tinto Malbec Cabernet Campos de Solana 750 Ml,368,Bebidas Alcohólicas y Tabaco,high,
Vino Blanco de Mesa Campos de Solana Blanco 700 Ml,369,Bebidas Alcohólicas y Tabaco,high,
Limpia Banos Maximus con Gatillo Ola 830 Ml,37,"Muebles, Bienes y Servicios Domésticos",high,
Papas Fritas Super Lucana 200 Gr,370,Alimentos y Bebidas No Alcohólicas,high,
Mani Frito Salado Extra Grande Lucana 390 Gr,371,Alimentos y Bebidas No Alcohólicas,high,
Mani Salado Grande Lucana 170 Gr,372,Alimentos y Bebidas No Alcohólicas,high,
Pipocas Saladas Lucana 150 Gr,373,Alimentos y Bebidas No Alcohólicas,high,
Nachos Tostitos Original 200 Gr,374,Alimentos y Bebidas No Alcohólicas,high,
Nachos de Maiz Mexican Food 400 Gr,375,Alimentos y Bebidas No Alcohólicas,high,
Nachos de Maiz Tradicional Mexicamba 185 Gr,376,Alimentos y Bebidas No Alcohólicas,high,
Papa Original Pringles 149 Gr,377,Alimentos y Bebidas No Alcohólicas,high,
Nectar de Manzana Frutss Pura Vida 2 Lts,378,Alimentos y Bebidas No Alcohólicas,high,
Nectar sabor Durazno sin Azucar Frutss Pura Vida 2 L,379,Alimentos y Bebidas No Alcohólicas,high,
Limpia Bano Ultra Rapido con Gatillo Cif 500 Ml,38,"Muebles, Bienes y Servicios Domésticos",high,
Gaseosa Pepsi 3 Lts,380,Alimentos y Bebidas No Alcohólicas,high,
Bebida Isotonica Powerade Multifrutas 473 Ml,381,Alimentos y Bebidas No Alcohólicas,high,
Agua con Gas Mendocina 2 Lts,382,Alimentos y Bebidas No Alcohólicas,high,
Agua sin Gas Vital 6 Lts,383,Alimentos y Bebidas No Alcohólicas,high,
Agua sin Gas Vital 600 Ml,384,Alimentos y Bebidas No Alcohólicas,high,
Jugo De Naranja 100% Santa Maria 1 Lts,385,Alimentos y Bebidas No Alcohólicas,high,
Cerveza Corona Botellita 355 Ml,386,Bebidas Alcohólicas y Tabaco,high,
Bebida de Aloe Vera Tai 500 Ml,387,Alimentos y Bebidas No Alcohólicas,high,
Agua de Coco Ducoco 1 Lt,388,Alimentos y Bebidas No Alcohólicas,high,
Jugo de Durazno Ades 1 Lt,389,Alimentos y Bebidas No Alcohólicas,high,
Pastilla para Inodoro Flores Ola 40 Gr,39,"Muebles, Bienes y Servicios Domésticos",high,
Jugo de Soya sabor Manzana 1 Lt,390,Alimentos y Bebidas No Alcohólicas,high,
Cerveza Paceña Lata 354 Ml,391,Bebidas Alcohólicas y Tabaco,high,
Cerveza Paceña Pilsener Lata 473Ml,392,Bebidas Alcohólicas y Tabaco,high,
Cerveza Paceña sin Alcohol Lata 354 Ml,393,Alimentos y Bebidas No Alcohólicas,high,
Cerveza Huari Lata 354 Ml,394,Bebidas Alcohólicas y Tabaco,high,
Cerveza Ice Lata 354 Ml,395,Bebidas Alcohólicas y Tabaco,high,
Bebida de Malta Maltin 473 Ml,396,Alimentos y Bebidas No Alcohólicas,high,
Bebida Energizante Monster Energy 473 Ml,397,Alimentos y Bebidas No Alcohólicas,high,
Gaseosa Fanta sabor Naranja 3 Lts,398,Alimentos y Bebidas No Alcohólicas,high,
Gaseosa Canada Dry Ginger Ale Botella de 1 Lts,399,Alimentos y Bebidas No Alcohólicas,high,
Pastillas para Inodoro Marina Ola 40 Gr,40,"Muebles, Bienes y Servicios Domésticos",high,
Gaseosa Guarana Antarctica 3.3 Lts,400,Alimentos y Bebidas No Alcohólicas,high,
Maltita Potosina 350 Ml,401,Alimentos y Bebidas No Alcohólicas,high,
Gaseosa Limon Mineragua 2 Lts,402,Alimentos y Bebidas No Alcohólicas,high,
Energizante Red Bull 250 Ml,403,Alimentos y Bebidas No Alcohólicas,high,
Gaseosa Seven Up 3 Lts,404,Alimentos y Bebidas No Alcohólicas,high,
Gaseosa Sprite 3 Lts,405,Alimentos y Bebidas No Alcohólicas,high,
Singani Don Lucho De Oro Casa Real 700 Ml,406,Bebidas Alcohólicas y Tabaco,high,
Singani Etiqueta Negra Casa Real 750 Ml,407,Bebidas Alcohólicas y Tabaco,high,
Fernet Branca 1 Lt,408,Bebidas Alcohólicas y Tabaco,high,
"Pastilla para Inodoro Lavanda Ola 3,4 Gr",41,"Muebles, Bienes y Servicios Domésticos",high,
Pipoca sabor Mantequilla Act II 91 Gr,410,Alimentos y Bebidas No Alcohólicas,high,
Pipoca sabor Mantequilla Extra Act II 91 Gr,411,Alimentos y Bebidas No Alcohólicas,high,
Aceite Light Fino 1800 Ml,412,Alimentos y Bebidas No Alcohólicas,high,
Aceite Light Fino 900 Ml,413,Alimentos y Bebidas No Alcohólicas,high,
Vinagre de Manzana San Lorenzo 600 Ml,414,Alimentos y Bebidas No Alcohólicas,high,
Harina 000 Famosa 1 Kg,415,Alimentos y Bebidas No Alcohólicas,high,
Harina de Trigo Tipo 0000 Famosa 1 Kg,416,Alimentos y Bebidas No Alcohólicas,high,
Azucar La Belgica 1 Kg,417,Alimentos y Bebidas No Alcohólicas,high,
Arroz Familiar Caisy 1 Kg,418,Alimentos y Bebidas No Alcohólicas,high,
Arroz Perlado Caizy 5 Kg,419,Alimentos y Bebidas No Alcohólicas,high,
Agua Lavandina Aditiva Marina X-5 1 Lt,42,"Muebles, Bienes y Servicios Domésticos",high,
Arroz Especial Grano Fino Caisy 1 Kg,420,Alimentos y Bebidas No Alcohólicas,high,
Arroz Grano de Oro Caisy 1 Kg,421,Alimentos y Bebidas No Alcohólicas,high,
Arroz Grano de Oro Caisy 5 Kg,422,Alimentos y Bebidas No Alcohólicas,high,
Aceite de Girasol Sabrosa 900 Ml,423,Alimentos y Bebidas No Alcohólicas,high,
Quinua Real Negra sin Gluten Free Salutary 400 Gr,424,Alimentos y Bebidas No Alcohólicas,high,
Ciruelas Desidratadas Dottori 500 Gr,425,Alimentos y Bebidas No Alcohólicas,high,
Ciruelas Deshidratadas con Semillas Maya 380 Gr,426,Alimentos y Bebidas No Alcohólicas,high,
Aceite de Girasol  Girasol 900 Ml,427,Alimentos y Bebidas No Alcohólicas,high,
Aceite Comestible Crisol 900 Ml,428,Alimentos y Bebidas No Alcohólicas,high,
Pasas de Uvas Cocinero Pereira 290 Gr,429,Alimentos y Bebidas No Alcohólicas,high,
Lavandina Hipoclorito Cimbol 2 Lts,43,"Muebles, Bienes y Servicios Domésticos",high,
Maiz Pipoca  Cocinero Pereira 460 Gr,430,Alimentos y Bebidas No Alcohólicas,high,
Aceite de Oliva Clasico Carbonell 500 Ml,431,Alimentos y Bebidas No Alcohólicas,high,
Aceite de Oliva Virgen Extra Carbonell 250 Ml,432,Alimentos y Bebidas No Alcohólicas,high,
Aceite de Oliva Virgen Extra La Española 250 Ml,433,Alimentos y Bebidas No Alcohólicas,high,
Frejol Negro El Cocinero 400 Gr,434,Alimentos y Bebidas No Alcohólicas,high,
Quinua Real El Cocinero 400 Gr,435,Alimentos y Bebidas No Alcohólicas,high,
Maiz para Pipoca El Cocinero 400 Gr,436,Alimentos y Bebidas No Alcohólicas,high,
Poroto Cuarenton El Cocinero 400 Gr,437,Alimentos y Bebidas No Alcohólicas,high,
Trigo Pelado El Cocinero 400 Gr,438,Alimentos y Bebidas No Alcohólicas,high,
Canela en Rama El Cocienero 14 Gr,439,Alimentos y Bebidas No Alcohólicas,high,
Super Lavandina Archer 1 Lt,44,"Muebles, Bienes y Servicios Domésticos",high,
Mezcla para Pastel Fudge Betty Crocker 519 Gr,440,Alimentos y Bebidas No Alcohólicas,high,
Vinagre de Alcohol Favico 1 Lt,441,Alimentos y Bebidas No Alcohólicas,high,
Vinagre Dona Filo 1 Lt,442,Alimentos y Bebidas No Alcohólicas,high,
Plastico Film Adherente Diamond 30 M,443,"Muebles, Bienes y Servicios Domésticos",high,
Papel Aluminio Ancho Diamond 7-6 Mt,444,"Muebles, Bienes y Servicios Domésticos",high,
Sal Parrillera Limon El Salerito 600 Gr,445,Alimentos y Bebidas No Alcohólicas,high,
Almidon de Maiz Maizena 200 Gr,446,Alimentos y Bebidas No Alcohólicas,high,
Jarabe para Panqueque Original Promos 709 Ml,448,Alimentos y Bebidas No Alcohólicas,high,
Desinfectante Lysoform Aire de Montana Lysoform 257 Gr,45,"Muebles, Bienes y Servicios Domésticos",high,
Levadura Seca Fleischmann 170 Gr,450,Alimentos y Bebidas No Alcohólicas,high,
Polvo Para Hornear Fleischmann 1 Kg,451,Alimentos y Bebidas No Alcohólicas,high,
Azucar Blanca Unagro Dulcy 1 Kg,452,Alimentos y Bebidas No Alcohólicas,high,
Sal de Mesa Lobos 250 Gr,453,Alimentos y Bebidas No Alcohólicas,high,
Sal Parrillera Lobos 750 Gr,454,Alimentos y Bebidas No Alcohólicas,high,
Cobertura de Chocolate Meio Amargo Cober Top 1 Kg,455,Alimentos y Bebidas No Alcohólicas,high,
Arroz Perlado Caizy 1 Kg,456,Alimentos y Bebidas No Alcohólicas,high,
Miel de Abeja del Chaco La Selvita 500 Gr,457,Alimentos y Bebidas No Alcohólicas,high,
Mate de Manzanilla Windsor 100 Unds,458,Alimentos y Bebidas No Alcohólicas,high,
Papas Fritas Clasicas Lays 185 Gr,459,Alimentos y Bebidas No Alcohólicas,high,
Limpia Vidrios con Gatillo Sapolio 650 Ml,46,"Muebles, Bienes y Servicios Domésticos",high,
Pickesos Dr Picks 200 Gr,460,Alimentos y Bebidas No Alcohólicas,high,
Doritos Sabor Queso Atrevido  200 Gr,461,Alimentos y Bebidas No Alcohólicas,high,
Shampoo Fuerza De Reconstruccion Pantene Pro V 400 Ml,462,Bienes y Servicios Diversos,high,
Acondicionador Fuerza de Reconstruccion Pamteme Pro V 400 Ml,463,Bienes y Servicios Diversos,high,
Ampollas Tratamiento Capilar Rescate Pantene Pro V3 Unds,464,Bienes y Servicios Diversos,high,
Ampollas Tratamiento Capilar Hidro Sellador Pantene Pro V3 Unds,465,Bienes y Servicios Diversos,high,
Prestobarba Gillette 3 Cool 4 Unds,466,Bienes y Servicios Diversos,high,
Jugo sabor Naranja Citrus Del Valle 3 Lts,467,Alimentos y Bebidas No Alcohólicas,high,
Nectar De Fruta sabor Durazno Frut-All 1 Lt,468,Alimentos y Bebidas No Alcohólicas,high,
Comida Para Cachorros Raza Pequeña 2800 Gr,469,Recreación y Cultura,high,
Limpia Vidrios con Gatillo Ola 900 Ml,47,"Muebles, Bienes y Servicios Domésticos",high,
Pañal en Caja 2 Pampers 112 Unds,470,Bienes y Servicios Diversos,high,
Pañal en Caja 5 Pampers 78 Unds,471,Bienes y Servicios Diversos,high,
Pañal en Caja 4 Pampers 92 Unds,472,Bienes y Servicios Diversos,high,
Pañal en Caja 3 Pampers 104 Unds,473,Bienes y Servicios Diversos,high,
Pañal en Caja 6 Pampers 64 Unds,474,Bienes y Servicios Diversos,high,
Pañales Natural Care Puro y Natural Talla M2 Huggies 58 Unds,475,Bienes y Servicios Diversos,high,
Pañal Natural Care Puro y Natural XXG 5 Huggies 38 Unds,476,Bienes y Servicios Diversos,high,
Pañal Natural Care Puro  y Natural XG 4 Huggies 42 Unds,477,Bienes y Servicios Diversos,high,
Pañal Natural Care Puro y Natural G 3 Huggies 52 Unds,478,Bienes y Servicios Diversos,high,
Lustra Muebles con Gatillo Flores 3 En 1 Ola 850 Ml,48,"Muebles, Bienes y Servicios Domésticos",high,
Toallitas Humedas Pura Y Natural Recien Nacidos Huggies 80 Unds,480,Bienes y Servicios Diversos,high,
Toallitas Limpieza Efectiva Huggies 96 Unds,481,Bienes y Servicios Diversos,high,
Toallitas Manitos y Caritas Huggies 24 Unds,482,Bienes y Servicios Diversos,high,
Colonia Besitos Johnsons 100 Ml,485,Bienes y Servicios Diversos,high,
Lavavajillas para Biberones y Utensilios Ola Baby 500 Ml,487,"Muebles, Bienes y Servicios Domésticos",high,
Polvo de Almidon Baby Johnsons 200 Gr,488,Bienes y Servicios Diversos,high,
Talco Proteccion Pura Johnsons 200 Gr,489,Bienes y Servicios Diversos,high,
"Limpiador para Piso Lavanda Procenex 1,8 Lt",49,"Muebles, Bienes y Servicios Domésticos",high,
Aceite Johnsons 200 Ml,490,Bienes y Servicios Diversos,high,
Shampoo Manzanilla Baby Care Simonds 610 Ml,491,Bienes y Servicios Diversos,high,
Shampoo Evita las Lagrimas Simonds 400 Ml,492,Bienes y Servicios Diversos,high,
Acondicionador Balsamo Manzanilla Baby Sec Simonds 610 Ml,493,Bienes y Servicios Diversos,high,
Leche sabor Frutilla Pil 946 Ml,494,Alimentos y Bebidas No Alcohólicas,high,
Leche Deslactosada Pil 800 Ml,495,Alimentos y Bebidas No Alcohólicas,high,
Leche Deslactosada Chocolatada Pil 800 Ml,496,Alimentos y Bebidas No Alcohólicas,high,
Leche Fresca Natural Pil 946 Ml,497,Alimentos y Bebidas No Alcohólicas,high,
Leche Light Liviana Pil 946 Ml,498,Alimentos y Bebidas No Alcohólicas,high,
Leche Deslactosada Delizia 800 Ml,499,Alimentos y Bebidas No Alcohólicas,high,
Lavavajilla Vajillero Limon Ola 600 ml,5,"Muebles, Bienes y Servicios Domésticos",high,
Limpiador Desinfectante Lavanda Ola 1800 Ml,50,"Muebles, Bienes y Servicios Domésticos",high,
Leche Entera Delizia 946 Ml,500,Alimentos y Bebidas No Alcohólicas,high,
Leche Deslactosada Light Delizia 800 Ml,501,Alimentos y Bebidas No Alcohólicas,high,
Leche Light Tetra Pil 1 Lt,502,Alimentos y Bebidas No Alcohólicas,high,
Leche Deslactosada Tetra Pil 1 Lt,503,Alimentos y Bebidas No Alcohólicas,high,
Leche de con Avena Pil 800 Ml,504,Alimentos y Bebidas No Alcohólicas,high,
Leche de Soya Sabor Frutilla Soy 946 Ml,505,Alimentos y Bebidas No Alcohólicas,high,
Leche Chocolatada Pil 946 Ml,506,Alimentos y Bebidas No Alcohólicas,high,
Leche de Soya Natural Pil 946 Ml,507,Alimentos y Bebidas No Alcohólicas,high,
Crema de Leche Delizia  500 Ml,509,Alimentos y Bebidas No Alcohólicas,high,
Cera Crema Amarilla Ola 400 Ml,51,"Muebles, Bienes y Servicios Domésticos",high,
Crema de Leche Pil 1 Lt,510,Alimentos y Bebidas No Alcohólicas,high,
Mantequilla con Sal Pil 200 Gr,511,Alimentos y Bebidas No Alcohólicas,high,
Mantequilla sin Sal Pil 200 Gr,512,Alimentos y Bebidas No Alcohólicas,high,
Mantequilla con Sal Pil 900 Gr,513,Alimentos y Bebidas No Alcohólicas,high,
Manteca Vegetal Karina 454 Gr,514,Alimentos y Bebidas No Alcohólicas,high,
Margarina Light Regia 425 Gr,515,Alimentos y Bebidas No Alcohólicas,high,
Margarina Regia 425 Gr,516,Alimentos y Bebidas No Alcohólicas,high,
Margarina en Vaso Regia 225 Gr,517,Alimentos y Bebidas No Alcohólicas,high,
Yogurt Bebible Sabor Durazno Pil 1000 Gr,518,Alimentos y Bebidas No Alcohólicas,high,
Yogurt Bebible Light Frutilla Pil 1000 Gr,519,Alimentos y Bebidas No Alcohólicas,high,
Aromatizante Anti Tabaco Ola 252 Gr,52,"Muebles, Bienes y Servicios Domésticos",high,
Yogurt Bebible Sabor Frutilla Pil 100 Gr,520,Alimentos y Bebidas No Alcohólicas,high,
Biogurt Mango Pil 1000 Gr,521,Alimentos y Bebidas No Alcohólicas,high,
Cunape IC Norte Unidad,525,Alimentos y Bebidas No Alcohólicas,high,
Empanada de Queso Integral IC Norte Unidad,527,Alimentos y Bebidas No Alcohólicas,high,
Empanada con Queso IC Norte Unidad,528,Alimentos y Bebidas No Alcohólicas,high,
Alfajor IC Norte Unidad,529,Alimentos y Bebidas No Alcohólicas,high,
Aromatizante de Ambiente Marina Ola 300 Ml,53,"Muebles, Bienes y Servicios Domésticos",high,
Requeson Dietetico Cotoca 270 Ml,530,Alimentos y Bebidas No Alcohólicas,high,
Requeson Superior Cotoca 270 Ml,531,Alimentos y Bebidas No Alcohólicas,high,
Crema Para Untar Bonle sabor Queso Pil 200 Gr,532,Alimentos y Bebidas No Alcohólicas,high,
Pate de Higado de Pollo Sofia 100 Gr,533,Alimentos y Bebidas No Alcohólicas,high,
Pate de Higado de Cerdo Sofia 100 Gr,534,Alimentos y Bebidas No Alcohólicas,high,
Huevos AA Granja Huevos Frescos 18 Unds,535,Alimentos y Bebidas No Alcohólicas,high,
Huevos Frescos HMH Yemita Amarilla 12 Unds,536,Alimentos y Bebidas No Alcohólicas,high,
Huevos Extra Grandes AA Granja 18 Unds,537,Alimentos y Bebidas No Alcohólicas,high,
Huevos Extra Grande AA Granja 12 Unds,538,Alimentos y Bebidas No Alcohólicas,high,
Tortillas de Trigo Especial para Tacos y Fajitas Pequeño Tortitacos 12 unds,540,Alimentos y Bebidas No Alcohólicas,high,
Tortillas de Trigo Para Quesadillas yEnchiladas Mediano Tortitacos 12 unds,541,Alimentos y Bebidas No Alcohólicas,high,
Pañuelo Facial Original Runway Kleenex 80 Unds,542,Bienes y Servicios Diversos,high,
Protector Diario Cuidado Diario 180 Unds,543,Bienes y Servicios Diversos,high,
Pañuelo Facial Aromamil Kleenex 10 Unds,544,Bienes y Servicios Diversos,high,
Pañuelo Facial Ultra Suave Cubo Kleenex 55 Unds,545,Bienes y Servicios Diversos,high,
Tampon con Aplicador Super Kotex 8 Unds,546,Bienes y Servicios Diversos,high,
Tampon con Aplicador Medio Kotex 8 Unds,547,Bienes y Servicios Diversos,high,
Protector Diario Cuidado Diario Kotex 15 Unds,549,Bienes y Servicios Diversos,high,
Pañuelo Facial Original Pocket Sweet Kleenex 10 Unds,550,Bienes y Servicios Diversos,high,
Protector de Cama Plenitud 10 Unds,551,Bienes y Servicios Diversos,high,
Paño Duramax Scott 7 Unds,552,"Muebles, Bienes y Servicios Domésticos",high,
Pañuelo Facial Original Junior Runway Kleenex 50 Unds,553,Bienes y Servicios Diversos,high,
Pañuelo Facial Original Cubo Runway Kleenex 60 Unds,554,Bienes y Servicios Diversos,high,
Toallitas Húmedas Limpieza Total One&Done Huggies 48 Unds,555,Bienes y Servicios Diversos,high,
Toallitas Húmedas Limpieza Total One&Done Huggies 80 Unds,556,Bienes y Servicios Diversos,high,
Toalla Femenina Normal Kotex 10 Unds,557,Bienes y Servicios Diversos,high,
Toalla Femenina Ultrafina Discreta Kotex 10 Unds,558,Bienes y Servicios Diversos,high,
Pañal Natural Care Recién Nacido Huggies 20 Unds,559,Bienes y Servicios Diversos,high,
Aerosol Mata Todo Tyson 360 Cm3,56,"Muebles, Bienes y Servicios Domésticos",high,
Pañal Natural Care Huggies Talla P 50 Unds,560,Bienes y Servicios Diversos,high,
Paño en Rollo Reutilizable Duramax Scott 3 Rollos de 58 Paños c/u,562,"Muebles, Bienes y Servicios Domésticos",high,
Pañuelo Facial Pocket Kids Kleenex 10 Unds,563,Bienes y Servicios Diversos,high,
Pañuelo Facial Junior Kids Kleenex 50 Unds,564,Bienes y Servicios Diversos,high,
Toallitas Húmedas Limpieza Total One&Done Huggies 240 Unds,565,Bienes y Servicios Diversos,high,
Protector Diario Ultraflexible Kotex 50 Unds,566,Bienes y Servicios Diversos,high,
Protector Diario Ultraflexible Kotex 150 Unds,567,Bienes y Servicios Diversos,high,
Toallitas Húmedas Limpieza Cotidiana Huggies 80 Unds,568,Bienes y Servicios Diversos,high,
Detergente Triple Protecci½n Ropa Oscura Woolite 900 Ml,57,"Muebles, Bienes y Servicios Domésticos",high,
Pañuelo Facial Original Mini Pocket Kleenex 10 Unds,570,Bienes y Servicios Diversos,high,
Toallitas Húmedas Limpieza Efectiva Huggies 120 Unds,571,Bienes y Servicios Diversos,high,
Toalla Femenina Ultrafina Sport Kotex 10 Unds,572,Bienes y Servicios Diversos,high,
Toalla Femenina Ultrafina Sport Kotex 16 Unds,573,Bienes y Servicios Diversos,high,
Toalla Femenina Ultrafina Sport Kotex 30 Unds,574,Bienes y Servicios Diversos,high,
Toalla Femenina Nocturna Ultrafina Dia y Noche Kotex 8 Unds,579,Bienes y Servicios Diversos,high,
Detergente Accion Instantanea Ace 800 Gr,58,"Muebles, Bienes y Servicios Domésticos",high,
Tampon Digital Medio Kotex 12 Unds,581,Bienes y Servicios Diversos,high,
Tampon Digital Super Kotex 12 Unds,582,Bienes y Servicios Diversos,high,
Pañuelo Facial Kleenex 40 Unds,583,Bienes y Servicios Diversos,high,
Toallitas Húmedas Limpieza EfectivaHuggies 192 Unds,585,Bienes y Servicios Diversos,high,
Pañal Pants Natural Care Huggies 48 Unds,586,Bienes y Servicios Diversos,high,
Pañal Active Sec Calzonsito Bid Kid Huggies Talla XXXG 36 Unds,587,Bienes y Servicios Diversos,high,
Pañal Plenitud Protect P/M 8 Unds,588,Bienes y Servicios Diversos,high,
Papel Toalla Calorie Absorb Scott 3 unid 60 Hojas,589,"Muebles, Bienes y Servicios Domésticos",high,
Toalla Femenina Normal Kotex 42 Unds,591,Bienes y Servicios Diversos,high,
Pañal Plenitud Protect P/M 20 Unds,592,Bienes y Servicios Diversos,high,
Pañal Plenitud Protect G/XG 20 Unds,593,Bienes y Servicios Diversos,high,
Pañal Plenitud Protect G/XG 8 Unds,594,Bienes y Servicios Diversos,high,
Pañal Natural Care Calzonsito Huggies Talla XXG 36 Unds,595,Bienes y Servicios Diversos,high,
Pañal Natural Care Calzonsito Huggies Talla G 50 Unds,596,Bienes y Servicios Diversos,high,
Pañal Natural Care Calzonsito Huggies Talla M 54 Unds,597,Bienes y Servicios Diversos,high,
Pañal Natural Care Calzonsito Huggies Talla XG 40 Unds,598,Bienes y Servicios Diversos,high,
Lavavajillas Naranja Mr Flash 1050 ml,6,"Muebles, Bienes y Servicios Domésticos",high,
Pañal Active Sec Xtra Flex Huggies Talla G 58 Unds,600,Bienes y Servicios Diversos,high,
Pañal Active Sec Xtra Flex Huggies Talla XG 48 Unds,601,Bienes y Servicios Diversos,high,
Pañal Active Sec Xtra Flex Huggies Talla XXG 44 Unds,602,Bienes y Servicios Diversos,high,
Practipañal Toalla para Incontinencia Plenitud Femme 10 Unds,603,Bienes y Servicios Diversos,high,
Pañal Active Sec Xtra Flex BigPack Huggies Talla G 80 Unds,605,Bienes y Servicios Diversos,high,
Pañal Active Sec Xtra Flex BigPack Huggies Talla XG 72 Unds,606,Bienes y Servicios Diversos,high,
Pañal Active Sec Xtra Flex BigPack Huggies Talla XXG 72 Unds,607,Bienes y Servicios Diversos,high,
Pañal Active Natural Care BigPack Huggies Talla G 76 Unds,608,Bienes y Servicios Diversos,high,
Pañal Active Natural Care BigPack Huggies Talla XG 68 Unds,609,Bienes y Servicios Diversos,high,
Detergente Vajillero Limon Archivos 1150 Ml,61,"Muebles, Bienes y Servicios Domésticos",high,
Pañal Active Natural Care BigPack Huggies Talla XXG 68 Unds,610,Bienes y Servicios Diversos,high,
Practipañal Toalla para Incontingencia Plenitud Femme 10 Unds,615,Bienes y Servicios Diversos,high,
Servilletas Super Absorbentes Grande Scott 100 Unds,616,"Muebles, Bienes y Servicios Domésticos",high,
Servilletas Super Absorbentes Scott 50 Unds,617,"Muebles, Bienes y Servicios Domésticos",high,
Papel Higiénico Cuidado Completo Scott 6 Rollos,618,Bienes y Servicios Diversos,high,
"Detergente Toque Suavecito Futuro Ola 1,7 Lt",62,"Muebles, Bienes y Servicios Domésticos",high,
Papel Higiénico Esencias Mega Rollo Scott 12 Rollos,620,Bienes y Servicios Diversos,high,
Papel Higienico Esencias Doble Hoja Scott 24 Unds,621,Bienes y Servicios Diversos,high,
Papel Higiénico Cuidado Completo Scott 32 Rollos,622,Bienes y Servicios Diversos,high,
Papel Toalla Multiusos Scott 3 unid 80 Hojas,623,"Muebles, Bienes y Servicios Domésticos",high,
Papel Toalla Multiusos Scott 1 unid 80 Hojas,624,"Muebles, Bienes y Servicios Domésticos",high,
Papel Toalla Multiusos Scott 2 unid 160 Hojas,625,"Muebles, Bienes y Servicios Domésticos",high,
Pañal Natural Care Prematuro Huggies 30 Unds,628,Bienes y Servicios Diversos,high,
"Detergente Lavado Completo Maquina Futuro Ola 1,7 Lt",63,"Muebles, Bienes y Servicios Domésticos",high,
Protector Diario para Incontinencia Plenitud Femme 8 Unds,630,Bienes y Servicios Diversos,high,
Pañal tipo ropa interior Plenitud Protect Plus P/M 16 Unds,634,Bienes y Servicios Diversos,high,
Pañal tipo ropa interior Plenitud Protect Plus G/XG 16 Unds,635,Bienes y Servicios Diversos,high,
Toallitas Húmedas Limpieza Efectiva Huggies 48 Unds,638,Bienes y Servicios Diversos,high,
Toallitas Húmedas Puro y Natural Huggies 48 Unds,639,Bienes y Servicios Diversos,high,
Detergente Delicada Pro Uno 1800 Ml,64,"Muebles, Bienes y Servicios Domésticos",high,
Detergente Liquido Limon Sapolio 1000 Ml,640,"Muebles, Bienes y Servicios Domésticos",high,
Detergente Liquido Flores Sapolio 1000 Ml,641,"Muebles, Bienes y Servicios Domésticos",high,
Detergente Liquido Flores Sapolio 2000 Ml,642,"Muebles, Bienes y Servicios Domésticos",high,
Suavizante Frescura Natural Amor 1000 Ml,643,"Muebles, Bienes y Servicios Domésticos",high,
Detergente Afloja Manchas Cuellos y Puños Gatillo Amor 670 Ml,644,"Muebles, Bienes y Servicios Domésticos",high,
Detergente Clasico Woolite 1000 Ml,646,"Muebles, Bienes y Servicios Domésticos",high,
Detergente Woolite Ropa Oscura Woolite 1000 Ml,647,"Muebles, Bienes y Servicios Domésticos",high,
Detergente Clasico Doypack Woolite 900Ml,648,"Muebles, Bienes y Servicios Domésticos",high,
Detergente Bebe Doypack Woolite 900Ml,649,"Muebles, Bienes y Servicios Domésticos",high,
Detergente Clasico Doypack Woolite 450Ml,650,"Muebles, Bienes y Servicios Domésticos",high,
Detergente Seda y Lana Doypack Woolite 450 Ml,651,"Muebles, Bienes y Servicios Domésticos",high,
Plancha Facil Robin Apresto Doypack 500 Ml,652,"Muebles, Bienes y Servicios Domésticos",high,
Plancha Facil Robin Apresto Gatillo 500 Ml,653,"Muebles, Bienes y Servicios Domésticos",high,
Suavizante Aroma Bebe Amor 1000 Ml,654,"Muebles, Bienes y Servicios Domésticos",high,
Suavizante Lavanda Amor 1900 Ml,655,"Muebles, Bienes y Servicios Domésticos",high,
Aceite de Oliva Extra Virgen Cocinero 250 Ml,657,Alimentos y Bebidas No Alcohólicas,high,
Aceite de Oliva Extra Virgen Cocinero 500 Ml,658,Alimentos y Bebidas No Alcohólicas,high,
Detergente en Polvo Original Omo 2 Kg,66,"Muebles, Bienes y Servicios Domésticos",high,
Aceite de Oliva Carbonell Lata 500 Ml,660,Alimentos y Bebidas No Alcohólicas,high,
Aceite de Oliva Virgen Extra Carbonell 500 Ml,661,Alimentos y Bebidas No Alcohólicas,high,
Aceite de Oliva Virgen Extra Mezquita Vidrio Carbonell 750 ML.,662,Alimentos y Bebidas No Alcohólicas,high,
Endulzante Sin Calorias Equal 200 Sobres,663,Alimentos y Bebidas No Alcohólicas,high,
Endulzante Sin Calorias Equal 500 Sobres,664,Alimentos y Bebidas No Alcohólicas,high,
Endulzante Equal Sweet Stevia 50 Sobres,666,Alimentos y Bebidas No Alcohólicas,high,
Endulzante Clasico Sucaryl 100 Sobres,667,Alimentos y Bebidas No Alcohólicas,high,
Enduzanate Sucralosa Sucaryl 100 Sobres,668,Alimentos y Bebidas No Alcohólicas,high,
Enulzante Clasico Sucaryl Frasco 180 Ml,669,Alimentos y Bebidas No Alcohólicas,high,
Enulzante Clasico Sucaryl Frasco 360 Ml,670,Alimentos y Bebidas No Alcohólicas,high,
Endulzante Sucralosa Sucaryl 180 Ml,671,Alimentos y Bebidas No Alcohólicas,high,
Aceituna Verde Sachet Cebila 100 Gr,672,Alimentos y Bebidas No Alcohólicas,high,
Aceituna Descarozada Cebila 150 Gr,673,Alimentos y Bebidas No Alcohólicas,high,
Aceituna Rellena Cebila 200 Gr,674,Alimentos y Bebidas No Alcohólicas,high,
Atun Lomito al Agua Real 354 Gr,675,Alimentos y Bebidas No Alcohólicas,high,
Atun Lomito en Oliva Real 160 Gr,676,Alimentos y Bebidas No Alcohólicas,high,
Atun Ensalada Mexicana Real 174 Gr,677,Alimentos y Bebidas No Alcohólicas,high,
Atun Ensalada California Real 174 Gr,678,Alimentos y Bebidas No Alcohólicas,high,
Atun Grated en Agua Aceite Real 185 Gr,679,Alimentos y Bebidas No Alcohólicas,high,
Desinfectante de Ambiente Original Lysoform 360 Cm3,68,"Muebles, Bienes y Servicios Domésticos",high,
Cafe Frasco Clasico Iguaçu 100 Gr,680,Alimentos y Bebidas No Alcohólicas,high,
Cafe Gourtmet Iguaçu 50 Gr,681,Alimentos y Bebidas No Alcohólicas,high,
Cafe Tradicional Tres Corazones 250 Gr,682,Alimentos y Bebidas No Alcohólicas,high,
Cafe Extra Forte Tres Corazones 250 Gr,683,Alimentos y Bebidas No Alcohólicas,high,
Cafe Premium Tres Corazones 500 Gr,684,Alimentos y Bebidas No Alcohólicas,high,
Cafe Capuccino Clasico Sachet Tres Corazones 200 Gr,685,Alimentos y Bebidas No Alcohólicas,high,
Cereal Copos de Maiz Azucarados Granix 300 Gr,686,Alimentos y Bebidas No Alcohólicas,high,
Cereal Copos de Maiz Granix 200 Gr,687,Alimentos y Bebidas No Alcohólicas,high,
Cereal Copichoc Granix 400 Gr,688,Alimentos y Bebidas No Alcohólicas,high,
Cereal Anillos Frutados Granix 190 Gr,689,Alimentos y Bebidas No Alcohólicas,high,
Desinfectante Blanqueador Clorito Ola 1 Ll,69,"Muebles, Bienes y Servicios Domésticos",high,
Ceral Fibra Total Pasas Granix 200 Gr,690,Alimentos y Bebidas No Alcohólicas,high,
Dulce de Leche Tradicional Sancor 250 Gr,691,Alimentos y Bebidas No Alcohólicas,high,
Galleta Salvado Granix 135 Gr,692,Alimentos y Bebidas No Alcohólicas,high,
Galletas Sesamo Granix 185 Gr,693,Alimentos y Bebidas No Alcohólicas,high,
Galleta Lino Granix 185 Gr,694,Alimentos y Bebidas No Alcohólicas,high,
Waffers Frutilla Bauducco 140 Gr,695,Alimentos y Bebidas No Alcohólicas,high,
Waffers Vainilla Bauducco 140 Gr,696,Alimentos y Bebidas No Alcohólicas,high,
Waffers Six Pack Fresa Bauducco 30 Gr,697,Alimentos y Bebidas No Alcohólicas,high,
Lavavajilla Limocitron Bristar 1050 ml,7,"Muebles, Bienes y Servicios Domésticos",high,
Detergente Polvo Limon Omo 2 Kg,70,"Muebles, Bienes y Servicios Domésticos",high,
Budin Marmolado Bauducco 200 Gr,700,Alimentos y Bebidas No Alcohólicas,high,
Budin Gotas de Chocolate Bauducco 200 Gr,701,Alimentos y Bebidas No Alcohólicas,high,
Galletas Cookie Original Bauducco 100 Gr,703,Alimentos y Bebidas No Alcohólicas,high,
Galleras Cookie Chocolate Bauducco 100 Gr,704,Alimentos y Bebidas No Alcohólicas,high,
Galleta Frutigran Avena y Frutos Rojos Granix 250 Gr,706,Alimentos y Bebidas No Alcohólicas,high,
Galleta Frutigran Tropical Granix 250 Gr,707,Alimentos y Bebidas No Alcohólicas,high,
Galleta Frutigran Avena y pasas Granix 250 Gr,708,Alimentos y Bebidas No Alcohólicas,high,
Galleta Coco Granovita Granix 140 Gr,709,Alimentos y Bebidas No Alcohólicas,high,
Detergente con Toque Downy Ariel 2 Kg,71,"Muebles, Bienes y Servicios Domésticos",high,
Galleta Fiesta Surtidas Granix 350 Gr,710,Alimentos y Bebidas No Alcohólicas,high,
Fideos Fetuccine Matarazzo 500 Gr,711,Alimentos y Bebidas No Alcohólicas,high,
Fideo Mostachol Matarazzo 500 Gr,714,Alimentos y Bebidas No Alcohólicas,high,
Fideo Espiral Tirabuzon Matarazzo 500 Gr,715,Alimentos y Bebidas No Alcohólicas,high,
Fideos Mostacho 3 Vegetales Matarazzo 500 Gr,716,Alimentos y Bebidas No Alcohólicas,high,
Salsa Teriyaki Mccormick 148 Ml,717,Alimentos y Bebidas No Alcohólicas,high,
Salsa Cilantro y Limon Mccormick 148 Ml,718,Alimentos y Bebidas No Alcohólicas,high,
Salsa de Ajo y Cebolla Mccormick 148 Ml,719,Alimentos y Bebidas No Alcohólicas,high,
Salsa Soja Light Reducida en Sodio Sakura 150 Ml,721,Alimentos y Bebidas No Alcohólicas,high,
Salsa Soja Tradicional Sakura 500 Ml,722,Alimentos y Bebidas No Alcohólicas,high,
Salsa de Aji Picante Kenko 150 Ml,723,Alimentos y Bebidas No Alcohólicas,high,
Salsa de Ajo Kenko150 Ml,724,Alimentos y Bebidas No Alcohólicas,high,
Salsa Inglesa Kenko 150 Ml,725,Alimentos y Bebidas No Alcohólicas,high,
Salsa de Soja Light Reducida en Sodio Sakura 1000 Ml,727,Alimentos y Bebidas No Alcohólicas,high,
Sal con Ajo Maccormick 135 Gr,728,Alimentos y Bebidas No Alcohólicas,high,
Sal con Cebolla Mccormick 53 Gr,729,Alimentos y Bebidas No Alcohólicas,high,
Suavizante Clasico Omo 2 Kg,73,"Muebles, Bienes y Servicios Domésticos",high,
Pimienta Negra Molida Maccormick 57 Gr,730,Alimentos y Bebidas No Alcohólicas,high,
Ajo Molido Pet Maccormick 82 Gr,731,Alimentos y Bebidas No Alcohólicas,high,
Paprika Maccormick 53 Gr,732,Alimentos y Bebidas No Alcohólicas,high,
Canela Molida Maccormick 25 Gr,733,Alimentos y Bebidas No Alcohólicas,high,
Mezcla Sazonada Empamix Pollo Maccormick 60 Gr,734,Alimentos y Bebidas No Alcohólicas,high,
Ambientador Aroma Lavanda Herbal Poett 360 Ml,735,"Muebles, Bienes y Servicios Domésticos",high,
Ambientador Bebe Poett 360 Ml,736,"Muebles, Bienes y Servicios Domésticos",high,
Ambientador Espiritu Joven Poett 360 Ml,737,"Muebles, Bienes y Servicios Domésticos",high,
Aparato Automatico Citrico Air Wick 250 Ml,738,"Muebles, Bienes y Servicios Domésticos",high,
Suavizante para Ropa Tradicional Borita 900 Cm3,74,"Muebles, Bienes y Servicios Domésticos",high,
Ambientador en Aerosol Matic Magnolia y Cherry Refill Air Wick 250 Ml,742,"Muebles, Bienes y Servicios Domésticos",high,
Ambientador Aerosol Lavanda Glade 360 Ml,743,"Muebles, Bienes y Servicios Domésticos",high,
Ambientador Aerosol Caricias de Bebe Glade 360 Ml,744,"Muebles, Bienes y Servicios Domésticos",high,
Abrillantador Lavavajillas Brillo Finish 400 Ml,745,"Muebles, Bienes y Servicios Domésticos",high,
Creama Brillametal Brasso Negro 70 Gr,746,"Muebles, Bienes y Servicios Domésticos",high,
Desinfectante Bebe Lysoform 360 Ml,747,"Muebles, Bienes y Servicios Domésticos",high,
Lustramuebles Lavanda en Spray Sapolio 360 Ml,748,"Muebles, Bienes y Servicios Domésticos",high,
Lustramuebles Crema Lavanda Sapolio 300 Ml,749,"Muebles, Bienes y Servicios Domésticos",high,
"Suavizante Suavecito para Ropa Original Ola 1,7 Lt",75,"Muebles, Bienes y Servicios Domésticos",high,
Limpiador Lavanda con Ph Neutro Poett 900 Ml,751,"Muebles, Bienes y Servicios Domésticos",high,
Limpiador Solo Para Ti Poett 900 Ml,752,"Muebles, Bienes y Servicios Domésticos",high,
Limpiador Solo Para Ti Poett 1800 Ml,753,"Muebles, Bienes y Servicios Domésticos",high,
Limpiador Poett Love Evolution 4000 Ml,755,"Muebles, Bienes y Servicios Domésticos",high,
Limpiador Limpiatodo Orquidea Sapolio 1800Ml,758,"Muebles, Bienes y Servicios Domésticos",high,
Quita Manchas Oxi Action Vanish 450 Gr,76,"Muebles, Bienes y Servicios Domésticos",high,
Limpiador Procenex Diluible Pino 900 Ml,760,"Muebles, Bienes y Servicios Domésticos",high,
Limpiador Procenex Diluible Lavanda 900 Ml,761,"Muebles, Bienes y Servicios Domésticos",high,
Limpiador Procenex Diluible Bebe 900 Ml,762,"Muebles, Bienes y Servicios Domésticos",high,
Limpiador Procenex Blanco Original 900 Ml,763,"Muebles, Bienes y Servicios Domésticos",high,
Limpiador Procenex Gold Baño DoyPack 420 Ml,764,"Muebles, Bienes y Servicios Domésticos",high,
Limpiador Procenex Gold Baño Gatillo 500 Ml,765,"Muebles, Bienes y Servicios Domésticos",high,
Limpiador para Baño Extra Fuerte Harpic 500 Ml,766,"Muebles, Bienes y Servicios Domésticos",high,
Limpiador para Baño Power Plus Harpic 500 Ml,767,"Muebles, Bienes y Servicios Domésticos",high,
Limpiador de Inodoro Frescura Floral Harpic 500 Ml,768,"Muebles, Bienes y Servicios Domésticos",high,
Quitamanchas Vanish Rosa DoyPack 650 Ml,769,"Muebles, Bienes y Servicios Domésticos",high,
Quitamanchas Liquido + Blanqueador Doy Pack Vanish 400 Gr,77,"Muebles, Bienes y Servicios Domésticos",high,
Quitamanchas Vanish Prelavado Gatillo Blanco 500 Ml,770,"Muebles, Bienes y Servicios Domésticos",high,
Quitamanchas Vanish Prelavado Power Gel 200 Ml,771,"Muebles, Bienes y Servicios Domésticos",high,
Quitamanchas Vanish Rosa Polvo 900 Gr,772,"Muebles, Bienes y Servicios Domésticos",high,
Betun Negro Nugget 65 Gr,773,Prendas de Vestir y Calzados,high,
Guante Negro y Amarillo T7 Master Unidad,774,"Muebles, Bienes y Servicios Domésticos",high,
Guante Azul T7 1/2 Master Unidad,775,"Muebles, Bienes y Servicios Domésticos",high,
Guante Amarillo T7 1/2 M Master Unidad,776,"Muebles, Bienes y Servicios Domésticos",high,
Guante Naranja T7 1/2 Master Unidad,777,"Muebles, Bienes y Servicios Domésticos",high,
Compota Durazno Baby Alpina 113 Gr,778,Alimentos y Bebidas No Alcohólicas,high,
Compota Manzana Baby Alpina 113Gr,779,Alimentos y Bebidas No Alcohólicas,high,
Quita Manchas Seguro Multi Power Oxi Action Vanish 450 Gr,78,"Muebles, Bienes y Servicios Domésticos",high,
Compota Pera Baby Alpina 113 Gr,780,Alimentos y Bebidas No Alcohólicas,high,
Compota Mango Alpina113 Gr,781,Alimentos y Bebidas No Alcohólicas,high,
Emulsionado Bbyl Neutro Babyland 410 Ml,782,Bienes y Servicios Diversos,high,
Colonia Bbyl Verde Babyland 210 Ml,784,Bienes y Servicios Diversos,high,
Talco Bbyl Babyland 200 Gr,785,Bienes y Servicios Diversos,high,
Estuche Bbyl Pink Babyland,786,Bienes y Servicios Diversos,high,
Shampoo Bbyl Neutro Evita Lagrimas Babyland 700 Ml,787,Bienes y Servicios Diversos,high,
Shampoo Bbyl Manzanilla Babyland 410 Ml,788,Bienes y Servicios Diversos,high,
Enjuague Bucal Menta Natural Dento 250 Ml,789,Bienes y Servicios Diversos,high,
Quita Manchas Liquido Color Protec Doy Pack Vanish 400 Gr,79,"Muebles, Bienes y Servicios Domésticos",high,
Enjuague Bucal Total 12 Horas Dento 500 Ml,790,Bienes y Servicios Diversos,high,
Jaboncillo Glicerina Amarillo Mar 125 Gr,794,Bienes y Servicios Diversos,high,
Bandas de Cera Depiladora Piel Normal Veet 8 Unds,795,Bienes y Servicios Diversos,high,
Talco Antibacterial Con Triclosan Cero 120 Gr,796,Bienes y Servicios Diversos,high,
Talco Antibacterial Triclosan y Mnetol Fresh Cero 120 Gr,797,Bienes y Servicios Diversos,high,
Shampoo Leche de Coco Bio Cabello Seco y Opaco Familiand 750 Ml,798,Bienes y Servicios Diversos,high,
Sacagrasa con Gatillo Salpolio 650 ml,8,"Muebles, Bienes y Servicios Domésticos",high,
Jabon Bebe Bolivar 210 Gr,80,"Muebles, Bienes y Servicios Domésticos",high,
Acondicionador Leche de Coco Bio Familiand 750 Ml,800,Bienes y Servicios Diversos,high,
Crema Depiladora Piel Normal Veet 100 Ml,801,Bienes y Servicios Diversos,high,
Crema Depiladora para Piel Sensible Veet 100 Ml,802,Bienes y Servicios Diversos,high,
Gel Lubricante Intimo Ky 100 Gr,805,Bienes y Servicios Diversos,high,
Manteca Clasica Libre de Gluten Sancor 100 Gr,806,Alimentos y Bebidas No Alcohólicas,high,
Manteca Clasica Libre de Gluten Sancor 200 Gr,807,Alimentos y Bebidas No Alcohólicas,high,
Vino Tinto Gran Medalla Cabernet S. Trapiche 750 Ml,809,Bebidas Alcohólicas y Tabaco,high,
Jabon Blanco Bolivar 210 Gr,81,"Muebles, Bienes y Servicios Domésticos",high,
Vino Tinto Fond de Cave Gran Reserva Malbec Trapiche 750 Ml,810,Bebidas Alcohólicas y Tabaco,high,
Vino Tinto Reserva Syrah Fond Cave Trapiche 750 Ml,811,Bebidas Alcohólicas y Tabaco,high,
Vino Tinto Merlot Trapiche Mendoza 750 Ml,813,Bebidas Alcohólicas y Tabaco,high,
Vino Tinto Syrah Trapiche 750 Ml,814,Bebidas Alcohólicas y Tabaco,high,
Vino Tinto Malbec Benjamin Nieto S. 750 Ml,817,Bebidas Alcohólicas y Tabaco,high,
Vino Tinto Pure Malbec Trapiche 750 Ml,818,Bebidas Alcohólicas y Tabaco,high,
Jabon Flora Bolivar 250 Gr,82,"Muebles, Bienes y Servicios Domésticos",high,
Vino Blanco Astica Sauvignon Blanc Semillon Trapiche 750 Ml,823,Bebidas Alcohólicas y Tabaco,high,
Cerveza en Lata Ipa Bendita 350 Ml,825,Bebidas Alcohólicas y Tabaco,high,
Six Pack Ipa Bendita 350 Ml,828,Bebidas Alcohólicas y Tabaco,high,
Alimento para Cachorro PedIgree 1.5 Kg,830,Recreación y Cultura,high,
Alimento para Adulto PedIgree 3 Kg,831,Recreación y Cultura,high,
Alimento para Mascotas Razas Pequeñas PedIgree 1.5 Kg,832,Recreación y Cultura,high,
Alimento para Gatito Carne Whiskas 85 Gr,835,Recreación y Cultura,high,
Alimento para Mascota Adulto Sabor Salmon Whiskas 85 Gr,836,Recreación y Cultura,high,
Alimento para Gatitos Soufle de Carne Whiskas 85 Gr,837,Recreación y Cultura,high,
Alimento para Gatito Carne y Leche Whiskas 500 Gr,838,Recreación y Cultura,high,
Alimento para Mascota Adulto Carne Whiskas 1 Kg,839,Recreación y Cultura,high,
Jabon Liquido Omo 3 Lt,84,"Muebles, Bienes y Servicios Domésticos",high,
Alimento para Mascota Adulto Pollo Y Leche Whiskas 500 Gr,840,Recreación y Cultura,high,
Alimento para Mascota Adulto Pescado Whiskas 1 Kg,841,Recreación y Cultura,high,
Alimento para Mascota Adulto Pescado Whiskas 3 Kg,842,Recreación y Cultura,high,
Alimento para Mascota Adulto Carne Whiskas 10 Kg,843,Recreación y Cultura,high,
Alimento para Mascota Adulto Pescado Whiskas 10 Kg,844,Recreación y Cultura,high,
Jabon Corporal Liquido Dermoprotector Aval 400 Ml,845,Bienes y Servicios Diversos,high,
Jabon Corporal Liquido Regenerador Aval 400 Ml,846,Bienes y Servicios Diversos,high,
Vinagre Balsamico Carbonell 250 Ml,847,Alimentos y Bebidas No Alcohólicas,high,
Vinagre Tinto Carbonell 250 Ml,848,Alimentos y Bebidas No Alcohólicas,high,
Tholem Jamon Serrano Sancor 190 Gr,849,Alimentos y Bebidas No Alcohólicas,high,
Bolsa Basurera 60 cm x 63 cm Ola 10 Unds,85,"Muebles, Bienes y Servicios Domésticos",high,
Queso Rallado Reggianito Sancor 40Gr Caja 160 Unds,850,Alimentos y Bebidas No Alcohólicas,high,
Queso Dambo Quesabores Sancor 180 Gr,851,Alimentos y Bebidas No Alcohólicas,high,
Queso Corazon de Horma Reggianito Sancor 230Gr,852,Alimentos y Bebidas No Alcohólicas,high,
Requeson Tholem 4 Quesos Sancor 190Gr,853,Alimentos y Bebidas No Alcohólicas,high,
Limpiador en Espuma Tuff Stuff STP 623 Ml,854,Transporte,high,
Limpia Inyectores Negro STP 155 Ml,855,Transporte,high,
Shampoo con Cera Sapolio 500 Ml,857,Transporte,high,
Limpia Tapiz Gatillo STP 670 Ml,858,Transporte,high,
Renovador Llantas Spray STP 360Ml,859,Transporte,high,
Bolsa Rayada 60 cm x 80 cm Belen 25 Unds,86,"Muebles, Bienes y Servicios Domésticos",high,
Limpiaparabrisas Sapolio 900 Ml,860,Transporte,high,
Silicona Gatillo STP 473 Ml,861,Transporte,high,
Silicona Spray Armor All 118 Ml,862,Transporte,high,
Silicona Spray Armor All New Car 295 Ml,863,Transporte,high,
Silicona Gatillo Sapolio 670 Ml,865,Transporte,high,
Silicona Spray Sapolio 360 Ml,866,Transporte,high,
Barra de Chocolate Snickers Original Mars 58.7 Gr,869,Alimentos y Bebidas No Alcohólicas,high,
Guantes Multiuso Scotch Brite M7 de 7 1/2,87,"Muebles, Bienes y Servicios Domésticos",high,
Chocolate M & M S Plain Mars 47.9 Gr,870,Alimentos y Bebidas No Alcohólicas,high,
Chocolate M & M S Peanut Mars 49.3 Gr,871,Alimentos y Bebidas No Alcohólicas,high,
Chocolate M & M S Minis Mars 30.6 Gr,872,Alimentos y Bebidas No Alcohólicas,high,
Barra de Chocolate con Caramelo Twix Mars 50.7 Gr,873,Alimentos y Bebidas No Alcohólicas,high,
Chocolate Snickers Mini Mars 124.7 Gr,874,Alimentos y Bebidas No Alcohólicas,high,
Tableta Castaña Caju Garoto 90 Gr,877,Alimentos y Bebidas No Alcohólicas,high,
Tableta Talento Semi Amargo con Almendras Garoto 90 Gr,879,Alimentos y Bebidas No Alcohólicas,high,
Guantes Antibacterial Talla M Ola Par,88,"Muebles, Bienes y Servicios Domésticos",high,
Baton chocolate con Leche Garoto 16 Gr,880,Alimentos y Bebidas No Alcohólicas,high,
Baton Chocolate con Leche Relleno Frutilla Garoto 16 Gr,881,Alimentos y Bebidas No Alcohólicas,high,
Gomitas Haribo Goldbears 80 Gr,882,Alimentos y Bebidas No Alcohólicas,high,
Gomitas Haribo Worms 80 Gr,883,Alimentos y Bebidas No Alcohólicas,high,
Gomitas Masticables Goldbears Haribo 150 Gr.,884,Alimentos y Bebidas No Alcohólicas,high,
Gomitas Haribo Happy Cola 150 Gr,885,Alimentos y Bebidas No Alcohólicas,high,
Chicle de menta sin Azucar Orbit Wrigley 26.6 Gr,886,Alimentos y Bebidas No Alcohólicas,high,
Chicle Orbit Peppermint Wrigley 26.6 Gr,887,Alimentos y Bebidas No Alcohólicas,high,
Chicle Orbit Bubblemint WrigleyS 26.6 Gr,888,Alimentos y Bebidas No Alcohólicas,high,
Chicle WrigleyS Double Mint 13.5 Gr,889,Alimentos y Bebidas No Alcohólicas,high,
Palo Trapeador Movica Unidad,89,"Muebles, Bienes y Servicios Domésticos",high,
Chicle WrigleyS Juice Fruit 13.5 Gr,890,Alimentos y Bebidas No Alcohólicas,high,
Chicle WrigleyS Big Red 13.5 Gr,891,Alimentos y Bebidas No Alcohólicas,high,
Confites Masticables Skittles Original Wrigley 61.5 Gr,892,Alimentos y Bebidas No Alcohólicas,high,
Confites Masticables Skittles Wild Berry Wrigley 58.7 Gr,893,Alimentos y Bebidas No Alcohólicas,high,
Confites Masticables Starburst Original Wrigley 58.7 Gr,894,Alimentos y Bebidas No Alcohólicas,high,
Leche Evaporada Bella Holandesa 410 Gr,895,Alimentos y Bebidas No Alcohólicas,high,
Leche Condensada Bella Holandesa 78 Gr,896,Alimentos y Bebidas No Alcohólicas,high,
Chupete Bon Bon Bum Surtido Colombina 24 Unds,897,Alimentos y Bebidas No Alcohólicas,high,
Chupete Bon Bon Bum Fresa Colombina 24 Unds,898,Alimentos y Bebidas No Alcohólicas,high,
Chupete Bon Bon Bum Sandia Colombina 24 Unds,899,Alimentos y Bebidas No Alcohólicas,high,
Antigrasa con Gatillo Ola 830 ml,9,"Muebles, Bienes y Servicios Domésticos",high,
Escoba Dolly Scotch Brite Unidad,90,"Muebles, Bienes y Servicios Domésticos",high,
Atun en Agua Nutregal Van Camps 3X80 Gr,900,Alimentos y Bebidas No Alcohólicas,high,
Salsa Roja Don Vittorio 400 Gr,901,Alimentos y Bebidas No Alcohólicas,high,
Fideo Linguinni Grosso Don Vittorio 400 Gr,902,Alimentos y Bebidas No Alcohólicas,high,
Salsa Roja Don Vittorio 200 Gr,903,Alimentos y Bebidas No Alcohólicas,high,
Fideo Fettuccine Don Vittorio 400 Gr,904,Alimentos y Bebidas No Alcohólicas,high,
Jabon Antibacterial Bolivar 210 Gr,905,"Muebles, Bienes y Servicios Domésticos",high,
Detergente en Polvo Floral Uno 800 Gr,906,"Muebles, Bienes y Servicios Domésticos",high,
Detergente en Polvo Frescura Limón Uno 800 Gr,908,"Muebles, Bienes y Servicios Domésticos",high,
Fideo Spaghetti Nutregal 400 Gr,909,Alimentos y Bebidas No Alcohólicas,high,
Recogedor de Basura con Mango Movica Unidad,91,"Muebles, Bienes y Servicios Domésticos",high,
Fideo Corbata Grande Nutregal 400 Gr,910,Alimentos y Bebidas No Alcohólicas,high,
Fideo Canuto Chico Nutregal 400 Gr,911,Alimentos y Bebidas No Alcohólicas,high,
Fideo Codo Rayado Nutregal 400 Gr,912,Alimentos y Bebidas No Alcohólicas,high,
Fideo Rigatoni Nutregal 400 Gr,913,Alimentos y Bebidas No Alcohólicas,high,
Fideo Anillo Nutregal 400 Gr,914,Alimentos y Bebidas No Alcohólicas,high,
Fideo Macarron Nutregal 400 Gr,915,Alimentos y Bebidas No Alcohólicas,high,
Fideo Letra Y Numero Nutregal 400 Gr,916,Alimentos y Bebidas No Alcohólicas,high,
Fideo Caracol Chico Nutregal 400 Gr,917,Alimentos y Bebidas No Alcohólicas,high,
Fideo Tallarin Nutregal 400 Gr,918,Alimentos y Bebidas No Alcohólicas,high,
Fideo Corbata Chica Nutregal 400 Gr,919,Alimentos y Bebidas No Alcohólicas,high,
Galleta Opera Bagley 92 Gr,92,Alimentos y Bebidas No Alcohólicas,high,
Fideo Tornillo Nutregal 400 Gr,920,Alimentos y Bebidas No Alcohólicas,high,
Detergente Matic Bolivar 2 Kg,921,"Muebles, Bienes y Servicios Domésticos",high,
Detergente Matic Bolivar 700 Gr,922,"Muebles, Bienes y Servicios Domésticos",high,
Detergente Suavizante Bolivar 700 Gr,923,"Muebles, Bienes y Servicios Domésticos",high,
Detergente Suavizante Bolivar 2.00 Kg,924,"Muebles, Bienes y Servicios Domésticos",high,
Detergente Floral Bolivar 700 Gr,925,"Muebles, Bienes y Servicios Domésticos",high,
Detergente Limón Bolivar 700 Gr,926,"Muebles, Bienes y Servicios Domésticos",high,
Detergente Floral Bolivar 2 Kg,927,"Muebles, Bienes y Servicios Domésticos",high,
Detergente Floral Bolivar 3.8 Kg,928,"Muebles, Bienes y Servicios Domésticos",high,
Detergente Limón Bolivar 2 Kg,929,"Muebles, Bienes y Servicios Domésticos",high,
Sopa de pollo Maruchan 64 Gr,93,Alimentos y Bebidas No Alcohólicas,high,
Detergente Limón Bolivar 3.8 Kg,930,"Muebles, Bienes y Servicios Domésticos",high,
Jabon Uno Blancos Brillantes Uno 210 Gr,931,"Muebles, Bienes y Servicios Domésticos",high,
Jabon Limon Uno 210 Gr,932,"Muebles, Bienes y Servicios Domésticos",high,
Jabon Delicada Uno 210 Gr,933,"Muebles, Bienes y Servicios Domésticos",high,
Fideo Espirales Don Vittorio 400 Gr,935,Alimentos y Bebidas No Alcohólicas,high,
Fideo Cabello de Angel Don Vittorio 400 Gr,936,Alimentos y Bebidas No Alcohólicas,high,
Fideo Corbata Chica Don Vittorio 400 Gr,937,Alimentos y Bebidas No Alcohólicas,high,
Fideo Corbata Grande Don Vittorio 400 Gr,938,Alimentos y Bebidas No Alcohólicas,high,
Fideo Canuto Chico Don Vittorio 400 Gr,939,Alimentos y Bebidas No Alcohólicas,high,
Sopa de Pollo Maruchan 85 Gr,94,Alimentos y Bebidas No Alcohólicas,high,
Fideo Codo Rayado Don Vittorio 400 Gr,940,Alimentos y Bebidas No Alcohólicas,high,
Aceite Sabrosa Vegetal 1.800 Ml,941,Alimentos y Bebidas No Alcohólicas,high,
Aceite Sabrosa Light 1.800 Ml,942,Alimentos y Bebidas No Alcohólicas,high,
Sardina Ovalada en Salsa de Tomate Sabrosa 425 Gr,943,Alimentos y Bebidas No Alcohólicas,high,
Sardina en Salsa de Tomate Sabrosa 425 Gr,944,Alimentos y Bebidas No Alcohólicas,high,
Aceite Fino Vegetal 900 Ml,945,Alimentos y Bebidas No Alcohólicas,high,
Mantequilla Margarina Regia 850 Gr,946,Alimentos y Bebidas No Alcohólicas,high,
Aceite Fino Mental Activ 900 Ml,947,Alimentos y Bebidas No Alcohólicas,high,
Detergente Líquido Blancos Extremos Uno Pro 900 Ml,948,"Muebles, Bienes y Servicios Domésticos",high,
Detergente Líquido Blancos Extremos Uno Pro 1.800 Ml,949,"Muebles, Bienes y Servicios Domésticos",high,
Sopa Criolla Sabor Costilla Maggi 12 Gr,95,Alimentos y Bebidas No Alcohólicas,high,
Detegente Líquido Protección Color Uno Pro 900 Ml,950,"Muebles, Bienes y Servicios Domésticos",high,
Detergente Líquido Protección Color Uno Pro 1.800 Ml,951,"Muebles, Bienes y Servicios Domésticos",high,
Suavizante Caricias Azul Cielo Uno 900 Ml,953,"Muebles, Bienes y Servicios Domésticos",high,
Suavizante Caricias Azul Cielo Uno 1.800 Ml,954,"Muebles, Bienes y Servicios Domésticos",high,
Suavizante Caricias Frescura De Verano Uno 900 Ml,955,"Muebles, Bienes y Servicios Domésticos",high,
Suavizante Caricias Frescura De Verano Uno 1.800 Ml,956,"Muebles, Bienes y Servicios Domésticos",high,
Suavizante Caricias Nubes Blancas Uno 900 Ml,957,"Muebles, Bienes y Servicios Domésticos",high,
Suavizante Caricias Nubes Blancas Uno 1.800 Ml,958,"Muebles, Bienes y Servicios Domésticos",high,
Sopa Criolla Sabor Gallina con Fideos Maggi 12 Gr,96,Alimentos y Bebidas No Alcohólicas,high,
Suavizante Caricias Brisa De Primavera Uno 1.800 Ml,960,"Muebles, Bienes y Servicios Domésticos",high,
Detergente Líquido Ropa Negra Uno Pro 1.800 Ml,962,"Muebles, Bienes y Servicios Domésticos",high,
Acondicionador Brillo Plusbelle 1 Lt,963,Bienes y Servicios Diversos,high,
Acondicionador Frescura Plusbelle 1 Lt,964,Bienes y Servicios Diversos,high,
Acondicionador Suavidad Plusbelle 1 Lt,965,Bienes y Servicios Diversos,high,
Acondicionador Nutrición Plusbelle 1 Lt,966,Bienes y Servicios Diversos,high,
Acondicionador Antioxidante Plusbelle 1 Lt,967,Bienes y Servicios Diversos,high,
Shampoo Brillo Plusbelle 1 Lt,968,Bienes y Servicios Diversos,high,
Shampoo Frescura Plusbelle 1 Lt,969,Bienes y Servicios Diversos,high,
Crema de Esparragos Maggi 66 Gr,97,Alimentos y Bebidas No Alcohólicas,high,
Shampoo Suavidad y Cuidado Plusbelle 1 Lt,970,Bienes y Servicios Diversos,high,
Shampoo Hidratación Plusbelle 1 Lt,971,Bienes y Servicios Diversos,high,
Shampoo Antioxidante Plusbelle 1 Lt,972,Bienes y Servicios Diversos,high,
Shampoo Detox Plusbelle 1 Lt,973,Bienes y Servicios Diversos,high,
Acondicionador Detox Plusbelle 1 Lt,974,Bienes y Servicios Diversos,high,
Shampoo Protección Plusbelle 1 Lt,975,Bienes y Servicios Diversos,high,
Acondicionador Protección Plusbelle1 Lt,976,Bienes y Servicios Diversos,high,
Shampoo Kids Fuerza Plusbelle 750 Ml,977,Bienes y Servicios Diversos,high,
Acondicionador Kids Fuerza Plusbelle 750 Ml,979,Bienes y Servicios Diversos,high,
Crema de Pollo Maggi 64 Gr,98,Alimentos y Bebidas No Alcohólicas,high,
Jaboncillo Tripack Frescura Plusbelle 3X125 Gr,981,Bienes y Servicios Diversos,high,
Jaboncillo Tripack Relajación Plusbelle 3X125 Gr,982,Bienes y Servicios Diversos,high,
Jaboncillo Tripack Nutrición Plusbelle 3X125 Gr,983,Bienes y Servicios Diversos,high,
Jaboncillo Radiante Plusbelle 125 Gr,985,Bienes y Servicios Diversos,high,
Jaboncillo Humectación Plusbelle 125 Gr,986,Bienes y Servicios Diversos,high,
Jaboncillo Frescura Plusbelle 125 Gr,987,Bienes y Servicios Diversos,high,
Jaboncillo Energia Plusbelle 125 Gr,988,Bienes y Servicios Diversos,high,
Jaboncillo Relajación Plusbelle 125 Gr,990,Bienes y Servicios Diversos,high,
Sal Lobos Fina 1 Kilo,991,Alimentos y Bebidas No Alcohólicas,high,
Aceite de Oliva Borges 750 Ml,992,Alimentos y Bebidas No Alcohólicas,high,
Sanitizador de Manos Limon Hi Geen Hospitalario 500 Ml,997,Bienes y Servicios Diversos,high,
Sanitizador de Manos Agua Marina Hi Geen Adult- Papaya 110 Ml,998,Bienes y Servicios Diversos,high,
Ambientador Con Gatillo Air 2,1,"Muebles, Bienes y Servicios Domésticos",high,
"Limpiador Flores de Primavera Poett 1,8 Lt",10,"Muebles, Bienes y Servicios Domésticos",high,
Sanitizador de Manos Agua Marina Hi Geen Adult Jazmín 110 Ml,1000,Bienes y Servicios Diversos,high,
Sanitizador de Manos Agua Marina Hi Geen para Adulto 110 Ml,1001,Bienes y Servicios Diversos,high,
Sanitizador de Manos Agua Marina Hi Geen Adult Natural 110 Ml,1002,Bienes y Servicios Diversos,high,
Sanitizador de Manos Agua Marina Hi Geen Bolsillo Limón 50 Ml,1003,Bienes y Servicios Diversos,high,
Sanitizador de Manos Agua Marina Hi Geen Bolsillo Frutas Rojas 50 Ml,1004,Bienes y Servicios Diversos,high,
Sanitizador de Manos Agua Marina Hi Geen Bolsillo Agua Marina 50 Ml,1005,Bienes y Servicios Diversos,high,
Sanitizador de Manos Agua Marina Hi Geen Bolsillo Rosa de Damasco 50Ml,1006,Bienes y Servicios Diversos,high,
Sanitizador de Manos Hi Geen Bolsillo Jazmín 50Ml,1007,Bienes y Servicios Diversos,high,
Sanitizador de Manos Agua Marina Hi Geen Adult Amor 110 Ml,1008,Bienes y Servicios Diversos,high,
Sanitizador de Manos Hi Geen Infantil Bitty & Mitty 80Ml Gel,1009,Bienes y Servicios Diversos,high,
Galleta Original Club Social 234 Gr,101,Alimentos y Bebidas No Alcohólicas,high,
Sanitizador de Manos Hi Geen Infantil  Bibo 80Ml,1010,Bienes y Servicios Diversos,high,
Pañitos Humedos para Bebe Pompiglos Premiun Pompiglis 60 Unds,1011,Bienes y Servicios Diversos,high,
Repelente Fexon Infantil 100 Gr,1012,Bienes y Servicios Diversos,high,
Repelente Fexon Adulto 100 Gr,1013,Bienes y Servicios Diversos,high,
Repelente Fexon Spray 130 Gr,1014,Bienes y Servicios Diversos,high,
Endulzante Sucranova 150 Tabletas,1015,Alimentos y Bebidas No Alcohólicas,high,
Endulzante Sucranova Natura 270 Ml,1017,Alimentos y Bebidas No Alcohólicas,high,
Pañitos Clasicos Pompiglos 100 Unds,1018,Bienes y Servicios Diversos,high,
Pañitos Clasicos Doypak Pompiglos 250 Unds,1019,Bienes y Servicios Diversos,high,
Cereal Corn Flakes Kelloggs 200 Gr,102,Alimentos y Bebidas No Alcohólicas,high,
Bloqueador Solar Adulto Factor 50 Solaris 90 Gr,1020,Bienes y Servicios Diversos,high,
Bloqueador Solar Baby Kids Factor 50 Solaris 90 Gr,1021,Bienes y Servicios Diversos,high,
Bloqueador Solar Sport Factor 50 Solaris 90 Gr,1022,Bienes y Servicios Diversos,high,
Bloqueador Solar Facial Factor 30 Solaris 90 Gr,1023,Bienes y Servicios Diversos,high,
Cepillo F92 Clinic Doble 2X1 Suave Foramen,1024,Bienes y Servicios Diversos,high,
Gel Bucal Foramen 75 Ml,1025,Bienes y Servicios Diversos,high,
Pasta Dental 2 En 1 Dientes Blancos Foramen 100 Ml,1026,Bienes y Servicios Diversos,high,
Gel Dental Junior Forman 50 Ml,1027,Bienes y Servicios Diversos,high,
Pasta Dental 2 En 1 Junior 2 En 1 Foramen 100 Ml,1028,Bienes y Servicios Diversos,high,
Pasta Dental 2 En 1 Herbal Aloe Foramen 100 Ml,1029,Bienes y Servicios Diversos,high,
Cereal Corn Flakes Kelloggs 500 Gr,103,Alimentos y Bebidas No Alcohólicas,high,
Enjuague Bucal Herbal Aloe Foramen 500 Ml,1030,Bienes y Servicios Diversos,high,
Enjuague Bucal Dientes Sensibles Foramen 500 Ml,1031,Bienes y Servicios Diversos,high,
Enjuague Bucal Proteccion Foramen 500 Ml,1032,Bienes y Servicios Diversos,high,
Enjuague Bucal Junior Foramen 500 Ml,1033,Bienes y Servicios Diversos,high,
Enjuague Bucal Gingivitis Foramen 250 Ml,1034,Bienes y Servicios Diversos,high,
Neceser Adulto Foramen Unidad,1036,Bienes y Servicios Diversos,high,
Cepillo F29 Tynex Suave Foramen,1037,Bienes y Servicios Diversos,high,
Cepillo F29 Tynex Medio Foramen,1038,Bienes y Servicios Diversos,high,
Cepillo Ortodoncias 504 Foramen Unidad,1039,Bienes y Servicios Diversos,high,
Cereal Sabor Chocolate Chocapic Nestle 250 Gr,104,Alimentos y Bebidas No Alcohólicas,high,
Cepillo Infantil 4 mas Reloj Pulsera Foramen Unidad,1040,Bienes y Servicios Diversos,high,
Cepillo Pharma Ortodoncia Foramen Unidad,1041,Bienes y Servicios Diversos,high,
Cepillo F30 Tynex Suave Foramen,1042,Bienes y Servicios Diversos,high,
Cepillo F30 Tynex Duro Foramen,1044,Bienes y Servicios Diversos,high,
Cepillo Pharma Suave Foramen Unidad,1045,Bienes y Servicios Diversos,high,
Cepillo F92 Clinic Suave Foramen,1046,Bienes y Servicios Diversos,high,
Cepillo Pharma Medio Foramen Unidad,1047,Bienes y Servicios Diversos,high,
Cepillo F92 Clinic Medio Foramen,1048,Bienes y Servicios Diversos,high,
Cepillo F92 Clinic Duro Foramen,1049,Bienes y Servicios Diversos,high,
Cereal Chocapic Nestle 400 Gr,105,Alimentos y Bebidas No Alcohólicas,high,
Cepillo Profesional Medio Foramen Unidad,1051,Bienes y Servicios Diversos,high,
Cepillo Profesional Duro Foramen Unidad,1052,Bienes y Servicios Diversos,high,
Cepillo Dual Suave Foramen Unidad,1053,Bienes y Servicios Diversos,high,
Cepillo Dual Medio Foramen Unidad,1054,Bienes y Servicios Diversos,high,
Cepillo V-Plus Suave Foramen Unidad,1055,Bienes y Servicios Diversos,high,
Cepillo Foramen V Plus Medio Foramen Unidad,1056,Bienes y Servicios Diversos,high,
Cepillo V Plus Duro Foramen Unidad,1057,Bienes y Servicios Diversos,high,
Cepillo Pharma Sensible Foramen Unidad,1058,Bienes y Servicios Diversos,high,
Cepillo para Encias Delicadas Foramen Unidad,1059,Bienes y Servicios Diversos,high,
Cepillo Adapta Duro Foramen Unidad,1061,Bienes y Servicios Diversos,high,
Cepillo Expert 3 Suave Foramen,1062,Bienes y Servicios Diversos,high,
Cepillo Expert 3 Medio Foramen Unidad,1063,Bienes y Servicios Diversos,high,
Cepillo Expert 3 Duro Foramen Unidad,1064,Bienes y Servicios Diversos,high,
Cepillo Infantil Suave Foramen Unidad,1065,Bienes y Servicios Diversos,high,
Cepillo Junior Aromas Fruits Foramen Unidad,1066,Bienes y Servicios Diversos,high,
Cepillo Junior Tynex Suave Foramen Unidad,1067,Bienes y Servicios Diversos,high,
Cepillo Expert Pro Suave Foramen Unidad,1068,Bienes y Servicios Diversos,high,
Cepillo Expert Pro Medio Foramen Unidad,1069,Bienes y Servicios Diversos,high,
Sebada Instantanea Ecco Nestle 190 Gr,107,Alimentos y Bebidas No Alcohólicas,high,
Cepillo Baby Foramen Unidad,1070,Bienes y Servicios Diversos,high,
Cepillo Pharma Sensor Foramen Unidad,1071,Bienes y Servicios Diversos,high,
Cepillo F-6 Tynex Suave Foramen Unidad,1072,Bienes y Servicios Diversos,high,
Cepillo F-6 Maxi Tynex Medio Foramen Unidad,1074,Bienes y Servicios Diversos,high,
Cepillo de Viaje Formmen Unidad,1075,Bienes y Servicios Diversos,high,
Set Dental De Viaje Traveler 3 en 1 Foramen,1076,Bienes y Servicios Diversos,high,
Cepillo Infantil mas Reloj Foramen Unidad,1077,Bienes y Servicios Diversos,high,
Limpiador Lingual Foramen Unidad,1078,Bienes y Servicios Diversos,high,
Frescor en Spray Boca Sana Aliento Fresco Foramen 15 Ml,1079,Bienes y Servicios Diversos,high,
Galleta Chokosoda Field 216 Gr,108,Alimentos y Bebidas No Alcohólicas,high,
Cinta Dental Teflon Ref 421 Foramen Unidad,1080,Bienes y Servicios Diversos,high,
Seda Dental 422 Foramen,1081,Bienes y Servicios Diversos,high,
Seda Dental con Microfilamentos Foramen,1082,Bienes y Servicios Diversos,high,
Cepillo F92 Clinic Doble 2X1 Duro Foramen,1083,Bienes y Servicios Diversos,high,
Cepillo F92 Clinic Doble 2X1 Medio Foramen,1084,Bienes y Servicios Diversos,high,
Cepillo F30 Tynex Medio Foramen 2X1,1085,Bienes y Servicios Diversos,high,
Cepillo F30 Tynex Duro Foramen 2X1,1086,Bienes y Servicios Diversos,high,
Cepillo F Expert 3 Suave Foramen 2X1,1087,Bienes y Servicios Diversos,high,
Cepillo Expert 3 Medio Foramen 2X1,1088,Bienes y Servicios Diversos,high,
Gel Dental Refrescante 75 Ml,1089,Bienes y Servicios Diversos,high,
Galleta Sabor Queso Sandwich Ritz 204 Gr,109,Alimentos y Bebidas No Alcohólicas,high,
Gel Dental Junior Vertical 75 Ml,1090,Bienes y Servicios Diversos,high,
Pasta Dental 2 En 1 Charcoal Foramen 100 Ml,1091,Bienes y Servicios Diversos,high,
Enjuague Bucal Accion Noche Foramen 500 Ml,1092,Bienes y Servicios Diversos,high,
Enjuague Bucal Whiting Foramen 500 Ml,1093,Bienes y Servicios Diversos,high,
Enjuague Bucal Antiplaca Foramen 500 Ml,1094,Bienes y Servicios Diversos,high,
Cepillo Infantil Foramino Foramen 2X1,1095,Bienes y Servicios Diversos,high,
Cepillo Junior Extreme 9 a 12 Años Foramen Unidad,1096,Bienes y Servicios Diversos,high,
Cepillo Flex Foramen Unidad,1097,Bienes y Servicios Diversos,high,
Cepillo Flexi Tip Suave Foramen Unidad,1098,Bienes y Servicios Diversos,high,
Cepillo Baby Con Protector Foramen Unidad,1099,Bienes y Servicios Diversos,high,
"Limpiador Frescura de Lavanda Poett 1,8 Lt",11,"Muebles, Bienes y Servicios Domésticos",high,
Cereal Zucarias Kelloggs 300 Gr,110,Alimentos y Bebidas No Alcohólicas,high,
Cepillo Blanqueador Foramen Unidad,1100,Bienes y Servicios Diversos,high,
Cepillo Kids Safari Foramen Unidad,1101,Bienes y Servicios Diversos,high,
Cepillo Flexi Tip Medio Foramen Unidad,1103,Bienes y Servicios Diversos,high,
Cepillo con Luz Foramen Unidad,1104,Bienes y Servicios Diversos,high,
Cepillo Charcoal Foramen Unidad,1105,Bienes y Servicios Diversos,high,
Arco Con Hilo Dental 30 Unidades,1106,Bienes y Servicios Diversos,high,
Cepillos Interdentales Extrafino 6 Unids,1107,Bienes y Servicios Diversos,high,
Cepillos Interdentales Fino 6 Unids,1108,Bienes y Servicios Diversos,high,
Cepillos Interdental Medio 6 Unds,1109,Bienes y Servicios Diversos,high,
Cereal Zucaritas Kelloggs 730 Gr,111,Alimentos y Bebidas No Alcohólicas,high,
Cepillos Interdentales Conico 6 Unids,1110,Bienes y Servicios Diversos,high,
Arco con Hilo Dental Charcoal  Foramen 30 Unidades,1112,Bienes y Servicios Diversos,high,
Crema Dental Sensible mas Blanqueador Foramen 75 Ml,1113,Bienes y Servicios Diversos,high,
Shampoo Bioxsine Forte 300 Ml,1115,Bienes y Servicios Diversos,high,
Preservativo Maxmen Boom 3 Unds,1116,Bienes y Servicios Diversos,high,
Preservativo Max Men Inspiral Tornado 3 Unds,1117,Bienes y Servicios Diversos,high,
Desodorante en Barra Deo Sti V8 Rexona Men 50 Gr,1119,Bienes y Servicios Diversos,high,
Te Verde Manzana Ice Tea 300 Gr,112,Alimentos y Bebidas No Alcohólicas,high,
Desodorante en Barra Sti Invisible Dove 50 Gr,1120,Bienes y Servicios Diversos,high,
Desodorante en Barra Invisible Rexona 50 Gr,1121,Bienes y Servicios Diversos,high,
Desodorante en Barra Extra Fresh Dove Men Care 50 Gr,1122,Bienes y Servicios Diversos,high,
Desodorante en Barra Xtra Cool Rexona 50 Gr,1123,Bienes y Servicios Diversos,high,
Desodorante en Barra Antivacterial mas Invisible Rexona 50 Gr,1124,Bienes y Servicios Diversos,high,
Desodorante Roll on Antibacterial Rexona men 50 Ml,1125,Bienes y Servicios Diversos,high,
Desodorante en Barra Sport Active Fresh Dove 50 Gr,1126,Bienes y Servicios Diversos,high,
Desosorante Roll on Sport Intense Rexona 50 Ml,1127,Bienes y Servicios Diversos,high,
Desodorante en Barra Sport Men Rexona 50 Gr,1128,Bienes y Servicios Diversos,high,
Te Verde Hindu 26 Gr,113,Alimentos y Bebidas No Alcohólicas,high,
Desodorante Deo Rollon Sensitive Rexona 50 Ml,1130,Bienes y Servicios Diversos,high,
Desodorante Roll on Original Dove 50 Ml,1131,Bienes y Servicios Diversos,high,
Desodorante Roll on Clear Tone Dove 50 Ml,1132,Bienes y Servicios Diversos,high,
Desodorante Roll on Invisible Dry Dove Men Care 50Ml,1133,Bienes y Servicios Diversos,high,
Desodorante Roll on Extra Fresh Dove Men Care 50 Ml,1134,Bienes y Servicios Diversos,high,
Desodorante Roll on Invisible Dry Dove Men Care 50 Ml,1135,Bienes y Servicios Diversos,high,
Desodorante Roll on Invisible Care Dove 50 Ml,1137,Bienes y Servicios Diversos,high,
Crema Piel Renovada Colageno y Elastina St Ives 532 Ml,1138,Bienes y Servicios Diversos,high,
Crema Corporal Humectacion Diaria St Ives 400 Ml,1139,Bienes y Servicios Diversos,high,
Fideo Spaguetti Don Vittorio 400 Gr,114,Alimentos y Bebidas No Alcohólicas,high,
Mostaza Hellmanns Doypack 200 Gr,1141,Alimentos y Bebidas No Alcohólicas,high,
Crema Humectante Nutritiva Ponds 100 Gr,1142,Bienes y Servicios Diversos,high,
Crema Humectante Nutritiva Ponds 200 Gr,1143,Bienes y Servicios Diversos,high,
Crema Facial Aclarante B3 Grasa Ponds 100 Gr,1144,Bienes y Servicios Diversos,high,
Crema Antiedad Rejuveness Dia Ponds 100 Gr,1145,Bienes y Servicios Diversos,high,
Crema Antiarrugas Rejuveness Noche Ponds 100 Gr,1146,Bienes y Servicios Diversos,high,
Crema para Peinar Restauracion Instantania Sedal 300 Ml,1147,Bienes y Servicios Diversos,high,
Crema para Peinar Liso Perfecto Sedal 300 Ml,1148,Bienes y Servicios Diversos,high,
Crema pra Peinar Ceramidas Sedal 300 Ml,1149,Bienes y Servicios Diversos,high,
Fideo Don Vittorio Tallarin Don Vittorio 400 Gr,115,Alimentos y Bebidas No Alcohólicas,high,
Crema para Peinar Rizos Definidos Sedal 300 Ml,1150,Bienes y Servicios Diversos,high,
Shampoo Anticaspa Clear Men 2en1 Limpieza Diaria 400 Ml,1151,Bienes y Servicios Diversos,high,
Shampoo Anticaspa Clear Men Caida Control 400 Ml,1152,Bienes y Servicios Diversos,high,
Shampoo Anticaspa Clear Men Ice Cool Menthol 400 Ml,1153,Bienes y Servicios Diversos,high,
Crema Corporal Aceite de Karite Dove 400 Ml,1154,Bienes y Servicios Diversos,high,
Locion desmaquillante Dual Bio Hidratante Ponds,1155,Bienes y Servicios Diversos,high,
Shampoo Crecimiento Anti Estrés Sedal 650 Ml,1156,Bienes y Servicios Diversos,high,
Crema Corporal Ritual Energizante Dove 400 Ml,1158,Bienes y Servicios Diversos,high,
Galleta Frac Vainilla Costa 132 Gr,116,Alimentos y Bebidas No Alcohólicas,high,
Desodorante Crema Humectante Dermoaclarant Dove 150 Ml,1163,Bienes y Servicios Diversos,high,
Desodorante Crema Humectante Go Fresh Dove 150 Ml,1164,Bienes y Servicios Diversos,high,
Desodorante Antibacterial Invisible Rexona 150 Ml,1165,Bienes y Servicios Diversos,high,
Desodorante Men Antibacterial Invisible Rexona 150 Ml,1166,Bienes y Servicios Diversos,high,
Ketchup Rik 1Kg,1167,Alimentos y Bebidas No Alcohólicas,high,
Ketchup Rik 400 Gg,1168,Alimentos y Bebidas No Alcohólicas,high,
Crema de Tomate Knorr 64 Gr,1169,Alimentos y Bebidas No Alcohólicas,high,
Galleta Soda Line Costa 180 Gr,117,Alimentos y Bebidas No Alcohólicas,high,
Salsa Bolognesa Knorr 50 Gr,1170,Alimentos y Bebidas No Alcohólicas,high,
Salsa Bechamel Knorr 40 Gr,1171,Alimentos y Bebidas No Alcohólicas,high,
Shampoo Manzzanilla Cabello Claro y Delgado Liz 900 Ml,1172,Bienes y Servicios Diversos,high,
Shampoo Anticaspa Control Eficaz Liz 900 Ml,1173,Bienes y Servicios Diversos,high,
Shampoo Aloe Vera y Pepino Liz 900 Ml,1174,Bienes y Servicios Diversos,high,
Shampoo Sin Sal Bebe Liz 900 Ml,1175,Bienes y Servicios Diversos,high,
Shampoo Aloe Vera y Pepino Liz Doy Pack 900 Ml,1176,Bienes y Servicios Diversos,high,
Shampoo Sin Sal Bebe Liz Doypack 900 Ml,1177,Bienes y Servicios Diversos,high,
Shampoo Aloe Vera y Pepino Liz Doypack 900 Ml,1178,Bienes y Servicios Diversos,high,
Shampoo Aceite de Coco y Proteina de Leche Liz Doypack 900 Ml,1179,Bienes y Servicios Diversos,high,
Shampoo Extracto de Palta Liz Doypack 900 Ml,1180,Bienes y Servicios Diversos,high,
Pasta Dental Accion Profunda Closeup 180 Gr,1184,Bienes y Servicios Diversos,high,
Pasta Dental Menthol Paradise Closeup 90 Gr,1185,Bienes y Servicios Diversos,high,
Pasta Dental Diamond Closeup 90 Gr,1186,Bienes y Servicios Diversos,high,
Gel Dental Platinum Closeup 90 Gr,1187,Bienes y Servicios Diversos,high,
Detergente en polvo Progress Omo 3.8 Kg,1188,"Muebles, Bienes y Servicios Domésticos",high,
Detergnete en polvo Piel Sensible Omo 1 Kg,1189,"Muebles, Bienes y Servicios Domésticos",high,
Endulzante Sucranova 300 Tabletas,119,Alimentos y Bebidas No Alcohólicas,high,
Detergnete en polvo Facil Enjuague Omo 1 Kg,1190,"Muebles, Bienes y Servicios Domésticos",high,
Detergente en polvo Progress mas Blancura Omo 1 Kg,1191,"Muebles, Bienes y Servicios Domésticos",high,
Detergente en polvo Matic Omo 1 Kg,1192,"Muebles, Bienes y Servicios Domésticos",high,
Detergente en polvo Suavizante Clasico Omo 1 Kg,1193,"Muebles, Bienes y Servicios Domésticos",high,
Detergente en polvo Limon Omo 1 Kg,1194,"Muebles, Bienes y Servicios Domésticos",high,
Detergente en Polvo Original Omo 1 Kg,1195,"Muebles, Bienes y Servicios Domésticos",high,
Detergente en polvo Piel Sensible Omo 2 Kg,1196,"Muebles, Bienes y Servicios Domésticos",high,
Detergente en polvo Progress mas Blancura Omo 2 Kg,1197,"Muebles, Bienes y Servicios Domésticos",high,
Detergente en polvo Matic Omo 2 Kg,1198,"Muebles, Bienes y Servicios Domésticos",high,
Detergnete en polvo Facil Enjuague Omo 2 Kg,1199,"Muebles, Bienes y Servicios Domésticos",high,
"Limpieza mas Fragancia Aroma Bebe Procenex 1,8 lt",12,"Muebles, Bienes y Servicios Domésticos",high,
Endulzante Sucranova 270 Ml,120,Alimentos y Bebidas No Alcohólicas,high,
Detergente en polvo Limon Omo 5 Kg,1201,"Muebles, Bienes y Servicios Domésticos",high,
Detergente en polvo Matic Omo 3.8 Kg,1202,"Muebles, Bienes y Servicios Domésticos",high,
Detergente en polvo Antibacterial Omo 2 Kg,1203,"Muebles, Bienes y Servicios Domésticos",high,
Liquido Lava Ropa Regular Skip Bot 3 Lt,1204,"Muebles, Bienes y Servicios Domésticos",high,
Shampoo Reconstruccion Completa Dove 750 Ml,1205,Bienes y Servicios Diversos,high,
Acondicionador Reconstruccion Completa Dove 750 Ml,1206,Bienes y Servicios Diversos,high,
Acondicionador Reconstruccion Completa Dove 400 Ml,1207,Bienes y Servicios Diversos,high,
Shampoo Reconstruccion Completa Dove 400 Ml,1208,Bienes y Servicios Diversos,high,
Desodorante Antibac Dove Men Care 150 Ml,1209,Bienes y Servicios Diversos,high,
Resfresco en Polvo Nectar de Naranja Kris 1 Lt,121,Alimentos y Bebidas No Alcohólicas,high,
Desodorante Dark Temptation Fresh Axe 150Ml,1210,Bienes y Servicios Diversos,high,
Desodorante Dark Temptation Anti Perspirant Axe 152 Ml,1211,Bienes y Servicios Diversos,high,
Desodorate Anti Transpirante Black Axe 152 Ml,1212,Bienes y Servicios Diversos,high,
Jaboncillo Crema Antibacterial Lifebuoy 3X125,1213,Bienes y Servicios Diversos,high,
Shampoo Ceramidas Sedal 340 Ml,1214,Bienes y Servicios Diversos,high,
Shampoo Liso Perfecto Sedal 340 Ml,1215,Bienes y Servicios Diversos,high,
Shampoo Restauracion Instantanea Sedal 340 Ml,1216,Bienes y Servicios Diversos,high,
Shampoo Rizos Definidos Sedal 340 Ml,1217,Bienes y Servicios Diversos,high,
Shampoo Caspa Control 2en1 Sedal 340 Ml,1218,Bienes y Servicios Diversos,high,
Acondicionador Tratamiento con Ceramidas Sedal 340 Ml,1219,Bienes y Servicios Diversos,high,
Refresco en Polvo Nectar Manzana Kris 1 Lt,122,Alimentos y Bebidas No Alcohólicas,high,
Acondicionador Liso Perfecto Sedal 340 Ml,1220,Bienes y Servicios Diversos,high,
Acondicionador Tratamiento Restauracion Inst. Sedal 340 Ml,1222,Bienes y Servicios Diversos,high,
Acondicionador Rizos Definidos Sedal 340 Ml,1223,Bienes y Servicios Diversos,high,
Shampoo Liso Perfecto Sedal 650 Ml,1224,Bienes y Servicios Diversos,high,
Shampoo Restauracion Instantanea Sedal 650 Ml,1225,Bienes y Servicios Diversos,high,
Shampoo Liso Perfecto Sedal 650 Ml,1226,Bienes y Servicios Diversos,high,
Acondicionador Tratamiento Restauracion Inst. Sedal 650 Ml,1227,Bienes y Servicios Diversos,high,
Acondicionador Rizos Definidos Sedal 650 Ml,1228,Bienes y Servicios Diversos,high,
Gelatina de Cereza Kris 230 Gr,123,Alimentos y Bebidas No Alcohólicas,high,
Desodorante Nutritive Rexona 150 Ml,1230,Bienes y Servicios Diversos,high,
Desodorante Collision Cuero y Cookies Axe 150 Ml,1232,Bienes y Servicios Diversos,high,
Shampoo Sports Activ Fresh 3en1 Dove 400 Ml,1233,Bienes y Servicios Diversos,high,
Acondicionador bomba de Nutricion Sedal 340 Ml,1234,Bienes y Servicios Diversos,high,
Shampoo Bomba de Nutricion Sedal 340 Ml,1236,Bienes y Servicios Diversos,high,
Shampoo Bomba de Nutricion Sedal 650 Ml,1237,Bienes y Servicios Diversos,high,
Desodorante Teens Tropical Energy Rexona 150 Ml,1238,Bienes y Servicios Diversos,high,
Gelatina Sabor Naranja Kris 230 Gr,124,Alimentos y Bebidas No Alcohólicas,high,
Shampoo Bomba Aragan Sedal 340 Ml,1241,Bienes y Servicios Diversos,high,
Shampoo Bomba Aragan Sedal 650 Ml,1242,Bienes y Servicios Diversos,high,
Acondicionador Tratamiento Bomba Argan Sedal 650 Ml,1243,Bienes y Servicios Diversos,high,
Jaboncillo Antibacterial Aloe Rexona 3X90 Gr,1245,Bienes y Servicios Diversos,high,
Flan de Vainilla Kris 60 Gr,125,Alimentos y Bebidas No Alcohólicas,high,
Jaboncillo Rosas Francesas Piel Renovada Lux 3X125 Gr,1251,Bienes y Servicios Diversos,high,
Jaboncillo Jazmin Piel Suave Lux 3X125 Gr,1252,Bienes y Servicios Diversos,high,
Jaboncillo Orquidea Negra Piel Luminosa Lux 3X125 Gr,1253,Bienes y Servicios Diversos,high,
Jaboncillo Lirio Azul Piel Fresca Lux 3X125 Gr,1254,Bienes y Servicios Diversos,high,
Jaboncillo Flor de Vainilla Piel Radiante Lux 3X125 Gr,1255,Bienes y Servicios Diversos,high,
Desodorante Sport Active Dove Men Care 150 Ml,1256,Bienes y Servicios Diversos,high,
Desodorante Sport Intense Rexona 150 Ml,1257,Bienes y Servicios Diversos,high,
Shampoo Bomba Coco Sedal 340 Ml,1258,Bienes y Servicios Diversos,high,
Acondicionador Bomba Coco Sedal 340 Ml,1259,Bienes y Servicios Diversos,high,
Pure de Papas Sachet Kris 125 Gr,126,Alimentos y Bebidas No Alcohólicas,high,
Acondicionador Bomba Coco Sedal 650 Ml,1260,Bienes y Servicios Diversos,high,
Acondicionador Fuerza Vital Dove 400 Ml,1261,Bienes y Servicios Diversos,high,
Acondicionador Reparacion Extrema Dove 400 Ml,1262,Bienes y Servicios Diversos,high,
Shampoo Regeneracion Extrema Dove 400 Ml,1263,Bienes y Servicios Diversos,high,
Shampoo Regeneracion Extrema Dove 750 Ml,1264,Bienes y Servicios Diversos,high,
Desodorante Wild Frescura Salvaje Axe 150Ml,1265,Bienes y Servicios Diversos,high,
Desinfectante Alcohol en Spray para Manos Rexona 125 Ml,1266,Bienes y Servicios Diversos,high,
Mayonesa Sin Colesterol RiK Doypack 242 Gr,1267,Alimentos y Bebidas No Alcohólicas,high,
Mayonesa Sin Colesterol RiK Doypack 485 Gr,1268,Alimentos y Bebidas No Alcohólicas,high,
Mayonesa Sin Colesterol RiK Doypack 970 Gr,1269,Alimentos y Bebidas No Alcohólicas,high,
Galleta Integral Ferrari Ghezzi 220 Gr,127,Alimentos y Bebidas No Alcohólicas,high,
Mezcla Fideos Codos Al Verdeo Knorr 211 Gr,1270,Alimentos y Bebidas No Alcohólicas,high,
Mezcla de Arroz De La Huerta Knor 197Gr,1271,Alimentos y Bebidas No Alcohólicas,high,
Sopa Crema Zapallo Knorr 70 Gr,1279,Alimentos y Bebidas No Alcohólicas,high,
Lasagna Especial al Huevo Ferrari Ghezzi 200 Gr,128,Alimentos y Bebidas No Alcohólicas,high,
Sopa Crema Verduras Knorr 60 Gr,1280,Alimentos y Bebidas No Alcohólicas,high,
Pure de Papas Knorr 200 Gr,1281,Alimentos y Bebidas No Alcohólicas,high,
Salsa Lista Pomarola Tradicional Knorr 340 Gr,1283,Alimentos y Bebidas No Alcohólicas,high,
Salsa Lista Pizza Knorr 340 Gr,1286,Alimentos y Bebidas No Alcohólicas,high,
Galletas Crackers Ferrari Ghezzi 1 Kg,129,Alimentos y Bebidas No Alcohólicas,high,
Mayonesa Clasica Hellmanns 118 Gr,1295,Alimentos y Bebidas No Alcohólicas,high,
Mayonesa Clasica Hellmanns Doypack 475 Gr,1296,Alimentos y Bebidas No Alcohólicas,high,
Mayonesa Clasica Hellmanns Doypack 237 Gr,1297,Alimentos y Bebidas No Alcohólicas,high,
Ketchup Hellmanns Doypack 500 Gr,1298,Alimentos y Bebidas No Alcohólicas,high,
Ketchup Hellmanns Doypack 500 Gr,1299,Alimentos y Bebidas No Alcohólicas,high,
Esponja Bombril 3 Unds,13,"Muebles, Bienes y Servicios Domésticos",high,
Galleta Integral Ferrari Ghezzi 1 Kg,130,Alimentos y Bebidas No Alcohólicas,high,
Salsa Golf Hellmanns 250 Gr,1300,Alimentos y Bebidas No Alcohólicas,high,
Mayonesa Clasica Hellmanns Sachet 2.75 Kg,1302,Alimentos y Bebidas No Alcohólicas,high,
Sopa Familiar Vegetales con Fideos Letras Knorr 107.5 Gr,1305,Alimentos y Bebidas No Alcohólicas,high,
Sopa Familiar Vegetales con Fideos Caracolitos Knorr 107.5 Gr,1306,Alimentos y Bebidas No Alcohólicas,high,
Sopa Familiar Pollos con Fideos Cab. de Angel Knorr 105.6 Gr,1307,Alimentos y Bebidas No Alcohólicas,high,
Te Sabor Grey Lipton 20 Bols.,1309,Alimentos y Bebidas No Alcohólicas,high,
Pan Molde Integral American King,131,Alimentos y Bebidas No Alcohólicas,high,
Te Desayuno Ingles Lipton 20 Bols.,1310,Alimentos y Bebidas No Alcohólicas,high,
Te Etiqueta Amarilla Lipton 20 Bols.,1311,Alimentos y Bebidas No Alcohólicas,high,
Te Etiqueta Amarilla Lipton 100 Bols.,1312,Alimentos y Bebidas No Alcohólicas,high,
Te Verde Clasico Lipton 20 Bols.,1313,Alimentos y Bebidas No Alcohólicas,high,
Te Verde con Menta Lipton 20 Bols.,1314,Alimentos y Bebidas No Alcohólicas,high,
Pasta Dental Extra Whitening Pepsodent  90 Gr,1316,Bienes y Servicios Diversos,high,
Pasta Dental Prot Anti Caries Pepsodent 90 Gr,1317,Bienes y Servicios Diversos,high,
Te Manzanilla y Miel Lipton 20 Bols.,1318,Alimentos y Bebidas No Alcohólicas,high,
Te Rosa Jamaica Lipton 20 Bols.,1319,Alimentos y Bebidas No Alcohólicas,high,
Pan para Panchito Hot Dog American King 360 Gr,132,Alimentos y Bebidas No Alcohólicas,high,
Crema para Peinar Recon Completa Dove 200 Ml,1320,Bienes y Servicios Diversos,high,
Acondicionador Reconstruccion Completa Dove 200Ml,1321,Bienes y Servicios Diversos,high,
Shampoo Reconstruccion Completa Dove 200Ml,1322,Bienes y Servicios Diversos,high,
Acondicionador Oleo Nutricion Dove 400 Ml,1323,Bienes y Servicios Diversos,high,
Crema para  Peinar Oleo Nutricion Dove 200 Ml,1324,Bienes y Servicios Diversos,high,
Shampoo Oleo Nutricion Dove 400 Ml,1325,Bienes y Servicios Diversos,high,
Acondicionador Control Caida Dove 400 Ml,1326,Bienes y Servicios Diversos,high,
Shampoo 2en1 Fuerza Extrema Dove Men mas Care 400 Ml,1327,Bienes y Servicios Diversos,high,
Shampoo 2en1 Caspa Control Dove Men mas Care 400 Ml,1329,Bienes y Servicios Diversos,high,
Cocoa Pura Celinda 160 Gr,133,Alimentos y Bebidas No Alcohólicas,high,
Acondicionador Liso Keratina Perla Tresemme 400 Ml,1330,Bienes y Servicios Diversos,high,
Acondicionador Liso Keratina Tresemme 750 Ml,1331,Bienes y Servicios Diversos,high,
Shampoo Liso Keratina Perla Tresemme 400 Ml,1332,Bienes y Servicios Diversos,high,
Shampoo Liso Keratina Perla Tresemme 750 Ml,1333,Bienes y Servicios Diversos,high,
Crema Mascara Tratamiento Liso Keratina Tresemme 400 Gr,1334,Bienes y Servicios Diversos,high,
Acondicionador Regeneracion Triplex Tresemme 400 Ml,1335,Bienes y Servicios Diversos,high,
Acondicionador Regeneracion Triplex Tresemme 750 Ml,1336,Bienes y Servicios Diversos,high,
Shampoo Tresplex Tresemme 400 Ml,1338,Bienes y Servicios Diversos,high,
Shampoo Tresplex Tresemme 750 Ml,1339,Bienes y Servicios Diversos,high,
Mate Manzanilla Windsor 50 Sobres,134,Alimentos y Bebidas No Alcohólicas,high,
Acondicionador Oleo Nutricion Dove 750 Ml,1342,Bienes y Servicios Diversos,high,
Shampoo Oleo Nutricion Dove 750 Ml,1343,Bienes y Servicios Diversos,high,
Shampoo Hidratacion Intensa Dove 400 Ml,1345,Bienes y Servicios Diversos,high,
Acondicionador Hidratacion Intensa Dove 400 Ml,1346,Bienes y Servicios Diversos,high,
Crema Mascara de Tratamiento Detox Capilar Tresemme 400 Gr,1347,Bienes y Servicios Diversos,high,
Acondicionador Detox Capilar Tresemme 400 Ml,1348,Bienes y Servicios Diversos,high,
Acondicionador Detox Capilar Tresemme 750 Ml,1349,Bienes y Servicios Diversos,high,
Te con Canela Windsor 130 Gr,135,Alimentos y Bebidas No Alcohólicas,high,
Acondicionador Detox Capilar Tresemme 400 Ml,1350,Bienes y Servicios Diversos,high,
Acondicionador Detox Capilar Tresemme 750 Ml,1351,Bienes y Servicios Diversos,high,
Shampoo Cabello Claro con Manzanilla Baby Dove 400 Ml,1352,Bienes y Servicios Diversos,high,
Shampoo Ritual de Reparacion  Baby 400 Ml,1353,Bienes y Servicios Diversos,high,
Acodncionador Ritual de Fortalecimiento Dove 400 Ml,1354,Bienes y Servicios Diversos,high,
Shampoo Ritual de Fortalecimiento Dove 400 Ml,1355,Bienes y Servicios Diversos,high,
Acondicionador Ritual de Reparacion Dove 400 Ml,1356,Bienes y Servicios Diversos,high,
Shampoo Bajo Poo Nutricion Tresemme 400 Ml,1357,Bienes y Servicios Diversos,high,
Acondicionador Bajo Poo Nutricion Tresemme 400 Ml,1358,Bienes y Servicios Diversos,high,
Te clasico Windsor 130 sobres,136,Alimentos y Bebidas No Alcohólicas,high,
Acondicionador Nutricion Oleo Micelar Dove 400 Ml,1360,Bienes y Servicios Diversos,high,
Crema para Peinar Bomba Argan Sedal 300 Ml,1361,Bienes y Servicios Diversos,high,
Mascara Capilar Concentrada Restaura Sedal 300 Gr,1362,Bienes y Servicios Diversos,high,
Mascscara Capilar Hidrata H Sedal 300 Gr,1363,Bienes y Servicios Diversos,high,
Mascara 1 Minuto Factor de Nutricion 50 Dove 300 Gr,1364,Bienes y Servicios Diversos,high,
Mascara 1 Minuto Factor de Nutricion 60 Dove 300 Gr,1365,Bienes y Servicios Diversos,high,
Super Acondicionador Factor Nutricion 60 Dove 170 Ml,1366,Bienes y Servicios Diversos,high,
Shampoo Anticaspa Detox Diario Clear 400 Ml,1368,Bienes y Servicios Diversos,high,
Te de Manzanilla Frutte 100 Sobres,137,Alimentos y Bebidas No Alcohólicas,high,
Acondicionador Ritual de Crecimiento Dove 400 Ml,1370,Bienes y Servicios Diversos,high,
Acondicionador Ritual Detox Dove 400 Ml,1371,Bienes y Servicios Diversos,high,
Shampoo Ritual de Crecimiento Dove 400 Ml,1372,Bienes y Servicios Diversos,high,
Shampoo Ritual Detox Dove 400 Ml,1373,Bienes y Servicios Diversos,high,
Toallitas Desmaquillantes Clarant B3 Ponds25 Unds,1374,Bienes y Servicios Diversos,high,
Shampoo Fuerza Vital Dove 400 Ml,1375,Bienes y Servicios Diversos,high,
Mascacara 1 Minuto F Nutricion 80 Dove 300 Gr,1376,Bienes y Servicios Diversos,high,
Super Acondicionador Factor Nutricion 80 Dove 170 Ml,1377,Bienes y Servicios Diversos,high,
Almidon de Maiz Maizena 500 Gr,1378,Alimentos y Bebidas No Alcohólicas,high,
Almidon de Maiz Maizena 1 KG,1379,Alimentos y Bebidas No Alcohólicas,high,
Fideos Nidos Lazzaroni 400 Gr,138,Alimentos y Bebidas No Alcohólicas,high,
Pasta Dental White Now Infinite Shine Pepsodent 75 Ml,1381,Bienes y Servicios Diversos,high,
Crema Antiarrugas Reafir. Age Miracle Day Ponds 50 Ml,1383,Bienes y Servicios Diversos,high,
Protectores Diarios Sensiti-V  Nosotras 20 Unds,1384,Bienes y Servicios Diversos,high,
Toalla Invisible Rapigel Nosotras 30 Unds,1386,Bienes y Servicios Diversos,high,
Toallas Femeninas Natural Invisible Clásica Nosotras 30 Unds.,1387,Bienes y Servicios Diversos,high,
Toalla Normal Buenas Noches Nosotras Duopack 10 Unds,1388,Bienes y Servicios Diversos,high,
Toalla Invisible Rapigel Buenas Noches Nosotras 8 Unds,1389,Bienes y Servicios Diversos,high,
Fideo con Quinua Lazzaroni 400 Gr,139,Alimentos y Bebidas No Alcohólicas,high,
Protectores Lacti Invisible Nosotras 40 Und,1390,Bienes y Servicios Diversos,high,
Protectores Lacti Nosotras 12 Unds,1391,Bienes y Servicios Diversos,high,
Protectores Diarios Desodorante Nosotras 150 Unds,1392,Bienes y Servicios Diversos,high,
Protectores Diarios Desodorante Nosotras 60 Unds,1393,Bienes y Servicios Diversos,high,
Protectores Diarios Desodorante Nosotras 15 Unds,1394,Bienes y Servicios Diversos,high,
Protectores Diarios Multiestilo Nosotras 150 Unds,1395,Bienes y Servicios Diversos,high,
Protectores Diarios Multiestilo Nosotras 60 Unds,1396,Bienes y Servicios Diversos,high,
Protectores Diarios Sensiti-V X Nosotras 100 Unds,1397,Bienes y Servicios Diversos,high,
Jabon Intimo Frescura Extrema Nosotras 200 Ml,1398,Bienes y Servicios Diversos,high,
Jabón Intimo Herbal  Nosotras 200 Ml.,1399,Bienes y Servicios Diversos,high,
Esponja Limpieza Pesada Scotch Brite 4 Unds,14,"Muebles, Bienes y Servicios Domésticos",high,
Panitos Intimos Herbal Nosotras 16 Unds,1400,Bienes y Servicios Diversos,high,
Panitos Intimos Sensiti V Nosotras 16 Unds,1401,Bienes y Servicios Diversos,high,
Panitos Intimos Frescura Extrema Nosotras 16 Unds,1402,Bienes y Servicios Diversos,high,
Toallas Invisible Sensiti-V Invisible Nosotras 10 Unds,1403,Bienes y Servicios Diversos,high,
Toallas Invisible Desodorante Nosotras 10 Unds,1404,Bienes y Servicios Diversos,high,
Toallas Ultrainvisible Rapigel Nosotras 12 mas 12 Unds,1405,Bienes y Servicios Diversos,high,
Econo Pack Toalla Normal Buenas Noches Nosotras 24 Unds,1406,Bienes y Servicios Diversos,high,
Toalla Normal Maternidad Nosotras 10 Unds,1407,Bienes y Servicios Diversos,high,
Toalla Húmeda Acolchamax Pequenin 40 Unds,1408,Bienes y Servicios Diversos,high,
Cereal Diverti Loops Princesa 220 gr,141,Alimentos y Bebidas No Alcohólicas,high,
Toalla Húmeda Recien Nacido Pequenin 40 Unds,1410,Bienes y Servicios Diversos,high,
Toalla Húmeda Recien Nacido Pequenin 80 Unds,1411,Bienes y Servicios Diversos,high,
Toalla Humeda Aloe Natural Pequenin 24 Unds,1412,Bienes y Servicios Diversos,high,
Toalla Humeda Aloe Natural Pequenin 50 Unds,1413,Bienes y Servicios Diversos,high,
Toalla Humeda Aloe Natural Pequenin 120 Unds,1414,Bienes y Servicios Diversos,high,
Panal Extra Proteccion Talla 2/M Pequenin 48 UndS,1419,Bienes y Servicios Diversos,high,
Avena Instantanea Princesa 350 Gr,142,Alimentos y Bebidas No Alcohólicas,high,
Panal Extra Proteccion Talla 3/G Pequenin 40 Unid,1420,Bienes y Servicios Diversos,high,
Panal Extra Proteccion Talla 4/XG Pequenin 36 Unid,1421,Bienes y Servicios Diversos,high,
Panal Extra Proteccion Talla 5/XXG Pequenin 32 UndS,1422,Bienes y Servicios Diversos,high,
Pack Ahorro Panal Extra Proteccion Talla 3/G Pequenin 40 Unid,1423,Bienes y Servicios Diversos,high,
Panal Premium Touch Talla 2/M Pequeñin 66 Unds,1425,Bienes y Servicios Diversos,high,
Panal Premium Touch Talla 3/G Pequenin 58 Unds,1426,Bienes y Servicios Diversos,high,
Panal Premium Touch Talla 5/XXG Pequenin 26 Unds,1427,Bienes y Servicios Diversos,high,
Fideo Variedad La suprema 400 Gr,143,Alimentos y Bebidas No Alcohólicas,high,
Panal Tena Slip Incontingencia Severa L Unisex Adulto 9 Unds,1431,Bienes y Servicios Diversos,high,
Asado Cuadrado Cuadrada Parrillero Frigor x kg,1434,Alimentos y Bebidas No Alcohólicas,high,
Aserrin de Hueso Frigor x kg,1435,Alimentos y Bebidas No Alcohólicas,high,
Bife Chorizo Lomo Ancho Frigor x kg,1436,Alimentos y Bebidas No Alcohólicas,high,
Bife Chorizo Angosto Frigor x kg,1437,Alimentos y Bebidas No Alcohólicas,high,
Bola de Paleta Bollo Brazo Frigor x kg,1438,Alimentos y Bebidas No Alcohólicas,high,
Bola Lomo Bollo Chico Frigor x kg,1439,Alimentos y Bebidas No Alcohólicas,high,
Avena en Hojuelas sin Cascara La Suprema 400 Gr,144,Alimentos y Bebidas No Alcohólicas,high,
Bola Lomo Bollo Chico Bife Frigor Bandeja x kg,1440,Alimentos y Bebidas No Alcohólicas,high,
Carne para Pimenton Corazon Cuadril Frigor Bandeja x kg,1441,Alimentos y Bebidas No Alcohólicas,high,
Carne para Guiso Asado en Olla Frigor Bandeja x kg,1442,Alimentos y Bebidas No Alcohólicas,high,
Carne para pique Bola Lomo Frigor Bandeja x kg,1443,Alimentos y Bebidas No Alcohólicas,high,
Carne Parrillera Azotillo Frigor x kg,1444,Alimentos y Bebidas No Alcohólicas,high,
Chuleta de Paleta Frigor x kg,1445,Alimentos y Bebidas No Alcohólicas,high,
Chuleta de Paleta Frigor en Bandeja x kg,1446,Alimentos y Bebidas No Alcohólicas,high,
Churrasco Frigor x kg,1447,Alimentos y Bebidas No Alcohólicas,high,
Chuleta Frigor x kg,1448,Alimentos y Bebidas No Alcohólicas,high,
Churrasco Frigor en Bandeja x kg,1449,Alimentos y Bebidas No Alcohólicas,high,
Galleta Rosquita Ula Ula La Suprema 300 Gr,145,Alimentos y Bebidas No Alcohólicas,high,
Chuleton Corte Argentino Frigor x kg,1450,Alimentos y Bebidas No Alcohólicas,high,
Corte Espanol Frigor x kg,1451,Alimentos y Bebidas No Alcohólicas,high,
Cuadril Cadera Corazon Cuadril Colgadura Frigor x kg,1452,Alimentos y Bebidas No Alcohólicas,high,
Cuadril Parrillero (Cadera Picanha) Frigor x kg,1453,Alimentos y Bebidas No Alcohólicas,high,
Entrana al Vacio Frigor en Bandeja x kg,1454,Alimentos y Bebidas No Alcohólicas,high,
Filete de Lomito Frigor x kg,1455,Alimentos y Bebidas No Alcohólicas,high,
Hueso Aufilia para Mascotas x kg,1456,Recreación y Cultura,high,
Hueso Blanco Frigor,1457,Alimentos y Bebidas No Alcohólicas,high,
Tuetano en Bandeja x kg,1458,Alimentos y Bebidas No Alcohólicas,high,
Hueso Especial Hueso Rojo Frigor x kg,1459,Alimentos y Bebidas No Alcohólicas,high,
Cereal Granola Especial PIM 230 Gr,146,Alimentos y Bebidas No Alcohólicas,high,
Hueso Light Frigor en Bandeja x kg,1460,Alimentos y Bebidas No Alcohólicas,high,
Jiba Frigor x kg,1461,Alimentos y Bebidas No Alcohólicas,high,
Jiba Frigor en Bandeja x kg,1462,Alimentos y Bebidas No Alcohólicas,high,
Lapping Keperi Frigor x kg,1463,Alimentos y Bebidas No Alcohólicas,high,
Mata Hambre Rapi Frigor Bandeja x kg,1464,Alimentos y Bebidas No Alcohólicas,high,
Molida Corriente Frigor x kg,1465,Alimentos y Bebidas No Alcohólicas,high,
Molida Especial Frigor en Bandeja x kg,1466,Alimentos y Bebidas No Alcohólicas,high,
Molida Light Frigor Bandeja x kg,1467,Alimentos y Bebidas No Alcohólicas,high,
Molida para Saice Frigor x kg,1468,Alimentos y Bebidas No Alcohólicas,high,
Osobuco Frigor x kg,1469,Alimentos y Bebidas No Alcohólicas,high,
Gelatina en polvo sabor Fresa Aroma 250 Gr,147,Alimentos y Bebidas No Alcohólicas,high,
Osobuco Frigor en Bandeja x kg,1470,Alimentos y Bebidas No Alcohólicas,high,
Peceto Rebanado Frigor en Bandeja x kg,1471,Alimentos y Bebidas No Alcohólicas,high,
Peceto Whitu Frigor x kg,1472,Alimentos y Bebidas No Alcohólicas,high,
Pecho KAwi Frigor en Bandeja x kg,1474,Alimentos y Bebidas No Alcohólicas,high,
Pecho KAwi Pecho con Hueso Frigor x kg,1475,Alimentos y Bebidas No Alcohólicas,high,
Pollerita Frigor x kg,1476,Alimentos y Bebidas No Alcohólicas,high,
Bollo Grande Frigor x kg,1477,Alimentos y Bebidas No Alcohólicas,high,
Bollo Grande para Bife Frigor x kg,1478,Alimentos y Bebidas No Alcohólicas,high,
Bollo Grande Light Frigor en Bandeja x kg,1479,Alimentos y Bebidas No Alcohólicas,high,
Gelatina Frambuesa Aroma 250 Gr,148,Alimentos y Bebidas No Alcohólicas,high,
Punta de Costilla Frigor x kg,1480,Alimentos y Bebidas No Alcohólicas,high,
Punta de S Colita Cuadril Frigor x kg,1481,Alimentos y Bebidas No Alcohólicas,high,
Raspadura de Paleta Frigor x kg,1482,Alimentos y Bebidas No Alcohólicas,high,
Recorte S Grasa Frigor x kg,1483,Alimentos y Bebidas No Alcohólicas,high,
Chuquisuela Frigor Bandeja x kg,1484,Alimentos y Bebidas No Alcohólicas,high,
Tira de Costilla 2Do Corte Frigor x kg,1485,Alimentos y Bebidas No Alcohólicas,high,
Tira de Costilla Especial 1Er Corte Frigor x kg,1486,Alimentos y Bebidas No Alcohólicas,high,
Tira Costilla Especial en Bandeja Frigor x kg,1487,Alimentos y Bebidas No Alcohólicas,high,
Colita de Cuadril Frigor x kg,1489,Alimentos y Bebidas No Alcohólicas,high,
Gelatina de Patas Dely 120 Gr,149,Alimentos y Bebidas No Alcohólicas,high,
Chunchulines en Bandeja x kg,1490,Alimentos y Bebidas No Alcohólicas,high,
Corazon en Bandeja x kg,1491,Alimentos y Bebidas No Alcohólicas,high,
Higado Frigor Bandeja x kg,1493,Alimentos y Bebidas No Alcohólicas,high,
Lengua de Vaca en Bandeja x kg,1494,Alimentos y Bebidas No Alcohólicas,high,
Nudo de Cola de Res x kg,1495,Alimentos y Bebidas No Alcohólicas,high,
Panza en Bandeja x kg,1496,Alimentos y Bebidas No Alcohólicas,high,
Rinon en Bandeja x kg,1497,Alimentos y Bebidas No Alcohólicas,high,
Tripa Gorda en Bandeja x kg,1498,Alimentos y Bebidas No Alcohólicas,high,
Albondigas de Carne Sin Condimento en Bandeja x kg,1499,Alimentos y Bebidas No Alcohólicas,high,
Esponja Multiuso Ola 4 Unds,15,"Muebles, Bienes y Servicios Domésticos",high,
Galleta de Agua Pancrek La Francesa 200 gr,150,Alimentos y Bebidas No Alcohólicas,high,
Hamburguesa de Carne Sin Condimento en Bandeja x kg,1500,Alimentos y Bebidas No Alcohólicas,high,
Silpancho de Res IC Norte Kg,1501,Alimentos y Bebidas No Alcohólicas,high,
Pina Pucalpa Impex,1503,Alimentos y Bebidas No Alcohólicas,high,
Mix Escolar de Fruta Impex,1505,Alimentos y Bebidas No Alcohólicas,high,
Pina Guaraya Impex,1509,Alimentos y Bebidas No Alcohólicas,high,
Galletas Pancrek La Francesa 1 Kg,151,Alimentos y Bebidas No Alcohólicas,high,
Pulpa de Pomelo Olivos,1510,Alimentos y Bebidas No Alcohólicas,high,
Galletas Salvado Natural La Francesa 250 Gr,152,Alimentos y Bebidas No Alcohólicas,high,
Galletas Crackers Ferrari Ghezzi Mabels 1 Kg,153,Alimentos y Bebidas No Alcohólicas,high,
Lechuga Crespa Hidroponica Quinta Manantial,1535,Alimentos y Bebidas No Alcohólicas,high,
Lechuga Mantecosa Hidroponica Quinta Manantial,1536,Alimentos y Bebidas No Alcohólicas,high,
Lechuga Morada Hidroponica Quinta Manantial,1537,Alimentos y Bebidas No Alcohólicas,high,
Lechuga Mixta Hidroponica Quinta Manantial,1538,Alimentos y Bebidas No Alcohólicas,high,
Achachairu Impex,1539,Alimentos y Bebidas No Alcohólicas,high,
Galleta Wafer sabor Chocolate Mabels 110 Gr,154,Alimentos y Bebidas No Alcohólicas,high,
Cereza Impex,1540,Alimentos y Bebidas No Alcohólicas,high,
Papaya Abasto,1541,Alimentos y Bebidas No Alcohólicas,high,
Galleta Rosquita Bicolor Mabels 250 Gr,155,Alimentos y Bebidas No Alcohólicas,high,
Peramota Impex,1552,Alimentos y Bebidas No Alcohólicas,high,
Tuna Impex,1553,Alimentos y Bebidas No Alcohólicas,high,
Uva Blanca sin Semilla Impex,1554,Alimentos y Bebidas No Alcohólicas,high,
Papa Holandesa Abasto,1555,Alimentos y Bebidas No Alcohólicas,high,
Papa Harinosa Abasto,1556,Alimentos y Bebidas No Alcohólicas,high,
Acelga Importada Impex,1558,Alimentos y Bebidas No Alcohólicas,high,
Achojcha Impex,1559,Alimentos y Bebidas No Alcohólicas,high,
Galleta Rosquita Mabels 500 Gr,156,Alimentos y Bebidas No Alcohólicas,high,
Camote Impex,1561,Alimentos y Bebidas No Alcohólicas,high,
Cole Impex,1562,Alimentos y Bebidas No Alcohólicas,high,
Hierba Buena Impex,1563,Alimentos y Bebidas No Alcohólicas,high,
Nabo Impex,1565,Alimentos y Bebidas No Alcohólicas,high,
Papa Holandesa Impex,1566,Alimentos y Bebidas No Alcohólicas,high,
Pepino Impex,1567,Alimentos y Bebidas No Alcohólicas,high,
Quilquina Impex,1568,Alimentos y Bebidas No Alcohólicas,high,
Repollo Comun Impex,1569,Alimentos y Bebidas No Alcohólicas,high,
Galleta Rellenas sabor Vainilla Alina 228 Gr,157,Alimentos y Bebidas No Alcohólicas,high,
Vainita Impex,1570,Alimentos y Bebidas No Alcohólicas,high,
Zapallito Impex,1571,Alimentos y Bebidas No Alcohólicas,high,
Zapallo Grande Impex,1572,Alimentos y Bebidas No Alcohólicas,high,
Tumbo Abasto,1575,Alimentos y Bebidas No Alcohólicas,high,
Mani Postre Abasto,1577,Alimentos y Bebidas No Alcohólicas,high,
Acelga China Abasto,1579,Alimentos y Bebidas No Alcohólicas,high,
Galletas con Chips Alina 228 Gr,158,Alimentos y Bebidas No Alcohólicas,high,
Arveja Abasto,1580,Alimentos y Bebidas No Alcohólicas,high,
Arveja China Abasto,1581,Alimentos y Bebidas No Alcohólicas,high,
Ajo Entero Abasto,1582,Alimentos y Bebidas No Alcohólicas,high,
Ajo Pelado Abasto,1583,Alimentos y Bebidas No Alcohólicas,high,
Brocoli Abasto,1586,Alimentos y Bebidas No Alcohólicas,high,
Berenjena Abasto,1587,Alimentos y Bebidas No Alcohólicas,high,
Carote Abasto,1589,Alimentos y Bebidas No Alcohólicas,high,
Galletas Hogare¤as 7 Semillas Arcor 567 Gr,159,Alimentos y Bebidas No Alcohólicas,high,
Cebolla Blanca Abasto,1591,Alimentos y Bebidas No Alcohólicas,high,
Cebolla Roja Abasto,1592,Alimentos y Bebidas No Alcohólicas,high,
Cebolla Verde Abasto,1593,Alimentos y Bebidas No Alcohólicas,high,
Calabacin Abasto,1594,Alimentos y Bebidas No Alcohólicas,high,
Choclo Pelado Abasto,1595,Alimentos y Bebidas No Alcohólicas,high,
Choclo con Chala Abasto,1596,Alimentos y Bebidas No Alcohólicas,high,
Coliflor Abasto,1597,Alimentos y Bebidas No Alcohólicas,high,
Espinaca Abasto,1598,Alimentos y Bebidas No Alcohólicas,high,
Gengibre Abasto,1599,Alimentos y Bebidas No Alcohólicas,high,
Esponja Espiral Metal Scotch Brite 4 Unds,16,"Muebles, Bienes y Servicios Domésticos",high,
Galletas Diversion Arcor 400 Gr,160,Alimentos y Bebidas No Alcohólicas,high,
Haba Abasto,1600,Alimentos y Bebidas No Alcohólicas,high,
Locoto Abasto,1601,Alimentos y Bebidas No Alcohólicas,high,
Papalisa Abasto,1602,Alimentos y Bebidas No Alcohólicas,high,
Puerro Abasto,1604,Alimentos y Bebidas No Alcohólicas,high,
Remolacha Abasto,1607,Alimentos y Bebidas No Alcohólicas,high,
Repollo Morado Abasto,1608,Alimentos y Bebidas No Alcohólicas,high,
Cereal Copos de Maiz Azucarados Granix 500 Gr,161,Alimentos y Bebidas No Alcohólicas,high,
Tomate Pera Abasto,1610,Alimentos y Bebidas No Alcohólicas,high,
Tomate Manzana Abasto,1611,Alimentos y Bebidas No Alcohólicas,high,
Zanahoria Abasto,1614,Alimentos y Bebidas No Alcohólicas,high,
Lechuga Crespa Abasto,1616,Alimentos y Bebidas No Alcohólicas,high,
Platano Postre Olivos,1618,Alimentos y Bebidas No Alcohólicas,high,
Platano de Freir Olivos,1619,Alimentos y Bebidas No Alcohólicas,high,
Galletas Clasicas Media Tarde Lia 330 Gr,162,Alimentos y Bebidas No Alcohólicas,high,
Manga Manzana Olivos,1621,Alimentos y Bebidas No Alcohólicas,high,
Guineo Olivos,1623,Alimentos y Bebidas No Alcohólicas,high,
Papaya Comun Olivos,1624,Alimentos y Bebidas No Alcohólicas,high,
Yuca Comun Olivos,1625,Alimentos y Bebidas No Alcohólicas,high,
Cilandro Abasto,1627,Alimentos y Bebidas No Alcohólicas,high,
Cebollin Grande Abasto,1628,Alimentos y Bebidas No Alcohólicas,high,
Perejil Abasto,1629,Alimentos y Bebidas No Alcohólicas,high,
Sopa Crema Arvejas con Jamon Knorr 64 Gr,163,Alimentos y Bebidas No Alcohólicas,high,
Sopa Arvejas con Choclo Knorr 67 Gr,164,Alimentos y Bebidas No Alcohólicas,high,
Cereal Check sabor Yogurt Vivo 350 Gr,165,Alimentos y Bebidas No Alcohólicas,high,
Lechuga Escarola Abasto,1659,Alimentos y Bebidas No Alcohólicas,high,
Lasana Clasica Lucchetti 360 Gr,166,Alimentos y Bebidas No Alcohólicas,high,
Naranja Criolla Olivos,1667,Alimentos y Bebidas No Alcohólicas,high,
Refresco en Polvo sabor Naranja Zuko 25 Gr,167,Alimentos y Bebidas No Alcohólicas,high,
Refresco en Polvo sabor Durazno Zuko 25 Gr,168,Alimentos y Bebidas No Alcohólicas,high,
Pimenton Verde Abasto,1683,Alimentos y Bebidas No Alcohólicas,high,
Extracto de Pachio Impex,1688,Alimentos y Bebidas No Alcohólicas,high,
Rucula Lannin Impex,1689,Alimentos y Bebidas No Alcohólicas,high,
Pure de Papas Maggi 125 Gr,169,Alimentos y Bebidas No Alcohólicas,high,
Apio Abasto,1690,Alimentos y Bebidas No Alcohólicas,high,
Limon San Rafael Abasto,1691,Alimentos y Bebidas No Alcohólicas,high,
Limon Sutil Abasto,1692,Alimentos y Bebidas No Alcohólicas,high,
Perejil Quinta Manantial,1696,Alimentos y Bebidas No Alcohólicas,high,
Esponja Ola 3 Unds,17,"Muebles, Bienes y Servicios Domésticos",high,
Cereal Hojuela de Maiz sin Azucar En Linea Kids 330 Gr,170,Alimentos y Bebidas No Alcohólicas,high,
Manzana Verde Abasto,1700,Alimentos y Bebidas No Alcohólicas,high,
Naranja Criolla Abasto,1701,Alimentos y Bebidas No Alcohólicas,high,
Mandarina Morocochi Abasto,1702,Alimentos y Bebidas No Alcohólicas,high,
Yerba Mate Clasica Campesino 1000 Gr,171,Alimentos y Bebidas No Alcohólicas,high,
Yerba Mate Menta Limon Campesino 500 Gr,172,Alimentos y Bebidas No Alcohólicas,high,
Yerba Mate Moringa Katuava Burrito Colon 500 Gr,173,Alimentos y Bebidas No Alcohólicas,high,
Manzana Roja Abasto,1732,Alimentos y Bebidas No Alcohólicas,high,
Papa Harinosa Abasto,1733,Alimentos y Bebidas No Alcohólicas,high,
Pan Baguet Blanco IC Norte Unidad,1734,Alimentos y Bebidas No Alcohólicas,high,
Pan Baguet Negro IC Norte Unidad,1735,Alimentos y Bebidas No Alcohólicas,high,
Pan Batalla IC Norte Unidad,1736,Alimentos y Bebidas No Alcohólicas,high,
Pan Canela IC Norte Unidad,1737,Alimentos y Bebidas No Alcohólicas,high,
Pan Centeno IC Norte Unidad,1738,Alimentos y Bebidas No Alcohólicas,high,
Pan Chama IC Norte Unidad,1739,Alimentos y Bebidas No Alcohólicas,high,
Yerba Mate Menta Boldo Kurupi 500 Gr,174,Alimentos y Bebidas No Alcohólicas,high,
Pan Frances IC Norte Unidad,1740,Alimentos y Bebidas No Alcohólicas,high,
Pan Frances Integral IC Norte Unidad,1741,Alimentos y Bebidas No Alcohólicas,high,
Pan Galleta IC Norte Unidad,1742,Alimentos y Bebidas No Alcohólicas,high,
Pan Kauka Blanco Ic Norte Unidad,1743,Alimentos y Bebidas No Alcohólicas,high,
Pan Pita IC Norte Unidad,1744,Alimentos y Bebidas No Alcohólicas,high,
Pan Queso Chico IC Norte Unidad,1745,Alimentos y Bebidas No Alcohólicas,high,
Super Marraqueta IC Norte Unidad,1746,Alimentos y Bebidas No Alcohólicas,high,
Pan Toco IC Norte Unidad,1747,Alimentos y Bebidas No Alcohólicas,high,
Croissant con Queso IC Norte Unidad,1748,Alimentos y Bebidas No Alcohólicas,high,
Empanada Lampagna IC Norte Unidad,1749,Alimentos y Bebidas No Alcohólicas,high,
Yerba Mate Menta Limon Kurupi 500 Gr,175,Alimentos y Bebidas No Alcohólicas,high,
Donut`s Grande IC Norte Unidad,1750,Alimentos y Bebidas No Alcohólicas,high,
Donut´s Mediano IC Norte Unidad,1751,Alimentos y Bebidas No Alcohólicas,high,
Strudel de Manzana IC Norte Unidad,1752,Alimentos y Bebidas No Alcohólicas,high,
Ecler IC Norte Unidad,1753,Alimentos y Bebidas No Alcohólicas,high,
Empanada Arani IC Norte Unidad,1754,Alimentos y Bebidas No Alcohólicas,high,
Empanada con Queso Pequeñas IC Norte Unidad,1755,Alimentos y Bebidas No Alcohólicas,high,
Empanada Pukacapa con Salchicha Grande IC Norte Unidad,1756,Alimentos y Bebidas No Alcohólicas,high,
Empanada Pukacapa con Salchicha Pequeña IC Norte Unidad,1757,Alimentos y Bebidas No Alcohólicas,high,
Empanada de Hoja IC Norte Unidad,1758,Alimentos y Bebidas No Alcohólicas,high,
Empandada Pukacapa Grande IC Norte Unidad,1759,Alimentos y Bebidas No Alcohólicas,high,
Pasta al Huevo Sedani Anita 400 Gr,176,Alimentos y Bebidas No Alcohólicas,high,
Empanada Pukacapa Pequeña IC Norte Unidad,1760,Alimentos y Bebidas No Alcohólicas,high,
Lengua de Suegra IC Norte Unidad,1761,Alimentos y Bebidas No Alcohólicas,high,
Bombita IC Norte Unidad,1762,Alimentos y Bebidas No Alcohólicas,high,
Brownie IC Norte Unidad,1763,Alimentos y Bebidas No Alcohólicas,high,
Conito Relleno IC Norte Unidad,1764,Alimentos y Bebidas No Alcohólicas,high,
Manzanita IC Norte Unidad,1765,Alimentos y Bebidas No Alcohólicas,high,
Napoleon IC Norte Unidad,1766,Alimentos y Bebidas No Alcohólicas,high,
Pañuelito con Mermelada IC Norte Unidad,1767,Alimentos y Bebidas No Alcohólicas,high,
Palmerita IC Norte Unidad,1768,Alimentos y Bebidas No Alcohólicas,high,
Tortita IC Norte Unidad,1769,Alimentos y Bebidas No Alcohólicas,high,
Chocolate Instantaneo Nesquik Nestle 400 Gr,177,Alimentos y Bebidas No Alcohólicas,high,
Tres Leche IC Norte Unidad,1770,Alimentos y Bebidas No Alcohólicas,high,
Piecito IC Norte Unidad,1771,Alimentos y Bebidas No Alcohólicas,high,
Pie de Limon IC Norte Unidad,1772,Alimentos y Bebidas No Alcohólicas,high,
Pie de Manzana IC Norte Unidad,1773,Alimentos y Bebidas No Alcohólicas,high,
Rollito con Queso IC Norte Unidad,1774,Alimentos y Bebidas No Alcohólicas,high,
Rollo Grande IC Norte Unidad,1775,Alimentos y Bebidas No Alcohólicas,high,
Rosca de Maiz IC Norte Unidad,1776,Alimentos y Bebidas No Alcohólicas,high,
Rosquete Valluno IC Norte Unidad,1777,Alimentos y Bebidas No Alcohólicas,high,
Galleta con Crema Mermelada IC Norte Unidad,1778,Alimentos y Bebidas No Alcohólicas,high,
Pionono IC Norte Unidad,1779,Alimentos y Bebidas No Alcohólicas,high,
Waffers con Chocolate Bauducco 140 Gr,178,Alimentos y Bebidas No Alcohólicas,high,
Torta 10 Porciones IC Norte Unidad,1780,Alimentos y Bebidas No Alcohólicas,high,
Torta 15 Porciones IC Norte Unidad,1781,Alimentos y Bebidas No Alcohólicas,high,
Torta 20 Porciones IC Norte Unidad,1782,Alimentos y Bebidas No Alcohólicas,high,
Torta 30 Porciones IC Norte Unidad,1783,Alimentos y Bebidas No Alcohólicas,high,
Torta 40 Porciones IC Norte Unidad,1784,Alimentos y Bebidas No Alcohólicas,high,
Pan Chamillo IC Norte Kg,1785,Alimentos y Bebidas No Alcohólicas,high,
Pan Chavata IC Norte Kg,1786,Alimentos y Bebidas No Alcohólicas,high,
Pan Hamburguesa IC Norte Kg,1787,Alimentos y Bebidas No Alcohólicas,high,
Pan Hot Dog IC Norte Kg,1788,Alimentos y Bebidas No Alcohólicas,high,
Pan Molde Blanco Ic Norte Unidad,1789,Alimentos y Bebidas No Alcohólicas,high,
Chocolate en Polvo Toddy 700 Gr,179,Alimentos y Bebidas No Alcohólicas,high,
Pan Molde 3 Granos IC Norte Kg,1790,Alimentos y Bebidas No Alcohólicas,high,
Pan Molde Integral IC Norte Kgr,1791,Alimentos y Bebidas No Alcohólicas,high,
Pan Molido IC Norte Kg,1792,Alimentos y Bebidas No Alcohólicas,high,
Tostado Dulce IC Norte Kg,1793,Alimentos y Bebidas No Alcohólicas,high,
Pre Pizza IC Norte Kg,1794,Alimentos y Bebidas No Alcohólicas,high,
Cuñapecito IC Norte Kg,1795,Alimentos y Bebidas No Alcohólicas,high,
Galleta con Almendras IC Norte Bandeja Kg,1796,Alimentos y Bebidas No Alcohólicas,high,
Galleta Avena IC Norte Bandeja Kg,1797,Alimentos y Bebidas No Alcohólicas,high,
Galleta Coco IC Norte Bandeja Kg,1798,Alimentos y Bebidas No Alcohólicas,high,
Galleta Granizado IC Norte Bandeja kg,1799,Alimentos y Bebidas No Alcohólicas,high,
Esponja Multiuso Protege Unas Esfrebom Unidad,18,"Muebles, Bienes y Servicios Domésticos",high,
Chocolate Light en Polvo Toddy 380 Gr,180,Alimentos y Bebidas No Alcohólicas,high,
Galleta Kaukita IC Norte Kg,1800,Alimentos y Bebidas No Alcohólicas,high,
Queque Ic Norte Kg,1801,Alimentos y Bebidas No Alcohólicas,high,
Pan Negro IC Norte Unidad,1802,Alimentos y Bebidas No Alcohólicas,high,
Chorizo Churrasquero Sofia 250 Gr,1803,Alimentos y Bebidas No Alcohólicas,high,
Chorizo Criollo La Porcina 250 Gr,1804,Alimentos y Bebidas No Alcohólicas,high,
Chorizo Argentino Iglu 250 Gr,1805,Alimentos y Bebidas No Alcohólicas,high,
Salchicha Viena Sofia 250 Gr,1806,Alimentos y Bebidas No Alcohólicas,high,
Salchicha Viena Colonia Pirai 250 Gr,1807,Alimentos y Bebidas No Alcohólicas,high,
Salchicha Viena Fridosa 250 Gr,1808,Alimentos y Bebidas No Alcohólicas,high,
Tocino Ahumado Gutfleisch 250 Gr,1809,Alimentos y Bebidas No Alcohólicas,high,
Galleta Pit Stop Original Marilan 162 Gr,181,Alimentos y Bebidas No Alcohólicas,high,
Tocino Ahumado Colonia Pirai 250 Gr,1810,Alimentos y Bebidas No Alcohólicas,high,
Panceta Ahumado Dillmann 250 Gr,1811,Alimentos y Bebidas No Alcohólicas,high,
Costilla de Cerdo Ahumada Sofia 250 Gr,1812,Alimentos y Bebidas No Alcohólicas,high,
Costilla Ahumada Colonia Pirai 250 Gr,1813,Alimentos y Bebidas No Alcohólicas,high,
Costilla Ahumada La Porcina 250 Gr,1814,Alimentos y Bebidas No Alcohólicas,high,
Pernil Ahumado La Sierra 250 Gr,1815,Alimentos y Bebidas No Alcohólicas,high,
Pernil Ahumado Fridosa,1816,Alimentos y Bebidas No Alcohólicas,high,
Pernil Ahumado Sofia,1817,Alimentos y Bebidas No Alcohólicas,high,
Jamon Sandwichero La Sierra 250 Gr,1818,Alimentos y Bebidas No Alcohólicas,high,
Jamon Sandwichero La Porcina 250 Gr,1819,Alimentos y Bebidas No Alcohólicas,high,
Papel Higienico Esencias Doble Hoja Scott 12 Rollos,182,Bienes y Servicios Diversos,high,
Jamon Cocido Gutfleisch 250 Gr,1820,Alimentos y Bebidas No Alcohólicas,high,
Mortadela Cervecera Stege 250 Gr,1821,Alimentos y Bebidas No Alcohólicas,high,
Mortadela Jamonada Sofia 250 Gr,1822,Alimentos y Bebidas No Alcohólicas,high,
Mortadela Cazador Maxi 250 Gr,1823,Alimentos y Bebidas No Alcohólicas,high,
Queso en Barra Dambo Sancor Kg,1824,Alimentos y Bebidas No Alcohólicas,high,
Queso Sandwichero Artesano 250 Gr,1825,Alimentos y Bebidas No Alcohólicas,high,
Queso Sandwichero Tybo Melincue 250 Gr,1826,Alimentos y Bebidas No Alcohólicas,high,
Queso Mozzarella San Javier 250 Gr,1827,Alimentos y Bebidas No Alcohólicas,high,
Queso Holandesa Trebol 250 Gr,1828,Alimentos y Bebidas No Alcohólicas,high,
Queso Mozzarella Guapurutu 250 Gr,1829,Alimentos y Bebidas No Alcohólicas,high,
Azucar Guabira 5-5 kg,183,Alimentos y Bebidas No Alcohólicas,high,
Mezcla de Mariscos Precocido Pez Y Mar 450 Gr,1830,Alimentos y Bebidas No Alcohólicas,high,
Cola de Langostino D Mar 400 Gr,1831,Alimentos y Bebidas No Alcohólicas,high,
Cuñape Horneados Unicos120 Gr,1832,Alimentos y Bebidas No Alcohólicas,high,
Palitos de Maiz Pica Pica Horneados Unicos 120 Gr,1833,Alimentos y Bebidas No Alcohólicas,high,
Bizcochos de Maiz Horneados Unicos 150 Gr,1834,Alimentos y Bebidas No Alcohólicas,high,
Calitas de Maiz Horneados Unicos 150 Gr,1835,Alimentos y Bebidas No Alcohólicas,high,
Roscas de Arroz Horneados Unicos 150 Gr,1836,Alimentos y Bebidas No Alcohólicas,high,
Palitos de Arroz Horneados Unicos 150 Gr,1837,Alimentos y Bebidas No Alcohólicas,high,
Cunape Crocsitos 200 Gr,1838,Alimentos y Bebidas No Alcohólicas,high,
Cuñape Abizcochado San Javier 200 Gr,1839,Alimentos y Bebidas No Alcohólicas,high,
Azucar Guabira 1-1 Kg,184,Alimentos y Bebidas No Alcohólicas,high,
Calitas de Maiz San Javier 200 Gr,1840,Alimentos y Bebidas No Alcohólicas,high,
Filetes de Salmon South Wind 1Kg,1842,Alimentos y Bebidas No Alcohólicas,high,
Corazon de Pollo en Bnadeja Sofia,1843,Alimentos y Bebidas No Alcohólicas,high,
Alas de Pollo en Bandeja Sofia,1844,Alimentos y Bebidas No Alcohólicas,high,
Brochetas de Corazon de Pollo en Bandeja Sofia,1845,Alimentos y Bebidas No Alcohólicas,high,
Pierna de Pollo en Bandeja Sofia,1846,Alimentos y Bebidas No Alcohólicas,high,
Muslo de Pollo en Bandeja Sofia,1847,Alimentos y Bebidas No Alcohólicas,high,
Pechuga de Pollo en Bnadeja Sofia,1848,Alimentos y Bebidas No Alcohólicas,high,
Filete de Pecho de Pollo Sofia,1849,Alimentos y Bebidas No Alcohólicas,high,
Azucar Morena Guabira 1 Kg,185,Alimentos y Bebidas No Alcohólicas,high,
Filete de Trucha Lagos Titikaka 1Kg,1850,Alimentos y Bebidas No Alcohólicas,high,
Pechuga de pollo sin piel en Bnadeja Sofia,1851,Alimentos y Bebidas No Alcohólicas,high,
Langostinos Precocidos Puerto Azul 1 Kg,1852,Alimentos y Bebidas No Alcohólicas,high,
Pierna Muslo de Pollo en Bandeja Sofia,1853,Alimentos y Bebidas No Alcohólicas,high,
Pescados Bassa Frutos Del Mar 1Kg,1854,Alimentos y Bebidas No Alcohólicas,high,
Cereal Copos de Maiz Granix 350 Gr,1856,Alimentos y Bebidas No Alcohólicas,high,
Detergente en Polvo Limon Lavamax 640 Gr,1858,"Muebles, Bienes y Servicios Domésticos",high,
Shampoo Palta oliva Bio Cabellos Normal Seco Familand 750 Ml,1859,Bienes y Servicios Diversos,high,
Alcohol Guabira 1 Lt,186,Salud,high,
Acondicionador Palta oliva Bio Cabellos Normal Seco Familand 750 Ml,1860,Bienes y Servicios Diversos,high,
Lomito de Atun Light Real 180 Gr,1861,Alimentos y Bebidas No Alcohólicas,high,
Pastas Tallarines Matarazzo 400 Gr,1862,Alimentos y Bebidas No Alcohólicas,high,
Mayonesa Tradicional Pet Hemmer 290 Gr,1863,Alimentos y Bebidas No Alcohólicas,high,
Limpia Vidrios con Gatillo Archer 970 Ml,1864,"Muebles, Bienes y Servicios Domésticos",high,
Mermelada de Frutilla BC La Campagnola 450 Gr,1865,Alimentos y Bebidas No Alcohólicas,high,
Galleta Sabor Chocolate Mana Arcor 165 Gr,1866,Alimentos y Bebidas No Alcohólicas,high,
Galleta Sabor Vainilla Mana Arcor 393 Gr,1867,Alimentos y Bebidas No Alcohólicas,high,
Yogurt Bebible Sabor Durazno Pil Bolsa 1000 Ml,1868,Alimentos y Bebidas No Alcohólicas,high,
Dulce de Leche Pil 250 GR,1869,Alimentos y Bebidas No Alcohólicas,high,
Aceite de Maiz Arcor 900 Ml,187,Alimentos y Bebidas No Alcohólicas,high,
Alimento Canino Cachorro Raza Pequeña Podium 1.4 Kg,1870,Recreación y Cultura,high,
Duraznos Mitades en Almibar La Despensa Sofia 820 GR,1871,Alimentos y Bebidas No Alcohólicas,high,
Coca Cola Original 3 Lts,1872,Alimentos y Bebidas No Alcohólicas,high,
Jamon Sandwichero Sofia Kg,1873,Alimentos y Bebidas No Alcohólicas,high,
Chorizo Español de Sierra Nevada 250 Gr,1874,Alimentos y Bebidas No Alcohólicas,high,
Surtido de Fiambres La Tabla Española Sierra Nevada 150 Gr,1875,Alimentos y Bebidas No Alcohólicas,high,
Cereal Chocapic Nestle 800 Gr,1878,Alimentos y Bebidas No Alcohólicas,high,
Gelatina en polvo Sabor Cereza Kris 1000 Gr,1879,Alimentos y Bebidas No Alcohólicas,high,
Tomates Perlitas Arcor 400 Gr,188,Alimentos y Bebidas No Alcohólicas,high,
Ketchup Original Doypack Kris 1000 Gr,1880,Alimentos y Bebidas No Alcohólicas,high,
Mayonesa Original Doypack Kris 1000 Gr,1881,Alimentos y Bebidas No Alcohólicas,high,
Choclo Amarillo entero Arcor 310 Gr,1882,Alimentos y Bebidas No Alcohólicas,high,
Mermelada de Durazno Light Arcor 390 Gr,1883,Alimentos y Bebidas No Alcohólicas,high,
Galleta Serranita Arcor 315 Gr,1884,Alimentos y Bebidas No Alcohólicas,high,
Miel de Abejas Ebia 500 Gr,1885,Alimentos y Bebidas No Alcohólicas,high,
Néctar de sabor Durazno Frutss Pura Vida 3 Lt,1886,Alimentos y Bebidas No Alcohólicas,high,
Hojuelas de Avena y Chia ChiAvena Princesa 300 Gr,1887,Alimentos y Bebidas No Alcohólicas,high,
Café Tradición en Sachet Nescafe Nestle 50 Gr,1888,Alimentos y Bebidas No Alcohólicas,high,
Salsa Pomarola Lista Doypack Arcor 340 Gr,1889,Alimentos y Bebidas No Alcohólicas,high,
Mermelada de Frutilla Arcor 454 Gr,189,Alimentos y Bebidas No Alcohólicas,high,
Panuelos Desechables Doble Hoja Elite 85 Unds,19,Bienes y Servicios Diversos,high,
Salsa Pizza Arcor DoyPack 340 Gr,190,Alimentos y Bebidas No Alcohólicas,high,
Pan Molde Multigrano IC Norte kg,1902,Alimentos y Bebidas No Alcohólicas,high,
Mantequilla Margarina Reyna Pil Taza 215 Gr,1903,Alimentos y Bebidas No Alcohólicas,high,
Café Liofilizado Premium Monaco Pil 200 Gr,1904,Alimentos y Bebidas No Alcohólicas,high,
Palmito Entero La Mesa 800 Gr,1905,Alimentos y Bebidas No Alcohólicas,high,
Leche en Polvo Instantanea Pil 370 Gr,1906,Alimentos y Bebidas No Alcohólicas,high,
Fideos Ramen Sabor Costilla Nissin 85 Gr,1907,Alimentos y Bebidas No Alcohólicas,high,
Salsa Lista Tuco Arcor Doy Pack 340 Gr,1908,Alimentos y Bebidas No Alcohólicas,high,
Galleta Serranitas Arcor 105 Gr,1909,Alimentos y Bebidas No Alcohólicas,high,
Mermelada de Durazno Arcor 454 Gr,1910,Alimentos y Bebidas No Alcohólicas,high,
Tender de Pollo Sofia 500 Gr,1911,Alimentos y Bebidas No Alcohólicas,high,
Hamburguesa de Res Picaña Sofia Tubo 12 Unds,1912,Alimentos y Bebidas No Alcohólicas,high,
Toalla de Papel Reutilizable Scott Duramax Antibacterial Unidad,1913,"Muebles, Bienes y Servicios Domésticos",high,
Sidra Preferida 910 Ml,1914,Bebidas Alcohólicas y Tabaco,high,
Vino Tinto Don Valentin Lacrado 750 Ml,1915,Bebidas Alcohólicas y Tabaco,high,
Pasta al Huevo Tagliatelle Anita 400 Gr,1916,Alimentos y Bebidas No Alcohólicas,high,
Vino Espumante Demi Sec Chandon 750 Ml,1917,Bebidas Alcohólicas y Tabaco,high,
Ron Flor de Caña 5 años 1 Lt,1918,Bebidas Alcohólicas y Tabaco,high,
Vino Tinto Cabernet Sauvignon Catena 750 Ml,1919,Bebidas Alcohólicas y Tabaco,high,
Vino Tinto Malbec Catena 750 Ml,1920,Bebidas Alcohólicas y Tabaco,high,
Vino Blanco Chardonnay Luigi Bosca 750 Ml,1921,Bebidas Alcohólicas y Tabaco,high,
Champiñon en Conserva Norte 400 Gr,1922,Alimentos y Bebidas No Alcohólicas,high,
Galleta Cubierta en Chocolate Doblon Costa Bolsa de 30 Unds,1923,Alimentos y Bebidas No Alcohólicas,high,
Galleta Sabor Chocolate Frac Costa 273 Gr,1924,Alimentos y Bebidas No Alcohólicas,high,
Salsa de Tomate Pomarola Italiana Carozzi 200 Gr,1925,Alimentos y Bebidas No Alcohólicas,high,
Café Liofilizado Premium Monaco Pil 300 Gr,1926,Alimentos y Bebidas No Alcohólicas,high,
Piña en Rodajas Reyna 850 Gr,1927,Alimentos y Bebidas No Alcohólicas,high,
Leche en Polvo Instantanea Pil DoyPack 2200 Gr,1928,Alimentos y Bebidas No Alcohólicas,high,
Chocolate con Mani Sapito Arcor 270 Gr,1929,Alimentos y Bebidas No Alcohólicas,high,
Leche Condensada Nestle 397 Gr,193,Alimentos y Bebidas No Alcohólicas,high,
Chocolates Bonbon Especialidades Nestle 153 Gr,1930,Alimentos y Bebidas No Alcohólicas,high,
Chocolates Surtido Especial Nestle 500 Gr,1931,Alimentos y Bebidas No Alcohólicas,high,
Panetón Donofrio Bolsa 900 Gr,1932,Alimentos y Bebidas No Alcohólicas,high,
Jugo Sabor Durazno Del Valle 3 Lt,1933,Alimentos y Bebidas No Alcohólicas,high,
Jugo Sabor Manzana Del Valle 3 Lt,1934,Alimentos y Bebidas No Alcohólicas,high,
Leche Evaporada Carnation Nestle 360 Gr,194,Alimentos y Bebidas No Alcohólicas,high,
Protectores Diarios Cuidado Diario Kotex 100 Unds,1948,Bienes y Servicios Diversos,high,
Shampoo Manzanilla Sin sal Carissa Doy Pack 900 Ml,1949,Bienes y Servicios Diversos,high,
Leche Evaporada Gloria Nestle 395 Gr,195,Alimentos y Bebidas No Alcohólicas,high,
Saca Grasa Limon con Gatillo TodoBrillo 850 ml,1950,"Muebles, Bienes y Servicios Domésticos",high,
Detergente Liquido Para Maquina Todo Tipo de Ropa Todo Brillo 1.8 Lt,1951,"Muebles, Bienes y Servicios Domésticos",high,
Biogurt Sabor Durazno Pil 1 Lt,1952,Alimentos y Bebidas No Alcohólicas,high,
Mantequilla con Leche Margarina Reyna 850 Gr,1953,Alimentos y Bebidas No Alcohólicas,high,
Nectar sabor Durazno Frutts Pura Vida 2 Lt,1954,Alimentos y Bebidas No Alcohólicas,high,
Yogurt Bebible sabor Mora Pil 1000 Gr,1955,Alimentos y Bebidas No Alcohólicas,high,
Papel Higiénico Ultra Doble Hoja Elite 24 Rollos,1956,Bienes y Servicios Diversos,high,
Papel Higiénico Plus Doble Hoja Elite 24 Rollos,1957,Bienes y Servicios Diversos,high,
Protector Diario Todos los Dias Care Free 60 Unds,1958,Bienes y Servicios Diversos,high,
Pañal Babysec Super Premium XG 46 Unds,1959,Bienes y Servicios Diversos,high,
Crema de Leche Nestle 300 Gr.,196,Alimentos y Bebidas No Alcohólicas,high,
Pañal Babysec Super Premium XXG 42 Unds,1960,Bienes y Servicios Diversos,high,
Enjuague Bucal Cool Mint Listerine 500 Ml,1961,Bienes y Servicios Diversos,high,
Talco para Bebe Hora de Sueño Johnsons 200 Gr,1962,Bienes y Servicios Diversos,high,
Lomito al Aceite de Soya Atun Real 354 Gr,1963,Alimentos y Bebidas No Alcohólicas,high,
Avena Instantanea Quaker 300 Gr,1964,Alimentos y Bebidas No Alcohólicas,high,
Choclo en Granos Ebia 280 Gr,1965,Alimentos y Bebidas No Alcohólicas,high,
Lavavajilla Limon Mr Flash 1050 Ml,1966,"Muebles, Bienes y Servicios Domésticos",high,
Queso Mozzarella Sancor 1 kg,1967,Alimentos y Bebidas No Alcohólicas,high,
Biogurt sabor Frutilla Pil Bot 1 Lt,1968,Alimentos y Bebidas No Alcohólicas,high,
Leche de Soya sabor Chocolate Soy 946 Ml,1969,Alimentos y Bebidas No Alcohólicas,high,
Hojuela de Avena Laminada Princesa 500 Gr,197,Alimentos y Bebidas No Alcohólicas,high,
Leche de Soya sabor Vainilla Soy 946 Ml,1970,Alimentos y Bebidas No Alcohólicas,high,
Leche de Soya sabor Banana Soy 946 Ml,1971,Alimentos y Bebidas No Alcohólicas,high,
Leche de Soya sabor Chirimoya Soy 946 Ml,1972,Alimentos y Bebidas No Alcohólicas,high,
Leche Instantanea Deslactosada Pil 760 Gr,1973,Alimentos y Bebidas No Alcohólicas,high,
Te Sabor Limon y Canela Pil 500 ML,1974,Alimentos y Bebidas No Alcohólicas,high,
Te Sabor Limon y Canela Pil 2 Lt,1975,Alimentos y Bebidas No Alcohólicas,high,
Yogurt Bebible sabor Frutilla Pil Bolsa 1 Kg,1976,Alimentos y Bebidas No Alcohólicas,high,
Shampoo Sin Sal Cabellos Secos Chocolate Carissa 900 Ml,1977,Bienes y Servicios Diversos,high,
Shampoo Anticaspa Carissa Doy Pack 800 Ml,1978,Bienes y Servicios Diversos,high,
Desinfectante de Ambiente Original Todo Brillo 360 cm3,1979,"Muebles, Bienes y Servicios Domésticos",high,
Quinua Real Negra en Grano Princesa 400 Gr,198,Alimentos y Bebidas No Alcohólicas,high,
Bebida Alcoholica Four Loko Green 473 Ml,1980,Bebidas Alcohólicas y Tabaco,high,
Galletas Cookies Original Visconti 60 Gr,1981,Alimentos y Bebidas No Alcohólicas,high,
Agua de Coco Thai 330 ML,1982,Alimentos y Bebidas No Alcohólicas,high,
Shampoo Cabello Claro Johnsons Baby 400 Ml,1983,Bienes y Servicios Diversos,high,
Shampoo Original Gold Johnsons Baby 750 Ml,1985,Bienes y Servicios Diversos,high,
Pañal Premium Babysec 62 Unds,1986,Bienes y Servicios Diversos,high,
Pañal Premium Babysec 56 Unds,1987,Bienes y Servicios Diversos,high,
Dulce de Leche Repostero La Serenisima 400 Gr,1988,Alimentos y Bebidas No Alcohólicas,high,
Dulce de Leche Sancor 1 Kg,1989,Alimentos y Bebidas No Alcohólicas,high,
Harina de Trigo Princesa 1 Kg,199,Alimentos y Bebidas No Alcohólicas,high,
Dulce de Leche Sancor 400 Gr,1990,Alimentos y Bebidas No Alcohólicas,high,
Salsa de Soja Tradicional Sakura 150 Ml,1991,Alimentos y Bebidas No Alcohólicas,high,
Aceite de Oliva Cocinero 500 Ml,1992,Alimentos y Bebidas No Alcohólicas,high,
Cebollita Cristal Hemmer 200 Gr,1993,Alimentos y Bebidas No Alcohólicas,high,
Alcaparras Hemmer 170 Gr,1994,Alimentos y Bebidas No Alcohólicas,high,
Alcaparras Hemmer Doy Pack 100 Gr,1995,Alimentos y Bebidas No Alcohólicas,high,
Canela Molida McCormick 55 Gr,1996,Alimentos y Bebidas No Alcohólicas,high,
Hierbas Italianas McCormick 18 Gr,1997,Alimentos y Bebidas No Alcohólicas,high,
Cebolla Molida McCormick 66 Gr,1998,Alimentos y Bebidas No Alcohólicas,high,
Ambientador Air Hawaiian Con Gatillo,2,"Muebles, Bienes y Servicios Domésticos",high,
Servilleta Dia a Dia Pequena Scott 100 Unds,20,"Muebles, Bienes y Servicios Domésticos",high,
Harina Integral Trigo Princesa 1 Kg,200,Alimentos y Bebidas No Alcohólicas,high,
Sal con Ajo McCormick 60 Gr,2000,Alimentos y Bebidas No Alcohólicas,high,
Mezcla Sazonada Completo Empamix McCormick 60 Gr,2001,Alimentos y Bebidas No Alcohólicas,high,
Galletas Chocolate Bauducco Six Pack 30 Gr,2002,Alimentos y Bebidas No Alcohólicas,high,
Barra de Chocolate con Leche Garoto 90 Gr,2003,Alimentos y Bebidas No Alcohólicas,high,
Golosina Air Heads Bites 57 GR,2004,Alimentos y Bebidas No Alcohólicas,high,
Crema para Calzado Betun Negro Nugget 36 Gr,2005,Prendas de Vestir y Calzados,high,
Guantes Amarillo Master  T 8 Par,2006,"Muebles, Bienes y Servicios Domésticos",high,
Alcohol en Gel Antibacterial Ocean Aval Gatillo 380 Ml,2008,Bienes y Servicios Diversos,high,
Sanitizador en Gel Natural Aval 380 Ml,2009,Bienes y Servicios Diversos,high,
Harina Leudante 0000 Princesa 1 Kg,201,Alimentos y Bebidas No Alcohólicas,high,
Jabon Liquido de Tocador Rosas Aval Gatillo 400 Ml,2010,Bienes y Servicios Diversos,high,
Sanitizador en Gel Ocean Aval 380 Ml,2012,Bienes y Servicios Diversos,high,
Alcohol en Gel Antibacterial Tender Baby Aval 380 Ml,2013,Bienes y Servicios Diversos,high,
Ambientador Antitabaco Glade Aerosol 360 Ml,2015,"Muebles, Bienes y Servicios Domésticos",high,
Ambientador Harmony Glade Aerosol 360 Ml,2016,"Muebles, Bienes y Servicios Domésticos",high,
Tinte para Cabello Negro Casting Creme Gloss Loreal Kit 200,2017,Bienes y Servicios Diversos,high,
Tinte para Cabello Marron Glace Casting Creme Gloss Loreal Kit 415,2018,Bienes y Servicios Diversos,high,
Tinte para Cabello Castaño Claro Casting Creme Gloss Loreal Kit 500,2019,Bienes y Servicios Diversos,high,
Te con Canela y Clavo de Olor Windsor 130 Unds,202,Alimentos y Bebidas No Alcohólicas,high,
Tinte para Cabello Chocolate Casting Creme Gloss Loreal Kit 535,2020,Bienes y Servicios Diversos,high,
Tinte para Cabello Rubio Casting Creme Gloss Loreal Kit 700,2021,Bienes y Servicios Diversos,high,
Tinte para Cabello Rubio Perlado Casting Creme Gloss Loreal Kit 810,2022,Bienes y Servicios Diversos,high,
Tinte para Cabello Castaño Oscuro Casting Creme Gloss Loreal Kit 300,2023,Bienes y Servicios Diversos,high,
Tinte para Cabello Castaño Casting Creme Gloss Loreal Kit 400,2024,Bienes y Servicios Diversos,high,
Tinte para Cabello Negro Rico Casting Creme Gloss Loreal Kit 100,2025,Bienes y Servicios Diversos,high,
Tinte para Cabello Café Late Casting Creme Gloss Loreal Kit 610,2026,Bienes y Servicios Diversos,high,
Crema de Peinar Oleo Ext Rizos Definidos Elvive 300 Ml,2027,Bienes y Servicios Diversos,high,
Crema de Peinar Caida Resist Elvive 300 Ml,2028,Bienes y Servicios Diversos,high,
Crema de Peinar Dream Long Elvive 300 Ml,2029,Bienes y Servicios Diversos,high,
Mayonesa Doypack Kris 500 Gr,203,Alimentos y Bebidas No Alcohólicas,high,
Crema de Peinar HidraHialuronico Elvive 300 Ml,2030,Bienes y Servicios Diversos,high,
Mascara Colorvive Mx Elvive 300 Gr,2031,Bienes y Servicios Diversos,high,
Mascara Reparacion Total Extrema Mx Elvive 300 Ml,2032,Bienes y Servicios Diversos,high,
Mascara de Tratamiento Reparación Total 5 Blanco Elvive 300 Gr,2033,Bienes y Servicios Diversos,high,
Mascara de Tratamiento Óleo Coco Elvive 300 Gr,2034,Bienes y Servicios Diversos,high,
Shampoo Reparacion total Extrema Elvive 400 Ml,2035,Bienes y Servicios Diversos,high,
Shampoo Nutricion Oleo Extraordinario Elvive 400 Ml,2036,Bienes y Servicios Diversos,high,
Shampoo Oleo Ext. Rizos Definidos Elvive 400 Ml,2037,Bienes y Servicios Diversos,high,
Shampoo Arginina Resist Elvive 400 Ml,2038,Bienes y Servicios Diversos,high,
Shampoo Reparación Total 5 elvive 400 Ml,2039,Bienes y Servicios Diversos,high,
Mayonesa Original Kirs 380 Cm3,204,Alimentos y Bebidas No Alcohólicas,high,
Shampoo Oleo Coco Elvive 400 Ml,2040,Bienes y Servicios Diversos,high,
Shampoo Dream Long Elvive 400 Ml,2041,Bienes y Servicios Diversos,high,
Shampoo Dream Long Liss Elvive 400 Ml,2042,Bienes y Servicios Diversos,high,
Shampoo HidraHialuronico Elvive 370 Ml,2043,Bienes y Servicios Diversos,high,
Acondicionador Reparacion Total Extrema Elvive 400 Ml,2044,Bienes y Servicios Diversos,high,
Acondicionador Oleo Extraordinario Normal Elvive 400 Ml,2045,Bienes y Servicios Diversos,high,
Acondicionador Arginina Resist Elvive 400 Ml,2046,Bienes y Servicios Diversos,high,
Acondicionador Reparacion Total 5 Elvive 400 Ml,2047,Bienes y Servicios Diversos,high,
Acondicionador Oleo Coco Elvive 400 Ml,2048,Bienes y Servicios Diversos,high,
Acondicionador Dream Long Elvive 400 Ml,2049,Bienes y Servicios Diversos,high,
Ketchup Original Kris 410 Gr,205,Alimentos y Bebidas No Alcohólicas,high,
Acondicionador Dream Long Liss Elvive 400 Ml,2050,Bienes y Servicios Diversos,high,
Acondicionador HidraHialuronico Elvive 370 Ml,2051,Bienes y Servicios Diversos,high,
Acondicionador Dream Long Elvive 680 Ml,2052,Bienes y Servicios Diversos,high,
Acondicionador Reparación Total 5 Elvive 680 Ml,2053,Bienes y Servicios Diversos,high,
Acondicionador Color Vile Elvive 680 Ml,2054,Bienes y Servicios Diversos,high,
Acondicionador Oleo Coco Elvive 680 Ml,2055,Bienes y Servicios Diversos,high,
Acondicionador Reparacion Total 5 Extrema Elvive 680 Ml,2056,Bienes y Servicios Diversos,high,
Acondicionador Oleo Extraordinario Nutricion Elvive 680 Ml,2057,Bienes y Servicios Diversos,high,
Acondicionador Dream Long Liss Elvive 680 Ml,2058,Bienes y Servicios Diversos,high,
Acondicionador HidraHialuronico Elvive 680 Ml,2059,Bienes y Servicios Diversos,high,
Ketchup Picante Kris 410 Gr,206,Alimentos y Bebidas No Alcohólicas,high,
Shampoo Dream Long Elvive 680 Ml,2060,Bienes y Servicios Diversos,high,
Shampoo Arginina Resist Elvive 680 Ml,2061,Bienes y Servicios Diversos,high,
Shampoo Oleo Extraordinario Nutrición Universal Elvive 680 Ml,2062,Bienes y Servicios Diversos,high,
Shampoo Color Vive ELvive 680 Ml,2063,Bienes y Servicios Diversos,high,
Shampoo Oleo Coco Elvive 680 Ml,2064,Bienes y Servicios Diversos,high,
Shampoo Oleo Extraordinario Rizos Elvive 680 Ml,2065,Bienes y Servicios Diversos,high,
Shampoo Reparacion Total 5 Elvive 680 Ml,2066,Bienes y Servicios Diversos,high,
Shampoo Reparacion Total Extrema Elvive 680 Ml,2067,Bienes y Servicios Diversos,high,
Shampoo Dream Long Liss Elvive 680 Ml,2068,Bienes y Servicios Diversos,high,
Shampoo HidraHialuronico Elvive 680 Ml,2069,Bienes y Servicios Diversos,high,
Mostaza Kris 500 Gr,207,Alimentos y Bebidas No Alcohólicas,high,
Tinte de Cabello Media Tono Negro 1 Excellence,2070,Bienes y Servicios Diversos,high,
Tinte de Cabello Tono 3 Excellence,2071,Bienes y Servicios Diversos,high,
Tinte de Cabello Tono 4 Excellence,2072,Bienes y Servicios Diversos,high,
Tinte de Cabello Tono 5 Excellence,2073,Bienes y Servicios Diversos,high,
Tinte de Cabello Tono 5.1 Excellence,2074,Bienes y Servicios Diversos,high,
Tinte de Cabello Tono 5.3 Excellence,2075,Bienes y Servicios Diversos,high,
Tinte de Cabello Tono 6 Excellence,2076,Bienes y Servicios Diversos,high,
Tinte de Cabello Tono 6.1 Excellence,2077,Bienes y Servicios Diversos,high,
Tinte de Cabello Tono 6.30 Excellence,2078,Bienes y Servicios Diversos,high,
Tinte de Cabello Tono 6.34 Excellence,2079,Bienes y Servicios Diversos,high,
Mostaza Original Kris 400 Gr,208,Alimentos y Bebidas No Alcohólicas,high,
Tinte de Cabello Tono 7 Excellence,2080,Bienes y Servicios Diversos,high,
Tinte de Cabello Tono 7.1 Excellence,2081,Bienes y Servicios Diversos,high,
Tinte de Cabello Tono 7.11 Excellence,2082,Bienes y Servicios Diversos,high,
Tinte de Cabello Tono 8 Excellence,2083,Bienes y Servicios Diversos,high,
Tinte de Cabello Tono 8.1 Excellence,2084,Bienes y Servicios Diversos,high,
Tinte de Cabello Tono 8.11 Excellence,2085,Bienes y Servicios Diversos,high,
Tinte de Cabello Tono 9 Excellence,2086,Bienes y Servicios Diversos,high,
Tinte de Cabello Tono 9.1 Excellence,2087,Bienes y Servicios Diversos,high,
Tinte de Cabello Tono 6.11 Excellence,2088,Bienes y Servicios Diversos,high,
Tinte de Cabello Tono 6.7 Excellence,2089,Bienes y Servicios Diversos,high,
Gelatina Light Sabor Frutilla Kris 24 Gr,209,Alimentos y Bebidas No Alcohólicas,high,
Tinte de Cabello Tono 121 Ulta Blonds Excellence,2090,Bienes y Servicios Diversos,high,
Tinte de Cabello Tono 710 Extra Prof Excellence,2091,Bienes y Servicios Diversos,high,
Tinte de Cabello Tono 810 Extra Prof Excellence,2092,Bienes y Servicios Diversos,high,
Tinte de Cabello Extra Prof 280 Excellence,2093,Bienes y Servicios Diversos,high,
Mascarilla  Coco Fructis Hair Food Fructis 350 Ml,2094,Bienes y Servicios Diversos,high,
Mascarilla Banana Hair Food Fructis 350 Ml,2095,Bienes y Servicios Diversos,high,
Mascarilla Aguacate Hair Food Fructis 350 Ml,2096,Bienes y Servicios Diversos,high,
Mascarilla Aloe Hair Food Mascara Fructis 350 Ml,2097,Bienes y Servicios Diversos,high,
Shampoo Banana Fructis Hair Food Fructis 300 Ml,2098,Bienes y Servicios Diversos,high,
Acondicionador Banana Hair Food Fructis 300 Ml,2099,Bienes y Servicios Diversos,high,
Servilleta Institucional Perla 500 Unds,21,"Muebles, Bienes y Servicios Domésticos",high,
Gelatina sin Sabor Kris 42 Gr,210,Alimentos y Bebidas No Alcohólicas,high,
Shampoo Aloe Hair Food Fructis 300 Ml,2100,Bienes y Servicios Diversos,high,
Acondicionador Aloe Hair Food Fructis 300 Ml,2101,Bienes y Servicios Diversos,high,
Shampoo Coco Hair Food Fructis 300 Ml,2102,Bienes y Servicios Diversos,high,
Acondicionador Coco Hair Food Fructis 300 Ml,2103,Bienes y Servicios Diversos,high,
Shampoo Aguacate Hair Food Fructis 300 Ml,2104,Bienes y Servicios Diversos,high,
Acondicionador Hair Food Fructis 300 Ml,2105,Bienes y Servicios Diversos,high,
Polvo Para Hornear Kris 57 Gr,211,Alimentos y Bebidas No Alcohólicas,high,
Gelatina Neutra sin Sabor Dely 100 Gr,212,Alimentos y Bebidas No Alcohólicas,high,
Cepillo Dental Medio Accion Limpiadora Colgate 2 Unds,2128,Bienes y Servicios Diversos,high,
Mezcla para Brownie Celinda 300 Gr,213,Alimentos y Bebidas No Alcohólicas,high,
Enjuague Bucal Plax Ice Colgate 500 Ml,2130,Bienes y Servicios Diversos,high,
Hilo Dental con Fluor & Menta Colgate 25 M,2131,Bienes y Servicios Diversos,high,
Insecticida en Aerosol Azul Mata Moscas y Mosquitos Baygon 300 Ml.,2132,"Muebles, Bienes y Servicios Domésticos",high,
Galletas Integral Club Social 234 Gr,2134,Alimentos y Bebidas No Alcohólicas,high,
Galleta Sucrema Dulces Vainilla La Francesa 500 Gr,2138,Alimentos y Bebidas No Alcohólicas,high,
Galleta Salvado Natural La Francesa 1Kg,2139,Alimentos y Bebidas No Alcohólicas,high,
Cobertura de Chocolate Semiamargo Celinda 1 Kg,214,Alimentos y Bebidas No Alcohólicas,high,
Paño para Cocina Refregar y Secar 2 Unds,2140,"Muebles, Bienes y Servicios Domésticos",high,
Enjuague Bucal Cuidado Total Listerine 500 Ml,2141,Bienes y Servicios Diversos,high,
Escoba Multiuso Clorinda Unidad,2142,"Muebles, Bienes y Servicios Domésticos",high,
Pasta Dental Limpieza Completa Colgate Max White 180 Gr,2144,Bienes y Servicios Diversos,high,
Antitranspirante en Barra Speed Stick 50 Gr,2145,Bienes y Servicios Diversos,high,
Café Molido Posdata 250 Gr,2148,Alimentos y Bebidas No Alcohólicas,high,
Café Grano Posdata 250 Gr,2149,Alimentos y Bebidas No Alcohólicas,high,
Chocolate Original en polvo Toddy 800 Gr,215,Alimentos y Bebidas No Alcohólicas,high,
Saca Sarro Extra Fuerte Todo Brillo 550 Ml,2150,"Muebles, Bienes y Servicios Domésticos",high,
Lustra Mueble Todo Brillo Doy Pack 900 Ml,2151,"Muebles, Bienes y Servicios Domésticos",high,
Shampoo Te Rojo y Hialu Carissa 800 Ml,2153,Bienes y Servicios Diversos,high,
Detergente Liquido Floral Todo Brillo Doy Pack 900 Ml,2154,"Muebles, Bienes y Servicios Domésticos",high,
Mayonesa light Kris 200 Ml,2155,Alimentos y Bebidas No Alcohólicas,high,
Pure de Papas Kris 250 Gr,2156,Alimentos y Bebidas No Alcohólicas,high,
Pudin de Chocolate Kris 113 Gr,2157,Alimentos y Bebidas No Alcohólicas,high,
Saca Grasa Limon Recarga Bristar 900 Ml,2158,"Muebles, Bienes y Servicios Domésticos",high,
Lustra Muebles Floral Bristar 250 Ml,2159,"Muebles, Bienes y Servicios Domésticos",high,
Café Clasico en Sachet Iguaçu 50 Gr,216,Alimentos y Bebidas No Alcohólicas,high,
Cereal Sublime Nestle 330 Gr,2160,Alimentos y Bebidas No Alcohólicas,high,
Galletas Crackers Mabels 250 Gr,2161,Alimentos y Bebidas No Alcohólicas,high,
Chocolate Prestigio en Barra 33 Gr,2162,Alimentos y Bebidas No Alcohólicas,high,
Vodka Limon Ice 51 275 Ml,2163,Bebidas Alcohólicas y Tabaco,high,
Vodka Kiwi Ice 51 275 Ml,2164,Bebidas Alcohólicas y Tabaco,high,
Vodka Menta Corote 500 Ml,2165,Bebidas Alcohólicas y Tabaco,high,
Vodka Maracuya Corote 500 Ml,2167,Bebidas Alcohólicas y Tabaco,high,
Vodka Blue Berry Corote 500 Ml,2168,Bebidas Alcohólicas y Tabaco,high,
Ginebra Clasico Puerto de Indias 75 Cl,2169,Bebidas Alcohólicas y Tabaco,high,
Café Clasico Iguaçu 200 Gr,217,Alimentos y Bebidas No Alcohólicas,high,
Vino Tinto Malbec Rutini 750 Ml,2170,Bebidas Alcohólicas y Tabaco,high,
Ron Kraken Black Spiced 750 Ml,2171,Bebidas Alcohólicas y Tabaco,high,
Tableta de Chocolate Brigadeiro Arcor 80 Gr,2172,Alimentos y Bebidas No Alcohólicas,high,
Tableta de Chocolate Roclets Arcor 80 Gr,2173,Alimentos y Bebidas No Alcohólicas,high,
Gomitas Masticables Mora Mogul Arcor 500 Gr,2174,Alimentos y Bebidas No Alcohólicas,high,
Gomitas Masticables Dientes Mogul Arcor 500 Gr,2175,Alimentos y Bebidas No Alcohólicas,high,
Salsa Lista Pizza Arcor Doy Pack 340 Gr,2176,Alimentos y Bebidas No Alcohólicas,high,
Salsa Lista Fileto Arcor Doy Pack 340 Gr,2177,Alimentos y Bebidas No Alcohólicas,high,
Galletas Hogareñas 7 Semillas Arcor 189 Gr,2178,Alimentos y Bebidas No Alcohólicas,high,
Galletas Bagley Opera 220 Gr,2179,Alimentos y Bebidas No Alcohólicas,high,
Café Gourmet Iguaçu 100 Gr,218,Alimentos y Bebidas No Alcohólicas,high,
Pasta Dental Anti Sarro Total 12 Colgate 75 Ml C/U,2180,Bienes y Servicios Diversos,high,
Antitranspirante en Barra Lady Speed Stick 45 Gr,2181,Bienes y Servicios Diversos,high,
Vino Tinto Reserva Malbec Trivento 750 Ml,2182,Bebidas Alcohólicas y Tabaco,high,
Chocolates con Almendras Vizzio Costa 131 Gr,2183,Alimentos y Bebidas No Alcohólicas,high,
Chocolates con Almendras Vizzio Costa 182 Gr,2184,Alimentos y Bebidas No Alcohólicas,high,
Pistachos Enteros con Cascaras Maya 230 Gr,2185,Alimentos y Bebidas No Alcohólicas,high,
Mix de Frutos Secos Varios Maya 260 Gr,2186,Alimentos y Bebidas No Alcohólicas,high,
Café Mokaccino  Nescafe Nestle 150 Gr,2187,Alimentos y Bebidas No Alcohólicas,high,
Cereal Cacau Nesfit Nestle 220 Gr,2188,Alimentos y Bebidas No Alcohólicas,high,
Insecticida en Spray Multi Raid 261 Gr,2189,"Muebles, Bienes y Servicios Domésticos",high,
Café Gourmet Sachet Iguaçu 50 Gr,219,Alimentos y Bebidas No Alcohólicas,high,
Insecticida en Aerosol Verde Cucarachas y Hormigas Baygon 300 Ml.,2190,"Muebles, Bienes y Servicios Domésticos",high,
Shampoo Clasico Baby Jhonsons 400 Ml,2191,Bienes y Servicios Diversos,high,
Cereal Chocapic Nestle 350 Gr,2192,Alimentos y Bebidas No Alcohólicas,high,
Enjuague Bucal Plax Ice Glacial Colgate 250 Ml,2194,Bienes y Servicios Diversos,high,
Papel Higienico Ultra Doble Hoja Perfumado Elite 12 Rollos,2195,Bienes y Servicios Diversos,high,
Papel Toalla de Cocina Clasica Nova 2 Rollos,2196,"Muebles, Bienes y Servicios Domésticos",high,
Guante Multiuso Talla G Scott Brite Unidad,2197,"Muebles, Bienes y Servicios Domésticos",high,
Nectar Manzana Pura Vida Frutts 3 Lt,2198,Alimentos y Bebidas No Alcohólicas,high,
"Leche Instantanea Pil 2,5 Kg",2199,Alimentos y Bebidas No Alcohólicas,high,
Servilletas Dobladas en 4 Nacional 500 Unds,22,"Muebles, Bienes y Servicios Domésticos",high,
Leche Condensada Bella Holandesa 397 Gr,220,Alimentos y Bebidas No Alcohólicas,high,
Leche Evaporada Bonle Pil 400 Gr,2200,Alimentos y Bebidas No Alcohólicas,high,
Sopa Instantanea Sabor Pollo Nissin 64 Gr,2201,Alimentos y Bebidas No Alcohólicas,high,
Sopa Instantanea Sabor Carne Nissin 64 Gr,2202,Alimentos y Bebidas No Alcohólicas,high,
Edulcorante de Mesa Liquido Chuker 600 Cm3,221,Alimentos y Bebidas No Alcohólicas,high,
Atun en Aceite Van Camps 354 Gr,223,Alimentos y Bebidas No Alcohólicas,high,
Atun en Agua Van Camps 354 Gr,224,Alimentos y Bebidas No Alcohólicas,high,
Lomitos de Atun en Aceite de Girasol Van Camps 184 Gr,225,Alimentos y Bebidas No Alcohólicas,high,
Lomitos de Atun en Aceite de Oliva Van Camps 160 gr,226,Alimentos y Bebidas No Alcohólicas,high,
Lomitos de Atun en Agua Van Camps 184 Gr,227,Alimentos y Bebidas No Alcohólicas,high,
Piñas en Rodajas De la Selva 850 Gr,228,Alimentos y Bebidas No Alcohólicas,high,
Piñas en Rodajas Campo Verde 820 Gr,229,Alimentos y Bebidas No Alcohólicas,high,
Servilletas Dobladas en 4 Scott 500 Unds,23,"Muebles, Bienes y Servicios Domésticos",high,
Granos de Choclo Norte 300 Gr,230,Alimentos y Bebidas No Alcohólicas,high,
Duraznos Mitades en Almibar Norte 820 Gr,231,Alimentos y Bebidas No Alcohólicas,high,
Extracto de Tomate Norte 140 Gr,232,Alimentos y Bebidas No Alcohólicas,high,
Leche Condensada Mococa 397 Gr,233,Alimentos y Bebidas No Alcohólicas,high,
Pepinillos Jalapenos Brixy 370 Gr,234,Alimentos y Bebidas No Alcohólicas,high,
Pepinillos Pickles Brixy 450 Gr,235,Alimentos y Bebidas No Alcohólicas,high,
Goiabada Predilecta 300 Gr,237,Alimentos y Bebidas No Alcohólicas,high,
Extracto de Tomate Predilecta 190 Gr,238,Alimentos y Bebidas No Alcohólicas,high,
Salsa de Soya Sakura 500 Ml,239,Alimentos y Bebidas No Alcohólicas,high,
Bolsas Basureras 78 cm x 95 cm Ola 75 Lts,24,"Muebles, Bienes y Servicios Domésticos",high,
Extracto de Tomate Cajamar 184 Gr,240,Alimentos y Bebidas No Alcohólicas,high,
Mayonesa Clasica Hellmanns 350 Cm3,241,Alimentos y Bebidas No Alcohólicas,high,
Mayonesa Doypack Hellmanns 950 Gr,242,Alimentos y Bebidas No Alcohólicas,high,
Mayonesa Light Hellmanns 500 Gr,243,Alimentos y Bebidas No Alcohólicas,high,
Ketchup Hellmanns 400 Gr,244,Alimentos y Bebidas No Alcohólicas,high,
Chocolate en polvo Chocolike 1000 Gr,245,Alimentos y Bebidas No Alcohólicas,high,
Chocolate en Polvo Chocolike 800 Gr,246,Alimentos y Bebidas No Alcohólicas,high,
Mermelada de Frutilla La Vasca 480 Gr,248,Alimentos y Bebidas No Alcohólicas,high,
Dulce de Frutilla La Rinconada 400 Gr,249,Alimentos y Bebidas No Alcohólicas,high,
Servilleta Elegance Scott 50 Unds,25,"Muebles, Bienes y Servicios Domésticos",high,
Dulce de Membrillo Del Valle 500 Gr,250,Alimentos y Bebidas No Alcohólicas,high,
Mermerlada de Guayaba Del Valle 350 Gr,251,Alimentos y Bebidas No Alcohólicas,high,
Jugo de Durazno Del Valle 1 Lt,252,Alimentos y Bebidas No Alcohólicas,high,
Pasta de Goiabada Pinduca 500 Gr,253,Alimentos y Bebidas No Alcohólicas,high,
Farofa de Mandioca Tradicional Pinduca 500 Gr,254,Alimentos y Bebidas No Alcohólicas,high,
Mermelada de Ciruela Orieta 500 Gr,255,Alimentos y Bebidas No Alcohólicas,high,
Duraznos al Jugo Gustoso 820 Gr,259,Alimentos y Bebidas No Alcohólicas,high,
Llajua Churrasquera B&R 220 Gr,260,Alimentos y Bebidas No Alcohólicas,high,
Lomito de Atun al Agua Real 185 Gr,261,Alimentos y Bebidas No Alcohólicas,high,
Lomito de Atun en Aceite Real 185 Gr,262,Alimentos y Bebidas No Alcohólicas,high,
Malta Real Lata 350 Ml,263,Alimentos y Bebidas No Alcohólicas,high,
Sardina Salsa de Tomate San Lucas 500 Gr,264,Alimentos y Bebidas No Alcohólicas,high,
Alimento para Adulto Raza Pequena sabor Carne Pedigree 100 Gr,265,Bienes y Servicios Diversos,high,
Alimento para Cachorros Sano Crecimiento sabor Carne en Salsa Pedigree 85 Gr,266,Bienes y Servicios Diversos,high,
Comida Mascota Adulto Carne en Salsa Pedigree 100 Gr,267,Recreación y Cultura,high,
Comida para Adulto Raza Pequena sabor Pollo Pedigree 100 Gr,268,Recreación y Cultura,high,
Comida para Mascota Adulto Pollo en Salsa Pedigree 100 Gr,269,Recreación y Cultura,high,
Papel Toalla Nacional 2 Rollos,27,"Muebles, Bienes y Servicios Domésticos",high,
Alimento de Carne para Adulto Cat Chow 85 Gr,270,Recreación y Cultura,high,
Alimento para Gatitos de Pollo Purina Cat Chow 85 Gr,271,Recreación y Cultura,high,
Alimento Pescado Adulto Cat Chow 85 Gr,272,Recreación y Cultura,high,
Alimento de Pavo y Pollo Adulto Raza Pequena Dog Chow 100 Gr,273,Recreación y Cultura,high,
Arena para Mascota Gatos Klin Kat 5 Gr,277,Recreación y Cultura,high,
Alimento para Gatos Pescado Souffle Whiskas 85 Gr,278,Recreación y Cultura,high,
Alimento para Gatos Salsa Pollo Whiskas 85 Gr,279,Recreación y Cultura,high,
Papel Toalla Calorie Absor Scott 2 Rollos,28,"Muebles, Bienes y Servicios Domésticos",high,
Comida Para Cachorro Raza Pequeña Knino 3 Kg,280,Recreación y Cultura,high,
Piedras Sanitarias Para Gatos Tidy 2 Kg,281,Recreación y Cultura,high,
Presto Barba 3 Gilllette de 4 Unds,282,Bienes y Servicios Diversos,high,
Prestobarba 3 Gillete 2 Unds,283,Bienes y Servicios Diversos,high,
Prestobarba Gillete 3 Cool 2 Unds,284,Bienes y Servicios Diversos,high,
Prestobarba Prestobarba 3 para Mujer Gillette 4 Unds,285,Bienes y Servicios Diversos,high,
Presto Barba Confort 3 Normal Bic 2 Unds,286,Bienes y Servicios Diversos,high,
Protectores Diarios Flexibles Kotex 15 Unds,287,Bienes y Servicios Diversos,high,
Toalla Femenina Nocturna Evolution Kotex 8 Unds,288,Bienes y Servicios Diversos,high,
Toalla Femenina Noche Kotex 8 Unds,289,Bienes y Servicios Diversos,high,
Papel Toallla Duramax 1 Rollo,29,"Muebles, Bienes y Servicios Domésticos",high,
Toalla Femenina Nocturna Maxima Proteccion Anatomica Kotex 16 Unds,290,Bienes y Servicios Diversos,high,
Protectores Diarios Carefree 2 Unds,291,Bienes y Servicios Diversos,high,
Shampoo Cabello Claro Belmed 420 Gr,292,Bienes y Servicios Diversos,high,
Crema Tratamiento Capilar Chocolate 2 en 1 Belmed 1000 Gr,293,Bienes y Servicios Diversos,high,
Shampoo Ultra Hidratante Repara el Daño Tio Nacho 415 Gr,294,Bienes y Servicios Diversos,high,
Shampoo Crimson Orange Mint Herbal Essences 300 Ml,295,Bienes y Servicios Diversos,high,
Espuma Modeladora Cabello Rizo Herbal Essences 227 Gr,296,Bienes y Servicios Diversos,high,
Crema Hidratacion Saludable Leche Vegetal Skala 100 Gr,297,Bienes y Servicios Diversos,high,
Shampoo Extra Suave para Ninos Supremo 1 Lt,298,Bienes y Servicios Diversos,high,
Hilo Dental Reach Johnsons & Johnsons 50 Mts,299,Bienes y Servicios Diversos,high,
Lavavajilla Poder Limon,3,"Muebles, Bienes y Servicios Domésticos",high,
Papel Toallla Duramax 2 Rollos,30,"Muebles, Bienes y Servicios Domésticos",high,
Cotonetes Johnsons 300 Unds,300,Bienes y Servicios Diversos,high,
Cotonetes Johnsons 75 Unds,301,Bienes y Servicios Diversos,high,
Crema para Peinar Triple Accion Extra Fuerte HairStyle 200 Gr,302,Bienes y Servicios Diversos,high,
Cotonetes Bastoncini Cotoneve 200 Unds,303,Bienes y Servicios Diversos,high,
Cotonetes Cotoneve 100 Unds,304,Bienes y Servicios Diversos,high,
Pasta Dental Encias estracts Sal Colgate 75 Ml,305,Bienes y Servicios Diversos,high,
Pasta Dental Luminous White Colgate 2x75 Ml,306,Bienes y Servicios Diversos,high,
Pasta Dental Maxima Frescura Colgate 101 Gr,307,Bienes y Servicios Diversos,high,
Pasta Dental Maxima Proteccion Colgate 180 Gr,308,Bienes y Servicios Diversos,high,
Pasta Dental Total 12 Salud Visible Colgate 75 Ml,309,Bienes y Servicios Diversos,high,
Papel Toallla Duramax 1 Mega Rollo,31,"Muebles, Bienes y Servicios Domésticos",high,
Pasta Dental Triple Accion Colgate 180 Gr,310,Bienes y Servicios Diversos,high,
Enjuague Bucal Zero Alcohol Colgate Plaz Ice 500 Ml,311,Bienes y Servicios Diversos,high,
Jaboncillo Humectacion Cremosa Plusbelle 3x125 Gr,312,Bienes y Servicios Diversos,high,
Shampoo Oleo de Argan y Macadamia Plusbelle 1 Lt,313,Bienes y Servicios Diversos,high,
Pasta Dental Complete Oral B 120 Gr,314,Bienes y Servicios Diversos,high,
Pasta Dental Glamorous White Oral B 90 Gr,315,Bienes y Servicios Diversos,high,
Shampoo Bomba Coco Sedal 650 Ml,316,Bienes y Servicios Diversos,high,
Shampoo con Ceramidas Sedal 650 Ml,317,Bienes y Servicios Diversos,high,
Shampoo Rizos Definidos Sedal 650 Ml,318,Bienes y Servicios Diversos,high,
Shampoo Cabello Tenido Loreal El Vive 400 Ml,319,Bienes y Servicios Diversos,high,
Acondicionador Cabello Teñido Loreal 400 Ml,320,Bienes y Servicios Diversos,high,
Toalla Femenina Buenas Noches Nosotras 10 Unds,321,Bienes y Servicios Diversos,high,
Toalla Femenina Diario Multiestilo Nosotras 15 Unds,322,Bienes y Servicios Diversos,high,
Toalla Femenina Invisivle Rapigel Nosotras 10 Unds,323,Bienes y Servicios Diversos,high,
Toallas Femeninas Invisible Clasica Nosotras 10 Unds,324,Bienes y Servicios Diversos,high,
Pasta Dental Anticaries Pepsodent 130 Gr,325,Bienes y Servicios Diversos,high,
Pasta Dental Triple Pepsodent 90 Gr,326,Bienes y Servicios Diversos,high,
Gel Fijador Super Extra Fuerte Fixer 240 Gr,327,Bienes y Servicios Diversos,high,
Jaboncillo Blanco Cremoso Dobe 135 Gr,328,Bienes y Servicios Diversos,high,
Toalla De Cocina Hogar 1 Unidad,33,"Muebles, Bienes y Servicios Domésticos",high,
Antitranspirante Barra Original Crema Humectante Dove 50 Gr,330,Bienes y Servicios Diversos,high,
Desodorante Clear Tone Suavisa Dove 50 Gr,331,Bienes y Servicios Diversos,high,
Acondicionador Concentrado Nutritivo Dove 170 Ml,332,Bienes y Servicios Diversos,high,
Crema Humectante 48 Hrs Aerosol Dove 89 Gr,333,Bienes y Servicios Diversos,high,
Leche de Pepinos Classic 350 Ml,334,Bienes y Servicios Diversos,high,
Jabon Liquido Liz 900 Ml,335,Bienes y Servicios Diversos,high,
Papel Higienico Doble Hoja Mega Perlita 12 Rollos,336,Bienes y Servicios Diversos,high,
Papel Higienico Mega Confort 12 Rollos,337,Bienes y Servicios Diversos,high,
Jabon Antbacterial Rexona 3x90 Gr,338,Bienes y Servicios Diversos,high,
Jabon Balance Saludable Protex 3x12 Gr,339,Bienes y Servicios Diversos,high,
Papel Higienico Doble Hoja Classic Nacional 12 Rollos,34,Bienes y Servicios Diversos,high,
Jabon Limpieza Profunda Original Protex 3x12 Gr,340,Bienes y Servicios Diversos,high,
Gel Bucal Herbal Aloe Foramen 75 Ml,341,Bienes y Servicios Diversos,high,
Pasta Dental Charcoal Foramen 75 Ml,342,Bienes y Servicios Diversos,high,
Gel Bucal Blanqueadora Foramen 75 Ml,343,Bienes y Servicios Diversos,high,
Azucar Aguai 1100 Gr,344,Alimentos y Bebidas No Alcohólicas,high,
Alcohol Etilico Aguai 250 Ml,345,Salud,high,
Jabon Intimo Confort Natural Nivea 254 Gr,347,Bienes y Servicios Diversos,high,
Pañitos Mentolados Triple Hoja Suavidad Kleenex 6 Pq,348,Bienes y Servicios Diversos,high,
Toallitas Desmaquillantes para Ojos Klennex 15 Unds,349,Bienes y Servicios Diversos,high,
Papel Higienico Cuidado Completo Scott 12 Rollos,35,Bienes y Servicios Diversos,high,
Toallitas Humedas Limpieza Facial Kleenex 15 Unds,350,Bienes y Servicios Diversos,high,
Enjuague Bucal Control Calculo Sarro Zero Menta Suave Listerine 500 Ml,351,Bienes y Servicios Diversos,high,
Shampoo Control Caspa 2 En 1 Suave y Manejable Head & Shoulder 375 Ml,352,Bienes y Servicios Diversos,high,
Shampoo Proteccion Caida Con Cafeina Head & Shoulder 375 Ml,353,Bienes y Servicios Diversos,high,
Shampoo Proteccion Refrescante Head & Shoulder 375 Ml,354,Bienes y Servicios Diversos,high,
Cepillo Multiuso para Ropa Condor Unidad,355,"Muebles, Bienes y Servicios Domésticos",high,
Gaseosa sabor Original Coca Cola 2 Lts,356,Alimentos y Bebidas No Alcohólicas,high,
Duraznos al Jugo Pil 820 Gr,357,Alimentos y Bebidas No Alcohólicas,high,
Chocopil en Pil 760 Gr,358,Alimentos y Bebidas No Alcohólicas,high,
Leche Condensada Pil 397 Gr,359,Alimentos y Bebidas No Alcohólicas,high,
Papel Higienico Premium Confort Scott 12 Rollos,36,Bienes y Servicios Diversos,high,
Leche Evaporada Pil 400 Gr,360,Alimentos y Bebidas No Alcohólicas,high,
Leche Entera en Polvo Instantanea Pil 760 Gr,361,Alimentos y Bebidas No Alcohólicas,high,
Agua Pura Vida Pil 5 Lts,362,Alimentos y Bebidas No Alcohólicas,high,
Agua Villa Santa 7 Lts,363,Alimentos y Bebidas No Alcohólicas,high,
Vino Tinto Duo Aranjuez 750 Ml,364,Bebidas Alcohólicas y Tabaco,high,
Vino Tinto Tannat Aranjuez 750 Ml,365,Bebidas Alcohólicas y Tabaco,high,
Vino Tinto Terruno Aranjuez 700 Ml,366,Bebidas Alcohólicas y Tabaco,high,
Vino Tinto Clasico Campos de Solana 700 Ml,367,Bebidas Alcohólicas y Tabaco,high,
Vino Tinto Malbec Cabernet Campos de Solana 750 Ml,368,Bebidas Alcohólicas y Tabaco,high,
Vino Blanco de Mesa Campos de Solana Blanco 700 Ml,369,Bebidas Alcohólicas y Tabaco,high,
Limpia Banos Maximus con Gatillo Ola 830 Ml,37,"Muebles, Bienes y Servicios Domésticos",high,
Papas Fritas Super Lucana 200 Gr,370,Alimentos y Bebidas No Alcohólicas,high,
Mani Frito Salado Extra Grande Lucana 390 Gr,371,Alimentos y Bebidas No Alcohólicas,high,
Mani Salado Grande Lucana 170 Gr,372,Alimentos y Bebidas No Alcohólicas,high,
Pipocas Saladas Lucana 150 Gr,373,Alimentos y Bebidas No Alcohólicas,high,
Nachos Tostitos Original 200 Gr,374,Alimentos y Bebidas No Alcohólicas,high,
Nachos de Maiz Mexican Food 400 Gr,375,Alimentos y Bebidas No Alcohólicas,high,
Nachos de Maiz Tradicional Mexicamba 185 Gr,376,Alimentos y Bebidas No Alcohólicas,high,
Papa Original Pringles 149 Gr,377,Alimentos y Bebidas No Alcohólicas,high,
Nectar de Manzana Frutss Pura Vida 2 Lts,378,Alimentos y Bebidas No Alcohólicas,high,
Nectar sabor Durazno sin Azucar Frutss Pura Vida 2 L,379,Alimentos y Bebidas No Alcohólicas,high,
Limpia Bano Ultra Rapido con Gatillo Cif 500 Ml,38,"Muebles, Bienes y Servicios Domésticos",high,
Gaseosa Pepsi 3 Lts,380,Alimentos y Bebidas No Alcohólicas,high,
Bebida Isotonica Powerade Multifrutas 473 Ml,381,Alimentos y Bebidas No Alcohólicas,high,
Agua con Gas Mendocina 2 Lts,382,Alimentos y Bebidas No Alcohólicas,high,
Agua sin Gas Vital 6 Lts,383,Alimentos y Bebidas No Alcohólicas,high,
Agua sin Gas Vital 600 Ml,384,Alimentos y Bebidas No Alcohólicas,high,
Jugo De Naranja 100% Santa Maria 1 Lts,385,Alimentos y Bebidas No Alcohólicas,high,
Cerveza Corona Botellita 355 Ml,386,Bebidas Alcohólicas y Tabaco,high,
Bebida de Aloe Vera Tai 500 Ml,387,Alimentos y Bebidas No Alcohólicas,high,
Agua de Coco Ducoco 1 Lt,388,Alimentos y Bebidas No Alcohólicas,high,
Jugo de Durazno Ades 1 Lt,389,Alimentos y Bebidas No Alcohólicas,high,
Pastilla para Inodoro Flores Ola 40 Gr,39,"Muebles, Bienes y Servicios Domésticos",high,
Jugo de Soya sabor Manzana 1 Lt,390,Alimentos y Bebidas No Alcohólicas,high,
Cerveza Paceña Lata 354 Ml,391,Bebidas Alcohólicas y Tabaco,high,
Cerveza Paceña Pilsener Lata 473Ml,392,Bebidas Alcohólicas y Tabaco,high,
Cerveza Paceña sin Alcohol Lata 354 Ml,393,Alimentos y Bebidas No Alcohólicas,high,
Cerveza Huari Lata 354 Ml,394,Bebidas Alcohólicas y Tabaco,high,
Cerveza Ice Lata 354 Ml,395,Bebidas Alcohólicas y Tabaco,high,
Bebida de Malta Maltin 473 Ml,396,Alimentos y Bebidas No Alcohólicas,high,
Bebida Energizante Monster Energy 473 Ml,397,Alimentos y Bebidas No Alcohólicas,high,
Gaseosa Fanta sabor Naranja 3 Lts,398,Alimentos y Bebidas No Alcohólicas,high,
Gaseosa Canada Dry Ginger Ale Botella de 1 Lts,399,Alimentos y Bebidas No Alcohólicas,high,
Pastillas para Inodoro Marina Ola 40 Gr,40,"Muebles, Bienes y Servicios Domésticos",high,
Gaseosa Guarana Antarctica 3.3 Lts,400,Alimentos y Bebidas No Alcohólicas,high,
Maltita Potosina 350 Ml,401,Alimentos y Bebidas No Alcohólicas,high,
Gaseosa Limon Mineragua 2 Lts,402,Alimentos y Bebidas No Alcohólicas,high,
Energizante Red Bull 250 Ml,403,Alimentos y Bebidas No Alcohólicas,high,
Gaseosa Seven Up 3 Lts,404,Alimentos y Bebidas No Alcohólicas,high,
Gaseosa Sprite 3 Lts,405,Alimentos y Bebidas No Alcohólicas,high,
Singani Don Lucho De Oro Casa Real 700 Ml,406,Bebidas Alcohólicas y Tabaco,high,
Singani Etiqueta Negra Casa Real 750 Ml,407,Bebidas Alcohólicas y Tabaco,high,
Fernet Branca 1 Lt,408,Bebidas Alcohólicas y Tabaco,high,
"Pastilla para Inodoro Lavanda Ola 3,4 Gr",41,"Muebles, Bienes y Servicios Domésticos",high,
Pipoca sabor Mantequilla Act II 91 Gr,410,Alimentos y Bebidas No Alcohólicas,high,
Pipoca sabor Mantequilla Extra Act II 91 Gr,411,Alimentos y Bebidas No Alcohólicas,high,
Aceite Light Fino 1800 Ml,412,Alimentos y Bebidas No Alcohólicas,high,
Aceite Light Fino 900 Ml,413,Alimentos y Bebidas No Alcohólicas,high,
Vinagre de Manzana San Lorenzo 600 Ml,414,Alimentos y Bebidas No Alcohólicas,high,
Harina 000 Famosa 1 Kg,415,Alimentos y Bebidas No Alcohólicas,high,
Harina de Trigo Tipo 0000 Famosa 1 Kg,416,Alimentos y Bebidas No Alcohólicas,high,
Azucar La Belgica 1 Kg,417,Alimentos y Bebidas No Alcohólicas,high,
Arroz Familiar Caisy 1 Kg,418,Alimentos y Bebidas No Alcohólicas,high,
Arroz Perlado Caizy 5 Kg,419,Alimentos y Bebidas No Alcohólicas,high,
Agua Lavandina Aditiva Marina X-5 1 Lt,42,"Muebles, Bienes y Servicios Domésticos",high,
Arroz Especial Grano Fino Caisy 1 Kg,420,Alimentos y Bebidas No Alcohólicas,high,
Arroz Grano de Oro Caisy 1 Kg,421,Alimentos y Bebidas No Alcohólicas,high,
Arroz Grano de Oro Caisy 5 Kg,422,Alimentos y Bebidas No Alcohólicas,high,
Aceite de Girasol Sabrosa 900 Ml,423,Alimentos y Bebidas No Alcohólicas,high,
Quinua Real Negra sin Gluten Free Salutary 400 Gr,424,Alimentos y Bebidas No Alcohólicas,high,
Ciruelas Desidratadas Dottori 500 Gr,425,Alimentos y Bebidas No Alcohólicas,high,
Ciruelas Deshidratadas con Semillas Maya 380 Gr,426,Alimentos y Bebidas No Alcohólicas,high,
Aceite de Girasol  Girasol 900 Ml,427,Alimentos y Bebidas No Alcohólicas,high,
Aceite Comestible Crisol 900 Ml,428,Alimentos y Bebidas No Alcohólicas,high,
Pasas de Uvas Cocinero Pereira 290 Gr,429,Alimentos y Bebidas No Alcohólicas,high,
Lavandina Hipoclorito Cimbol 2 Lts,43,"Muebles, Bienes y Servicios Domésticos",high,
Maiz Pipoca  Cocinero Pereira 460 Gr,430,Alimentos y Bebidas No Alcohólicas,high,
Aceite de Oliva Clasico Carbonell 500 Ml,431,Alimentos y Bebidas No Alcohólicas,high,
Aceite de Oliva Virgen Extra Carbonell 250 Ml,432,Alimentos y Bebidas No Alcohólicas,high,
Aceite de Oliva Virgen Extra La Española 250 Ml,433,Alimentos y Bebidas No Alcohólicas,high,
Frejol Negro El Cocinero 400 Gr,434,Alimentos y Bebidas No Alcohólicas,high,
Quinua Real El Cocinero 400 Gr,435,Alimentos y Bebidas No Alcohólicas,high,
Maiz para Pipoca El Cocinero 400 Gr,436,Alimentos y Bebidas No Alcohólicas,high,
Poroto Cuarenton El Cocinero 400 Gr,437,Alimentos y Bebidas No Alcohólicas,high,
Trigo Pelado El Cocinero 400 Gr,438,Alimentos y Bebidas No Alcohólicas,high,
Canela en Rama El Cocienero 14 Gr,439,Alimentos y Bebidas No Alcohólicas,high,
Super Lavandina Archer 1 Lt,44,"Muebles, Bienes y Servicios Domésticos",high,
Mezcla para Pastel Fudge Betty Crocker 519 Gr,440,Alimentos y Bebidas No Alcohólicas,high,
Vinagre de Alcohol Favico 1 Lt,441,Alimentos y Bebidas No Alcohólicas,high,
Vinagre Dona Filo 1 Lt,442,Alimentos y Bebidas No Alcohólicas,high,
Plastico Film Adherente Diamond 30 M,443,"Muebles, Bienes y Servicios Domésticos",high,
Papel Aluminio Ancho Diamond 7-6 Mt,444,"Muebles, Bienes y Servicios Domésticos",high,
Sal Parrillera Limon El Salerito 600 Gr,445,Alimentos y Bebidas No Alcohólicas,high,
Almidon de Maiz Maizena 200 Gr,446,Alimentos y Bebidas No Alcohólicas,high,
Jarabe para Panqueque Original Promos 709 Ml,448,Alimentos y Bebidas No Alcohólicas,high,
Desinfectante Lysoform Aire de Montana Lysoform 257 Gr,45,"Muebles, Bienes y Servicios Domésticos",high,
Levadura Seca Fleischmann 170 Gr,450,Alimentos y Bebidas No Alcohólicas,high,
Polvo Para Hornear Fleischmann 1 Kg,451,Alimentos y Bebidas No Alcohólicas,high,
Azucar Blanca Unagro Dulcy 1 Kg,452,Alimentos y Bebidas No Alcohólicas,high,
Sal de Mesa Lobos 250 Gr,453,Alimentos y Bebidas No Alcohólicas,high,
Sal Parrillera Lobos 750 Gr,454,Alimentos y Bebidas No Alcohólicas,high,
Cobertura de Chocolate Meio Amargo Cober Top 1 Kg,455,Alimentos y Bebidas No Alcohólicas,high,
Arroz Perlado Caizy 1 Kg,456,Alimentos y Bebidas No Alcohólicas,high,
Miel de Abeja del Chaco La Selvita 500 Gr,457,Alimentos y Bebidas No Alcohólicas,high,
Mate de Manzanilla Windsor 100 Unds,458,Alimentos y Bebidas No Alcohólicas,high,
Papas Fritas Clasicas Lays 185 Gr,459,Alimentos y Bebidas No Alcohólicas,high,
Limpia Vidrios con Gatillo Sapolio 650 Ml,46,"Muebles, Bienes y Servicios Domésticos",high,
Pickesos Dr Picks 200 Gr,460,Alimentos y Bebidas No Alcohólicas,high,
Doritos Sabor Queso Atrevido  200 Gr,461,Alimentos y Bebidas No Alcohólicas,high,
Shampoo Fuerza De Reconstruccion Pantene Pro V 400 Ml,462,Bienes y Servicios Diversos,high,
Acondicionador Fuerza de Reconstruccion Pamteme Pro V 400 Ml,463,Bienes y Servicios Diversos,high,
Ampollas Tratamiento Capilar Rescate Pantene Pro V3 Unds,464,Bienes y Servicios Diversos,high,
Ampollas Tratamiento Capilar Hidro Sellador Pantene Pro V3 Unds,465,Bienes y Servicios Diversos,high,
Prestobarba Gillette 3 Cool 4 Unds,466,Bienes y Servicios Diversos,high,
Jugo sabor Naranja Citrus Del Valle 3 Lts,467,Alimentos y Bebidas No Alcohólicas,high,
Nectar De Fruta sabor Durazno Frut-All 1 Lt,468,Alimentos y Bebidas No Alcohólicas,high,
Comida Para Cachorros Raza Pequeña 2800 Gr,469,Recreación y Cultura,high,
Limpia Vidrios con Gatillo Ola 900 Ml,47,"Muebles, Bienes y Servicios Domésticos",high,
Pañal en Caja 2 Pampers 112 Unds,470,Bienes y Servicios Diversos,high,
Pañal en Caja 5 Pampers 78 Unds,471,Bienes y Servicios Diversos,high,
Pañal en Caja 4 Pampers 92 Unds,472,Bienes y Servicios Diversos,high,
Pañal en Caja 3 Pampers 104 Unds,473,Bienes y Servicios Diversos,high,
Pañal en Caja 6 Pampers 64 Unds,474,Bienes y Servicios Diversos,high,
Pañales Natural Care Puro y Natural Talla M2 Huggies 58 Unds,475,Bienes y Servicios Diversos,high,
Pañal Natural Care Puro y Natural XXG 5 Huggies 38 Unds,476,Bienes y Servicios Diversos,high,
Pañal Natural Care Puro  y Natural XG 4 Huggies 42 Unds,477,Bienes y Servicios Diversos,high,
Pañal Natural Care Puro y Natural G 3 Huggies 52 Unds,478,Bienes y Servicios Diversos,high,
Lustra Muebles con Gatillo Flores 3 En 1 Ola 850 Ml,48,"Muebles, Bienes y Servicios Domésticos",high,
Toallitas Humedas Pura Y Natural Recien Nacidos Huggies 80 Unds,480,Bienes y Servicios Diversos,high,
Toallitas Limpieza Efectiva Huggies 96 Unds,481,Bienes y Servicios Diversos,high,
Toallitas Manitos y Caritas Huggies 24 Unds,482,Bienes y Servicios Diversos,high,
Colonia Besitos Johnsons 100 Ml,485,Bienes y Servicios Diversos,high,
Lavavajillas para Biberones y Utensilios Ola Baby 500 Ml,487,"Muebles, Bienes y Servicios Domésticos",high,
Polvo de Almidon Baby Johnsons 200 Gr,488,Bienes y Servicios Diversos,high,
Talco Proteccion Pura Johnsons 200 Gr,489,Bienes y Servicios Diversos,high,
"Limpiador para Piso Lavanda Procenex 1,8 Lt",49,"Muebles, Bienes y Servicios Domésticos",high,
Aceite Johnsons 200 Ml,490,Bienes y Servicios Diversos,high,
Shampoo Manzanilla Baby Care Simonds 610 Ml,491,Bienes y Servicios Diversos,high,
Shampoo Evita las Lagrimas Simonds 400 Ml,492,Bienes y Servicios Diversos,high,
Acondicionador Balsamo Manzanilla Baby Sec Simonds 610 Ml,493,Bienes y Servicios Diversos,high,
Leche sabor Frutilla Pil 946 Ml,494,Alimentos y Bebidas No Alcohólicas,high,
Leche Deslactosada Pil 800 Ml,495,Alimentos y Bebidas No Alcohólicas,high,
Leche Deslactosada Chocolatada Pil 800 Ml,496,Alimentos y Bebidas No Alcohólicas,high,
Leche Fresca Natural Pil 946 Ml,497,Alimentos y Bebidas No Alcohólicas,high,
Leche Light Liviana Pil 946 Ml,498,Alimentos y Bebidas No Alcohólicas,high,
Leche Deslactosada Delizia 800 Ml,499,Alimentos y Bebidas No Alcohólicas,high,
Lavavajilla Vajillero Limon Ola 600 ml,5,"Muebles, Bienes y Servicios Domésticos",high,
Limpiador Desinfectante Lavanda Ola 1800 Ml,50,"Muebles, Bienes y Servicios Domésticos",high,
Leche Entera Delizia 946 Ml,500,Alimentos y Bebidas No Alcohólicas,high,
Leche Deslactosada Light Delizia 800 Ml,501,Alimentos y Bebidas No Alcohólicas,high,
Leche Light Tetra Pil 1 Lt,502,Alimentos y Bebidas No Alcohólicas,high,
Leche Deslactosada Tetra Pil 1 Lt,503,Alimentos y Bebidas No Alcohólicas,high,
Leche de con Avena Pil 800 Ml,504,Alimentos y Bebidas No Alcohólicas,high,
Leche de Soya Sabor Frutilla Soy 946 Ml,505,Alimentos y Bebidas No Alcohólicas,high,
Leche Chocolatada Pil 946 Ml,506,Alimentos y Bebidas No Alcohólicas,high,
Leche de Soya Natural Pil 946 Ml,507,Alimentos y Bebidas No Alcohólicas,high,
Crema de Leche Delizia  500 Ml,509,Alimentos y Bebidas No Alcohólicas,high,
Cera Crema Amarilla Ola 400 Ml,51,"Muebles, Bienes y Servicios Domésticos",high,
Crema de Leche Pil 1 Lt,510,Alimentos y Bebidas No Alcohólicas,high,
Mantequilla con Sal Pil 200 Gr,511,Alimentos y Bebidas No Alcohólicas,high,
Mantequilla sin Sal Pil 200 Gr,512,Alimentos y Bebidas No Alcohólicas,high,
Mantequilla con Sal Pil 900 Gr,513,Alimentos y Bebidas No Alcohólicas,high,
Manteca Vegetal Karina 454 Gr,514,Alimentos y Bebidas No Alcohólicas,high,
Margarina Light Regia 425 Gr,515,Alimentos y Bebidas No Alcohólicas,high,
Margarina Regia 425 Gr,516,Alimentos y Bebidas No Alcohólicas,high,
Margarina en Vaso Regia 225 Gr,517,Alimentos y Bebidas No Alcohólicas,high,
Yogurt Bebible Sabor Durazno Pil 1000 Gr,518,Alimentos y Bebidas No Alcohólicas,high,
Yogurt Bebible Light Frutilla Pil 1000 Gr,519,Alimentos y Bebidas No Alcohólicas,high,
Aromatizante Anti Tabaco Ola 252 Gr,52,"Muebles, Bienes y Servicios Domésticos",high,
Yogurt Bebible Sabor Frutilla Pil 100 Gr,520,Alimentos y Bebidas No Alcohólicas,high,
Biogurt Mango Pil 1000 Gr,521,Alimentos y Bebidas No Alcohólicas,high,
Cunape IC Norte Unidad,525,Alimentos y Bebidas No Alcohólicas,high,
Empanada de Queso Integral IC Norte Unidad,527,Alimentos y Bebidas No Alcohólicas,high,
Empanada con Queso IC Norte Unidad,528,Alimentos y Bebidas No Alcohólicas,high,
Alfajor IC Norte Unidad,529,Alimentos y Bebidas No Alcohólicas,high,
Aromatizante de Ambiente Marina Ola 300 Ml,53,"Muebles, Bienes y Servicios Domésticos",high,
Requeson Dietetico Cotoca 270 Ml,530,Alimentos y Bebidas No Alcohólicas,high,
Requeson Superior Cotoca 270 Ml,531,Alimentos y Bebidas No Alcohólicas,high,
Crema Para Untar Bonle sabor Queso Pil 200 Gr,532,Alimentos y Bebidas No Alcohólicas,high,
Pate de Higado de Pollo Sofia 100 Gr,533,Alimentos y Bebidas No Alcohólicas,high,
Pate de Higado de Cerdo Sofia 100 Gr,534,Alimentos y Bebidas No Alcohólicas,high,
Huevos AA Granja Huevos Frescos 18 Unds,535,Alimentos y Bebidas No Alcohólicas,high,
Huevos Frescos HMH Yemita Amarilla 12 Unds,536,Alimentos y Bebidas No Alcohólicas,high,
Huevos Extra Grandes AA Granja 18 Unds,537,Alimentos y Bebidas No Alcohólicas,high,
Huevos Extra Grande AA Granja 12 Unds,538,Alimentos y Bebidas No Alcohólicas,high,
Tortillas de Trigo Especial para Tacos y Fajitas Pequeño Tortitacos 12 unds,540,Alimentos y Bebidas No Alcohólicas,high,
Tortillas de Trigo Para Quesadillas yEnchiladas Mediano Tortitacos 12 unds,541,Alimentos y Bebidas No Alcohólicas,high,
Pañuelo Facial Original Runway Kleenex 80 Unds,542,Bienes y Servicios Diversos,high,
Protector Diario Cuidado Diario 180 Unds,543,Bienes y Servicios Diversos,high,
Pañuelo Facial Aromamil Kleenex 10 Unds,544,Bienes y Servicios Diversos,high,
Pañuelo Facial Ultra Suave Cubo Kleenex 55 Unds,545,Bienes y Servicios Diversos,high,
Tampon con Aplicador Super Kotex 8 Unds,546,Bienes y Servicios Diversos,high,
Tampon con Aplicador Medio Kotex 8 Unds,547,Bienes y Servicios Diversos,high,
Protector Diario Cuidado Diario Kotex 15 Unds,549,Bienes y Servicios Diversos,high,
Pañuelo Facial Original Pocket Sweet Kleenex 10 Unds,550,Bienes y Servicios Diversos,high,
Protector de Cama Plenitud 10 Unds,551,Bienes y Servicios Diversos,high,
Paño Duramax Scott 7 Unds,552,"Muebles, Bienes y Servicios Domésticos",high,
Pañuelo Facial Original Junior Runway Kleenex 50 Unds,553,Bienes y Servicios Diversos,high,
Pañuelo Facial Original Cubo Runway Kleenex 60 Unds,554,Bienes y Servicios Diversos,high,
Toallitas Húmedas Limpieza Total One&Done Huggies 48 Unds,555,Bienes y Servicios Diversos,high,
Toallitas Húmedas Limpieza Total One&Done Huggies 80 Unds,556,Bienes y Servicios Diversos,high,
Toalla Femenina Normal Kotex 10 Unds,557,Bienes y Servicios Diversos,high,
Toalla Femenina Ultrafina Discreta Kotex 10 Unds,558,Bienes y Servicios Diversos,high,
Pañal Natural Care Recién Nacido Huggies 20 Unds,559,Bienes y Servicios Diversos,high,
Aerosol Mata Todo Tyson 360 Cm3,56,"Muebles, Bienes y Servicios Domésticos",high,
Pañal Natural Care Huggies Talla P 50 Unds,560,Bienes y Servicios Diversos,high,
Paño en Rollo Reutilizable Duramax Scott 3 Rollos de 58 Paños c/u,562,"Muebles, Bienes y Servicios Domésticos",high,
Pañuelo Facial Pocket Kids Kleenex 10 Unds,563,Bienes y Servicios Diversos,high,
Pañuelo Facial Junior Kids Kleenex 50 Unds,564,Bienes y Servicios Diversos,high,
Toallitas Húmedas Limpieza Total One&Done Huggies 240 Unds,565,Bienes y Servicios Diversos,high,
Protector Diario Ultraflexible Kotex 50 Unds,566,Bienes y Servicios Diversos,high,
Protector Diario Ultraflexible Kotex 150 Unds,567,Bienes y Servicios Diversos,high,
Toallitas Húmedas Limpieza Cotidiana Huggies 80 Unds,568,Bienes y Servicios Diversos,high,
Detergente Triple Protecci½n Ropa Oscura Woolite 900 Ml,57,"Muebles, Bienes y Servicios Domésticos",high,
Pañuelo Facial Original Mini Pocket Kleenex 10 Unds,570,Bienes y Servicios Diversos,high,
Toallitas Húmedas Limpieza Efectiva Huggies 120 Unds,571,Bienes y Servicios Diversos,high,
Toalla Femenina Ultrafina Sport Kotex 10 Unds,572,Bienes y Servicios Diversos,high,
Toalla Femenina Ultrafina Sport Kotex 16 Unds,573,Bienes y Servicios Diversos,high,
Toalla Femenina Ultrafina Sport Kotex 30 Unds,574,Bienes y Servicios Diversos,high,
Toalla Femenina Nocturna Ultrafina Dia y Noche Kotex 8 Unds,579,Bienes y Servicios Diversos,high,
Detergente Accion Instantanea Ace 800 Gr,58,"Muebles, Bienes y Servicios Domésticos",high,
Tampon Digital Medio Kotex 12 Unds,581,Bienes y Servicios Diversos,high,
Tampon Digital Super Kotex 12 Unds,582,Bienes y Servicios Diversos,high,
Pañuelo Facial Kleenex 40 Unds,583,Bienes y Servicios Diversos,high,
Toallitas Húmedas Limpieza EfectivaHuggies 192 Unds,585,Bienes y Servicios Diversos,high,
Pañal Pants Natural Care Huggies 48 Unds,586,Bienes y Servicios Diversos,high,
Pañal Active Sec Calzonsito Bid Kid Huggies Talla XXXG 36 Unds,587,Bienes y Servicios Diversos,high,
Pañal Plenitud Protect P/M 8 Unds,588,Bienes y Servicios Diversos,high,
Papel Toalla Calorie Absorb Scott 3 unid 60 Hojas,589,"Muebles, Bienes y Servicios Domésticos",high,
Toalla Femenina Normal Kotex 42 Unds,591,Bienes y Servicios Diversos,high,
Pañal Plenitud Protect P/M 20 Unds,592,Bienes y Servicios Diversos,high,
Pañal Plenitud Protect G/XG 20 Unds,593,Bienes y Servicios Diversos,high,
Pañal Plenitud Protect G/XG 8 Unds,594,Bienes y Servicios Diversos,high,
Pañal Natural Care Calzonsito Huggies Talla XXG 36 Unds,595,Bienes y Servicios Diversos,high,
Pañal Natural Care Calzonsito Huggies Talla G 50 Unds,596,Bienes y Servicios Diversos,high,
Pañal Natural Care Calzonsito Huggies Talla M 54 Unds,597,Bienes y Servicios Diversos,high,
Pañal Natural Care Calzonsito Huggies Talla XG 40 Unds,598,Bienes y Servicios Diversos,high,
Lavavajillas Naranja Mr Flash 1050 ml,6,"Muebles, Bienes y Servicios Domésticos",high,
Pañal Active Sec Xtra Flex Huggies Talla G 58 Unds,600,Bienes y Servicios Diversos,high,
Pañal Active Sec Xtra Flex Huggies Talla XG 48 Unds,601,Bienes y Servicios Diversos,high,
Pañal Active Sec Xtra Flex Huggies Talla XXG 44 Unds,602,Bienes y Servicios Diversos,high,
Practipañal Toalla para Incontinencia Plenitud Femme 10 Unds,603,Bienes y Servicios Diversos,high,
Pañal Active Sec Xtra Flex BigPack Huggies Talla G 80 Unds,605,Bienes y Servicios Diversos,high,
Pañal Active Sec Xtra Flex BigPack Huggies Talla XG 72 Unds,606,Bienes y Servicios Diversos,high,
Pañal Active Sec Xtra Flex BigPack Huggies Talla XXG 72 Unds,607,Bienes y Servicios Diversos,high,
Pañal Active Natural Care BigPack Huggies Talla G 76 Unds,608,Bienes y Servicios Diversos,high,
Pañal Active Natural Care BigPack Huggies Talla XG 68 Unds,609,Bienes y Servicios Diversos,high,
Detergente Vajillero Limon Archivos 1150 Ml,61,"Muebles, Bienes y Servicios Domésticos",high,
Pañal Active Natural Care BigPack Huggies Talla XXG 68 Unds,610,Bienes y Servicios Diversos,high,
Practipañal Toalla para Incontingencia Plenitud Femme 10 Unds,615,Bienes y Servicios Diversos,high,
Servilletas Super Absorbentes Grande Scott 100 Unds,616,"Muebles, Bienes y Servicios Domésticos",high,
Servilletas Super Absorbentes Scott 50 Unds,617,"Muebles, Bienes y Servicios Domésticos",high,
Papel Higiénico Cuidado Completo Scott 6 Rollos,618,Bienes y Servicios Diversos,low,
"Detergente Toque Suavecito Futuro Ola 1,7 Lt",62,"Muebles, Bienes y Servicios Domésticos",high,
Papel Higiénico Esencias Mega Rollo Scott 12 Rollos,620,Bienes y Servicios Diversos,high,
Papel Higienico Esencias Doble Hoja Scott 24 Unds,621,Bienes y Servicios Diversos,high,
Papel Higiénico Cuidado Completo Scott 32 Rollos,622,Bienes y Servicios Diversos,high,
Papel Toalla Multiusos Scott 3 unid 80 Hojas,623,"Muebles, Bienes y Servicios Domésticos",high,
Papel Toalla Multiusos Scott 1 unid 80 Hojas,624,"Muebles, Bienes y Servicios Domésticos",high,
Papel Toalla Multiusos Scott 2 unid 160 Hojas,625,"Muebles, Bienes y Servicios Domésticos",high,
Pañal Natural Care Prematuro Huggies 30 Unds,628,Bienes y Servicios Diversos,high,
"Detergente Lavado Completo Maquina Futuro Ola 1,7 Lt",63,"Muebles, Bienes y Servicios Domésticos",high,
Protector Diario para Incontinencia Plenitud Femme 8 Unds,630,Bienes y Servicios Diversos,high,
Pañal tipo ropa interior Plenitud Protect Plus P/M 16 Unds,634,Bienes y Servicios Diversos,high,
Pañal tipo ropa interior Plenitud Protect Plus G/XG 16 Unds,635,Bienes y Servicios Diversos,high,
Toallitas Húmedas Limpieza Efectiva Huggies 48 Unds,638,Bienes y Servicios Diversos,high,
Toallitas Húmedas Puro y Natural Huggies 48 Unds,639,Bienes y Servicios Diversos,high,
Detergente Delicada Pro Uno 1800 Ml,64,"Muebles, Bienes y Servicios Domésticos",high,
Detergente Liquido Limon Sapolio 1000 Ml,640,"Muebles, Bienes y Servicios Domésticos",high,
Detergente Liquido Flores Sapolio 1000 Ml,641,"Muebles, Bienes y Servicios Domésticos",high,
Detergente Liquido Flores Sapolio 2000 Ml,642,"Muebles, Bienes y Servicios Domésticos",high,
Suavizante Frescura Natural Amor 1000 Ml,643,"Muebles, Bienes y Servicios Domésticos",high,
Detergente Afloja Manchas Cuellos y Puños Gatillo Amor 670 Ml,644,"Muebles, Bienes y Servicios Domésticos",high,
Detergente Clasico Woolite 1000 Ml,646,"Muebles, Bienes y Servicios Domésticos",high,
Detergente Woolite Ropa Oscura Woolite 1000 Ml,647,"Muebles, Bienes y Servicios Domésticos",high,
Detergente Clasico Doypack Woolite 900Ml,648,"Muebles, Bienes y Servicios Domésticos",high,
Detergente Bebe Doypack Woolite 900Ml,649,"Muebles, Bienes y Servicios Domésticos",high,
Detergente Clasico Doypack Woolite 450Ml,650,"Muebles, Bienes y Servicios Domésticos",high,
Detergente Seda y Lana Doypack Woolite 450 Ml,651,"Muebles, Bienes y Servicios Domésticos",high,
Plancha Facil Robin Apresto Doypack 500 Ml,652,"Muebles, Bienes y Servicios Domésticos",high,
Plancha Facil Robin Apresto Gatillo 500 Ml,653,"Muebles, Bienes y Servicios Domésticos",high,
Suavizante Aroma Bebe Amor 1000 Ml,654,"Muebles, Bienes y Servicios Domésticos",high,
Suavizante Lavanda Amor 1900 Ml,655,"Muebles, Bienes y Servicios Domésticos",high,
Aceite de Oliva Extra Virgen Cocinero 250 Ml,657,Alimentos y Bebidas No Alcohólicas,high,
Aceite de Oliva Extra Virgen Cocinero 500 Ml,658,Alimentos y Bebidas No Alcohólicas,high,
Detergente en Polvo Original Omo 2 Kg,66,"Muebles, Bienes y Servicios Domésticos",high,
Aceite de Oliva Carbonell Lata 500 Ml,660,Alimentos y Bebidas No Alcohólicas,high,
Aceite de Oliva Virgen Extra Carbonell 500 Ml,661,Alimentos y Bebidas No Alcohólicas,high,
Aceite de Oliva Virgen Extra Mezquita Vidrio Carbonell 750 ML.,662,Alimentos y Bebidas No Alcohólicas,high,
Endulzante Sin Calorias Equal 200 Sobres,663,Alimentos y Bebidas No Alcohólicas,high,
Endulzante Sin Calorias Equal 500 Sobres,664,Alimentos y Bebidas No Alcohólicas,high,
Endulzante Equal Sweet Stevia 50 Sobres,666,Alimentos y Bebidas No Alcohólicas,high,
Endulzante Clasico Sucaryl 100 Sobres,667,Alimentos y Bebidas No Alcohólicas,high,
Enduzanate Sucralosa Sucaryl 100 Sobres,668,Alimentos y Bebidas No Alcohólicas,high,
Enulzante Clasico Sucaryl Frasco 180 Ml,669,Alimentos y Bebidas No Alcohólicas,high,
Enulzante Clasico Sucaryl Frasco 360 Ml,670,Alimentos y Bebidas No Alcohólicas,high,
Endulzante Sucralosa Sucaryl 180 Ml,671,Alimentos y Bebidas No Alcohólicas,high,
Aceituna Verde Sachet Cebila 100 Gr,672,Alimentos y Bebidas No Alcohólicas,high,
Aceituna Descarozada Cebila 150 Gr,673,Alimentos y Bebidas No Alcohólicas,high,
Aceituna Rellena Cebila 200 Gr,674,Alimentos y Bebidas No Alcohólicas,high,
Atun Lomito al Agua Real 354 Gr,675,Alimentos y Bebidas No Alcohólicas,high,
Atun Lomito en Oliva Real 160 Gr,676,Alimentos y Bebidas No Alcohólicas,high,
Atun Ensalada Mexicana Real 174 Gr,677,Alimentos y Bebidas No Alcohólicas,high,
Atun Ensalada California Real 174 Gr,678,Alimentos y Bebidas No Alcohólicas,high,
Atun Grated en Agua Aceite Real 185 Gr,679,Alimentos y Bebidas No Alcohólicas,high,
Desinfectante de Ambiente Original Lysoform 360 Cm3,68,"Muebles, Bienes y Servicios Domésticos",high,
Cafe Frasco Clasico Iguaçu 100 Gr,680,Alimentos y Bebidas No Alcohólicas,high,
Cafe Gourtmet Iguaçu 50 Gr,681,Alimentos y Bebidas No Alcohólicas,high,
Cafe Tradicional Tres Corazones 250 Gr,682,Alimentos y Bebidas No Alcohólicas,high,
Cafe Extra Forte Tres Corazones 250 Gr,683,Alimentos y Bebidas No Alcohólicas,high,
Cafe Premium Tres Corazones 500 Gr,684,Alimentos y Bebidas No Alcohólicas,high,
Cafe Capuccino Clasico Sachet Tres Corazones 200 Gr,685,Alimentos y Bebidas No Alcohólicas,high,
Cereal Copos de Maiz Azucarados Granix 300 Gr,686,Alimentos y Bebidas No Alcohólicas,high,
Cereal Copos de Maiz Granix 200 Gr,687,Alimentos y Bebidas No Alcohólicas,high,
Cereal Copichoc Granix 400 Gr,688,Alimentos y Bebidas No Alcohólicas,high,
Cereal Anillos Frutados Granix 190 Gr,689,Alimentos y Bebidas No Alcohólicas,high,
Desinfectante Blanqueador Clorito Ola 1 Ll,69,"Muebles, Bienes y Servicios Domésticos",high,
Ceral Fibra Total Pasas Granix 200 Gr,690,Alimentos y Bebidas No Alcohólicas,high,
Dulce de Leche Tradicional Sancor 250 Gr,691,Alimentos y Bebidas No Alcohólicas,high,
Galleta Salvado Granix 135 Gr,692,Alimentos y Bebidas No Alcohólicas,high,
Galletas Sesamo Granix 185 Gr,693,Alimentos y Bebidas No Alcohólicas,high,
Galleta Lino Granix 185 Gr,694,Alimentos y Bebidas No Alcohólicas,high,
Waffers Frutilla Bauducco 140 Gr,695,Alimentos y Bebidas No Alcohólicas,high,
Waffers Vainilla Bauducco 140 Gr,696,Alimentos y Bebidas No Alcohólicas,high,
Waffers Six Pack Fresa Bauducco 30 Gr,697,Alimentos y Bebidas No Alcohólicas,high,
Lavavajilla Limocitron Bristar 1050 ml,7,"Muebles, Bienes y Servicios Domésticos",high,
Detergente Polvo Limon Omo 2 Kg,70,"Muebles, Bienes y Servicios Domésticos",high,
Budin Marmolado Bauducco 200 Gr,700,Alimentos y Bebidas No Alcohólicas,high,
Budin Gotas de Chocolate Bauducco 200 Gr,701,Alimentos y Bebidas No Alcohólicas,high,
Galletas Cookie Original Bauducco 100 Gr,703,Alimentos y Bebidas No Alcohólicas,high,
Galleras Cookie Chocolate Bauducco 100 Gr,704,Alimentos y Bebidas No Alcohólicas,high,
Galleta Frutigran Avena y Frutos Rojos Granix 250 Gr,706,Alimentos y Bebidas No Alcohólicas,high,
Galleta Frutigran Tropical Granix 250 Gr,707,Alimentos y Bebidas No Alcohólicas,high,
Galleta Frutigran Avena y pasas Granix 250 Gr,708,Alimentos y Bebidas No Alcohólicas,high,
Galleta Coco Granovita Granix 140 Gr,709,Alimentos y Bebidas No Alcohólicas,high,
Detergente con Toque Downy Ariel 2 Kg,71,"Muebles, Bienes y Servicios Domésticos",high,
Galleta Fiesta Surtidas Granix 350 Gr,710,Alimentos y Bebidas No Alcohólicas,high,
Fideos Fetuccine Matarazzo 500 Gr,711,Alimentos y Bebidas No Alcohólicas,high,
Fideo Mostachol Matarazzo 500 Gr,714,Alimentos y Bebidas No Alcohólicas,high,
Fideo Espiral Tirabuzon Matarazzo 500 Gr,715,Alimentos y Bebidas No Alcohólicas,high,
Fideos Mostacho 3 Vegetales Matarazzo 500 Gr,716,Alimentos y Bebidas No Alcohólicas,high,
Salsa Teriyaki Mccormick 148 Ml,717,Alimentos y Bebidas No Alcohólicas,high,
Salsa Cilantro y Limon Mccormick 148 Ml,718,Alimentos y Bebidas No Alcohólicas,high,
Salsa de Ajo y Cebolla Mccormick 148 Ml,719,Alimentos y Bebidas No Alcohólicas,high,
Salsa Soja Light Reducida en Sodio Sakura 150 Ml,721,Alimentos y Bebidas No Alcohólicas,high,
Salsa Soja Tradicional Sakura 500 Ml,722,Alimentos y Bebidas No Alcohólicas,high,
Salsa de Aji Picante Kenko 150 Ml,723,Alimentos y Bebidas No Alcohólicas,high,
Salsa de Ajo Kenko150 Ml,724,Alimentos y Bebidas No Alcohólicas,high,
Salsa Inglesa Kenko 150 Ml,725,Alimentos y Bebidas No Alcohólicas,high,
Salsa de Soja Light Reducida en Sodio Sakura 1000 Ml,727,Alimentos y Bebidas No Alcohólicas,high,
Sal con Ajo Maccormick 135 Gr,728,Alimentos y Bebidas No Alcohólicas,high,
Sal con Cebolla Mccormick 53 Gr,729,Alimentos y Bebidas No Alcohólicas,high,
Suavizante Clasico Omo 2 Kg,73,"Muebles, Bienes y Servicios Domésticos",high,
Pimienta Negra Molida Maccormick 57 Gr,730,Alimentos y Bebidas No Alcohólicas,high,
Ajo Molido Pet Maccormick 82 Gr,731,Alimentos y Bebidas No Alcohólicas,high,
Paprika Maccormick 53 Gr,732,Alimentos y Bebidas No Alcohólicas,high,
Canela Molida Maccormick 25 Gr,733,Alimentos y Bebidas No Alcohólicas,high,
Mezcla Sazonada Empamix Pollo Maccormick 60 Gr,734,Alimentos y Bebidas No Alcohólicas,high,
Ambientador Aroma Lavanda Herbal Poett 360 Ml,735,"Muebles, Bienes y Servicios Domésticos",high,
Ambientador Bebe Poett 360 Ml,736,"Muebles, Bienes y Servicios Domésticos",high,
Ambientador Espiritu Joven Poett 360 Ml,737,"Muebles, Bienes y Servicios Domésticos",high,
Aparato Automatico Citrico Air Wick 250 Ml,738,"Muebles, Bienes y Servicios Domésticos",high,
Suavizante para Ropa Tradicional Borita 900 Cm3,74,"Muebles, Bienes y Servicios Domésticos",high,
Ambientador en Aerosol Matic Magnolia y Cherry Refill Air Wick 250 Ml,742,"Muebles, Bienes y Servicios Domésticos",high,
Ambientador Aerosol Lavanda Glade 360 Ml,743,"Muebles, Bienes y Servicios Domésticos",high,
Ambientador Aerosol Caricias de Bebe Glade 360 Ml,744,"Muebles, Bienes y Servicios Domésticos",high,
Abrillantador Lavavajillas Brillo Finish 400 Ml,745,"Muebles, Bienes y Servicios Domésticos",high,
Creama Brillametal Brasso Negro 70 Gr,746,"Muebles, Bienes y Servicios Domésticos",high,
Desinfectante Bebe Lysoform 360 Ml,747,"Muebles, Bienes y Servicios Domésticos",high,
Lustramuebles Lavanda en Spray Sapolio 360 Ml,748,"Muebles, Bienes y Servicios Domésticos",high,
Lustramuebles Crema Lavanda Sapolio 300 Ml,749,"Muebles, Bienes y Servicios Domésticos",high,
"Suavizante Suavecito para Ropa Original Ola 1,7 Lt",75,"Muebles, Bienes y Servicios Domésticos",high,
Limpiador Lavanda con Ph Neutro Poett 900 Ml,751,"Muebles, Bienes y Servicios Domésticos",high,
Limpiador Solo Para Ti Poett 900 Ml,752,"Muebles, Bienes y Servicios Domésticos",high,
Limpiador Solo Para Ti Poett 1800 Ml,753,"Muebles, Bienes y Servicios Domésticos",high,
Limpiador Poett Love Evolution 4000 Ml,755,"Muebles, Bienes y Servicios Domésticos",high,
Limpiador Limpiatodo Orquidea Sapolio 1800Ml,758,"Muebles, Bienes y Servicios Domésticos",high,
Quita Manchas Oxi Action Vanish 450 Gr,76,"Muebles, Bienes y Servicios Domésticos",high,
Limpiador Procenex Diluible Pino 900 Ml,760,"Muebles, Bienes y Servicios Domésticos",high,
Limpiador Procenex Diluible Lavanda 900 Ml,761,"Muebles, Bienes y Servicios Domésticos",high,
Limpiador Procenex Diluible Bebe 900 Ml,762,"Muebles, Bienes y Servicios Domésticos",high,
Limpiador Procenex Blanco Original 900 Ml,763,"Muebles, Bienes y Servicios Domésticos",high,
Limpiador Procenex Gold Baño DoyPack 420 Ml,764,"Muebles, Bienes y Servicios Domésticos",high,
Limpiador Procenex Gold Baño Gatillo 500 Ml,765,"Muebles, Bienes y Servicios Domésticos",high,
Limpiador para Baño Extra Fuerte Harpic 500 Ml,766,"Muebles, Bienes y Servicios Domésticos",high,
Limpiador para Baño Power Plus Harpic 500 Ml,767,"Muebles, Bienes y Servicios Domésticos",high,
Limpiador de Inodoro Frescura Floral Harpic 500 Ml,768,"Muebles, Bienes y Servicios Domésticos",high,
Quitamanchas Vanish Rosa DoyPack 650 Ml,769,"Muebles, Bienes y Servicios Domésticos",high,
Quitamanchas Liquido + Blanqueador Doy Pack Vanish 400 Gr,77,"Muebles, Bienes y Servicios Domésticos",high,
Quitamanchas Vanish Prelavado Gatillo Blanco 500 Ml,770,"Muebles, Bienes y Servicios Domésticos",high,
Quitamanchas Vanish Prelavado Power Gel 200 Ml,771,"Muebles, Bienes y Servicios Domésticos",high,
Quitamanchas Vanish Rosa Polvo 900 Gr,772,"Muebles, Bienes y Servicios Domésticos",high,
Betun Negro Nugget 65 Gr,773,Prendas de Vestir y Calzados,high,
Guante Negro y Amarillo T7 Master Unidad,774,"Muebles, Bienes y Servicios Domésticos",high,
Guante Azul T7 1/2 Master Unidad,775,"Muebles, Bienes y Servicios Domésticos",high,
Guante Amarillo T7 1/2 M Master Unidad,776,"Muebles, Bienes y Servicios Domésticos",high,
Guante Naranja T7 1/2 Master Unidad,777,"Muebles, Bienes y Servicios Domésticos",high,
Compota Durazno Baby Alpina 113 Gr,778,Alimentos y Bebidas No Alcohólicas,high,
Compota Manzana Baby Alpina 113Gr,779,Alimentos y Bebidas No Alcohólicas,high,
Quita Manchas Seguro Multi Power Oxi Action Vanish 450 Gr,78,"Muebles, Bienes y Servicios Domésticos",high,
Compota Pera Baby Alpina 113 Gr,780,Alimentos y Bebidas No Alcohólicas,high,
Compota Mango Alpina113 Gr,781,Alimentos y Bebidas No Alcohólicas,high,
Emulsionado Bbyl Neutro Babyland 410 Ml,782,Bienes y Servicios Diversos,high,
Colonia Bbyl Verde Babyland 210 Ml,784,Bienes y Servicios Diversos,high,
Talco Bbyl Babyland 200 Gr,785,Bienes y Servicios Diversos,high,
Estuche Bbyl Pink Babyland,786,Bienes y Servicios Diversos,high,
Shampoo Bbyl Neutro Evita Lagrimas Babyland 700 Ml,787,Bienes y Servicios Diversos,high,
Shampoo Bbyl Manzanilla Babyland 410 Ml,788,Bienes y Servicios Diversos,high,
Enjuague Bucal Menta Natural Dento 250 Ml,789,Bienes y Servicios Diversos,high,
Quita Manchas Liquido Color Protec Doy Pack Vanish 400 Gr,79,"Muebles, Bienes y Servicios Domésticos",high,
Enjuague Bucal Total 12 Horas Dento 500 Ml,790,Bienes y Servicios Diversos,high,
Jaboncillo Glicerina Amarillo Mar 125 Gr,794,Bienes y Servicios Diversos,high,
Bandas de Cera Depiladora Piel Normal Veet 8 Unds,795,Bienes y Servicios Diversos,high,
Talco Antibacterial Con Triclosan Cero 120 Gr,796,Bienes y Servicios Diversos,high,
Talco Antibacterial Triclosan y Mnetol Fresh Cero 120 Gr,797,Bienes y Servicios Diversos,high,
Shampoo Leche de Coco Bio Cabello Seco y Opaco Familiand 750 Ml,798,Bienes y Servicios Diversos,high,
Sacagrasa con Gatillo Salpolio 650 ml,8,"Muebles, Bienes y Servicios Domésticos",high,
Jabon Bebe Bolivar 210 Gr,80,"Muebles, Bienes y Servicios Domésticos",high,
Acondicionador Leche de Coco Bio Familiand 750 Ml,800,Bienes y Servicios Diversos,high,
Crema Depiladora Piel Normal Veet 100 Ml,801,Bienes y Servicios Diversos,high,
Crema Depiladora para Piel Sensible Veet 100 Ml,802,Bienes y Servicios Diversos,high,
Gel Lubricante Intimo Ky 100 Gr,805,Bienes y Servicios Diversos,high,
Manteca Clasica Libre de Gluten Sancor 100 Gr,806,Alimentos y Bebidas No Alcohólicas,high,
Manteca Clasica Libre de Gluten Sancor 200 Gr,807,Alimentos y Bebidas No Alcohólicas,high,
Vino Tinto Gran Medalla Cabernet S. Trapiche 750 Ml,809,Bebidas Alcohólicas y Tabaco,high,
Jabon Blanco Bolivar 210 Gr,81,"Muebles, Bienes y Servicios Domésticos",high,
Vino Tinto Fond de Cave Gran Reserva Malbec Trapiche 750 Ml,810,Bebidas Alcohólicas y Tabaco,high,
Vino Tinto Reserva Syrah Fond Cave Trapiche 750 Ml,811,Bebidas Alcohólicas y Tabaco,high,
Vino Tinto Merlot Trapiche Mendoza 750 Ml,813,Bebidas Alcohólicas y Tabaco,high,
Vino Tinto Syrah Trapiche 750 Ml,814,Bebidas Alcohólicas y Tabaco,high,
Vino Tinto Malbec Benjamin Nieto S. 750 Ml,817,Bebidas Alcohólicas y Tabaco,high,
Vino Tinto Pure Malbec Trapiche 750 Ml,818,Bebidas Alcohólicas y Tabaco,high,
Jabon Flora Bolivar 250 Gr,82,"Muebles, Bienes y Servicios Domésticos",high,
Vino Blanco Astica Sauvignon Blanc Semillon Trapiche 750 Ml,823,Bebidas Alcohólicas y Tabaco,high,
Cerveza en Lata Ipa Bendita 350 Ml,825,Bebidas Alcohólicas y Tabaco,high,
Six Pack Ipa Bendita 350 Ml,828,Bebidas Alcohólicas y Tabaco,high,
Alimento para Cachorro PedIgree 1.5 Kg,830,Recreación y Cultura,high,
Alimento para Adulto PedIgree 3 Kg,831,Recreación y Cultura,high,
Alimento para Mascotas Razas Pequeñas PedIgree 1.5 Kg,832,Recreación y Cultura,high,
Alimento para Gatito Carne Whiskas 85 Gr,835,Recreación y Cultura,high,
Alimento para Mascota Adulto Sabor Salmon Whiskas 85 Gr,836,Recreación y Cultura,high,
Alimento para Gatitos Soufle de Carne Whiskas 85 Gr,837,Recreación y Cultura,high,
Alimento para Gatito Carne y Leche Whiskas 500 Gr,838,Recreación y Cultura,high,
Alimento para Mascota Adulto Carne Whiskas 1 Kg,839,Recreación y Cultura,high,
Jabon Liquido Omo 3 Lt,84,"Muebles, Bienes y Servicios Domésticos",high,
Alimento para Mascota Adulto Pollo Y Leche Whiskas 500 Gr,840,Recreación y Cultura,high,
Alimento para Mascota Adulto Pescado Whiskas 1 Kg,841,Recreación y Cultura,high,
Alimento para Mascota Adulto Pescado Whiskas 3 Kg,842,Recreación y Cultura,high,
Alimento para Mascota Adulto Carne Whiskas 10 Kg,843,Recreación y Cultura,high,
Alimento para Mascota Adulto Pescado Whiskas 10 Kg,844,Recreación y Cultura,high,
Jabon Corporal Liquido Dermoprotector Aval 400 Ml,845,Bienes y Servicios Diversos,high,
Jabon Corporal Liquido Regenerador Aval 400 Ml,846,Bienes y Servicios Diversos,high,
Vinagre Balsamico Carbonell 250 Ml,847,Alimentos y Bebidas No Alcohólicas,high,
Vinagre Tinto Carbonell 250 Ml,848,Alimentos y Bebidas No Alcohólicas,high,
Tholem Jamon Serrano Sancor 190 Gr,849,Alimentos y Bebidas No Alcohólicas,high,
Bolsa Basurera 60 cm x 63 cm Ola 10 Unds,85,"Muebles, Bienes y Servicios Domésticos",high,
Queso Rallado Reggianito Sancor 40Gr Caja 160 Unds,850,Alimentos y Bebidas No Alcohólicas,high,
Queso Dambo Quesabores Sancor 180 Gr,851,Alimentos y Bebidas No Alcohólicas,high,
Queso Corazon de Horma Reggianito Sancor 230Gr,852,Alimentos y Bebidas No Alcohólicas,high,
Requeson Tholem 4 Quesos Sancor 190Gr,853,Alimentos y Bebidas No Alcohólicas,high,
Limpiador en Espuma Tuff Stuff STP 623 Ml,854,Transporte,high,
Limpia Inyectores Negro STP 155 Ml,855,Transporte,high,
Shampoo con Cera Sapolio 500 Ml,857,Transporte,high,
Limpia Tapiz Gatillo STP 670 Ml,858,Transporte,high,
Renovador Llantas Spray STP 360Ml,859,Transporte,high,
Bolsa Rayada 60 cm x 80 cm Belen 25 Unds,86,"Muebles, Bienes y Servicios Domésticos",high,
Limpiaparabrisas Sapolio 900 Ml,860,Transporte,high,
Silicona Gatillo STP 473 Ml,861,Transporte,high,
Silicona Spray Armor All 118 Ml,862,Transporte,high,
Silicona Spray Armor All New Car 295 Ml,863,Transporte,high,
Silicona Gatillo Sapolio 670 Ml,865,Transporte,high,
Silicona Spray Sapolio 360 Ml,866,Transporte,high,
Barra de Chocolate Snickers Original Mars 58.7 Gr,869,Alimentos y Bebidas No Alcohólicas,high,
Guantes Multiuso Scotch Brite M7 de 7 1/2,87,"Muebles, Bienes y Servicios Domésticos",high,
Chocolate M & M S Plain Mars 47.9 Gr,870,Alimentos y Bebidas No Alcohólicas,high,
Chocolate M & M S Peanut Mars 49.3 Gr,871,Alimentos y Bebidas No Alcohólicas,high,
Chocolate M & M S Minis Mars 30.6 Gr,872,Alimentos y Bebidas No Alcohólicas,high,
Barra de Chocolate con Caramelo Twix Mars 50.7 Gr,873,Alimentos y Bebidas No Alcohólicas,high,
Chocolate Snickers Mini Mars 124.7 Gr,874,Alimentos y Bebidas No Alcohólicas,high,
Tableta Castaña Caju Garoto 90 Gr,877,Alimentos y Bebidas No Alcohólicas,high,
Tableta Talento Semi Amargo con Almendras Garoto 90 Gr,879,Alimentos y Bebidas No Alcohólicas,high,
Guantes Antibacterial Talla M Ola Par,88,"Muebles, Bienes y Servicios Domésticos",high,
Baton chocolate con Leche Garoto 16 Gr,880,Alimentos y Bebidas No Alcohólicas,high,
Baton Chocolate con Leche Relleno Frutilla Garoto 16 Gr,881,Alimentos y Bebidas No Alcohólicas,high,
Gomitas Haribo Goldbears 80 Gr,882,Alimentos y Bebidas No Alcohólicas,high,
Gomitas Haribo Worms 80 Gr,883,Alimentos y Bebidas No Alcohólicas,high,
Gomitas Masticables Goldbears Haribo 150 Gr.,884,Alimentos y Bebidas No Alcohólicas,high,
Gomitas Haribo Happy Cola 150 Gr,885,Alimentos y Bebidas No Alcohólicas,high,
Chicle de menta sin Azucar Orbit Wrigley 26.6 Gr,886,Alimentos y Bebidas No Alcohólicas,high,
Chicle Orbit Peppermint Wrigley 26.6 Gr,887,Alimentos y Bebidas No Alcohólicas,high,
Chicle Orbit Bubblemint WrigleyS 26.6 Gr,888,Alimentos y Bebidas No Alcohólicas,high,
Chicle WrigleyS Double Mint 13.5 Gr,889,Alimentos y Bebidas No Alcohólicas,high,
Palo Trapeador Movica Unidad,89,"Muebles, Bienes y Servicios Domésticos",high,
Chicle WrigleyS Juice Fruit 13.5 Gr,890,Alimentos y Bebidas No Alcohólicas,high,
Chicle WrigleyS Big Red 13.5 Gr,891,Alimentos y Bebidas No Alcohólicas,high,
Confites Masticables Skittles Original Wrigley 61.5 Gr,892,Alimentos y Bebidas No Alcohólicas,high,
Confites Masticables Skittles Wild Berry Wrigley 58.7 Gr,893,Alimentos y Bebidas No Alcohólicas,high,
Confites Masticables Starburst Original Wrigley 58.7 Gr,894,Alimentos y Bebidas No Alcohólicas,high,
Leche Evaporada Bella Holandesa 410 Gr,895,Alimentos y Bebidas No Alcohólicas,high,
Leche Condensada Bella Holandesa 78 Gr,896,Alimentos y Bebidas No Alcohólicas,high,
Chupete Bon Bon Bum Surtido Colombina 24 Unds,897,Alimentos y Bebidas No Alcohólicas,high,
Chupete Bon Bon Bum Fresa Colombina 24 Unds,898,Alimentos y Bebidas No Alcohólicas,high,
Chupete Bon Bon Bum Sandia Colombina 24 Unds,899,Alimentos y Bebidas No Alcohólicas,high,
Antigrasa con Gatillo Ola 830 ml,9,"Muebles, Bienes y Servicios Domésticos",high,
Escoba Dolly Scotch Brite Unidad,90,"Muebles, Bienes y Servicios Domésticos",high,
Atun en Agua Nutregal Van Camps 3X80 Gr,900,Alimentos y Bebidas No Alcohólicas,high,
Salsa Roja Don Vittorio 400 Gr,901,Alimentos y Bebidas No Alcohólicas,high,
Fideo Linguinni Grosso Don Vittorio 400 Gr,902,Alimentos y Bebidas No Alcohólicas,high,
Salsa Roja Don Vittorio 200 Gr,903,Alimentos y Bebidas No Alcohólicas,high,
Fideo Fettuccine Don Vittorio 400 Gr,904,Alimentos y Bebidas No Alcohólicas,high,
Jabon Antibacterial Bolivar 210 Gr,905,"Muebles, Bienes y Servicios Domésticos",high,
Detergente en Polvo Floral Uno 800 Gr,906,"Muebles, Bienes y Servicios Domésticos",high,
Detergente en Polvo Frescura Limón Uno 800 Gr,908,"Muebles, Bienes y Servicios Domésticos",high,
Fideo Spaghetti Nutregal 400 Gr,909,Alimentos y Bebidas No Alcohólicas,high,
Recogedor de Basura con Mango Movica Unidad,91,"Muebles, Bienes y Servicios Domésticos",high,
Fideo Corbata Grande Nutregal 400 Gr,910,Alimentos y Bebidas No Alcohólicas,high,
Fideo Canuto Chico Nutregal 400 Gr,911,Alimentos y Bebidas No Alcohólicas,high,
Fideo Codo Rayado Nutregal 400 Gr,912,Alimentos y Bebidas No Alcohólicas,high,
Fideo Rigatoni Nutregal 400 Gr,913,Alimentos y Bebidas No Alcohólicas,high,
Fideo Anillo Nutregal 400 Gr,914,Alimentos y Bebidas No Alcohólicas,high,
Fideo Macarron Nutregal 400 Gr,915,Alimentos y Bebidas No Alcohólicas,high,
Fideo Letra Y Numero Nutregal 400 Gr,916,Alimentos y Bebidas No Alcohólicas,high,
Fideo Caracol Chico Nutregal 400 Gr,917,Alimentos y Bebidas No Alcohólicas,high,
Fideo Tallarin Nutregal 400 Gr,918,Alimentos y Bebidas No Alcohólicas,high,
Fideo Corbata Chica Nutregal 400 Gr,919,Alimentos y Bebidas No Alcohólicas,high,
Galleta Opera Bagley 92 Gr,92,Alimentos y Bebidas No Alcohólicas,high,
Fideo Tornillo Nutregal 400 Gr,920,Alimentos y Bebidas No Alcohólicas,high,
Detergente Matic Bolivar 2 Kg,921,"Muebles, Bienes y Servicios Domésticos",high,
Detergente Matic Bolivar 700 Gr,922,"Muebles, Bienes y Servicios Domésticos",high,
Detergente Suavizante Bolivar 700 Gr,923,"Muebles, Bienes y Servicios Domésticos",high,
Detergente Suavizante Bolivar 2.00 Kg,924,"Muebles, Bienes y Servicios Domésticos",high,
Detergente Floral Bolivar 700 Gr,925,"Muebles, Bienes y Servicios Domésticos",high,
Detergente Limón Bolivar 700 Gr,926,"Muebles, Bienes y Servicios Domésticos",high,
Detergente Floral Bolivar 2 Kg,927,"Muebles, Bienes y Servicios Domésticos",high,
Detergente Floral Bolivar 3.8 Kg,928,"Muebles, Bienes y Servicios Domésticos",high,
Detergente Limón Bolivar 2 Kg,929,"Muebles, Bienes y Servicios Domésticos",high,
Sopa de pollo Maruchan 64 Gr,93,Alimentos y Bebidas No Alcohólicas,high,
Detergente Limón Bolivar 3.8 Kg,930,"Muebles, Bienes y Servicios Domésticos",high,
Jabon Uno Blancos Brillantes Uno 210 Gr,931,"Muebles, Bienes y Servicios Domésticos",high,
Jabon Limon Uno 210 Gr,932,"Muebles, Bienes y Servicios Domésticos",high,
Jabon Delicada Uno 210 Gr,933,"Muebles, Bienes y Servicios Domésticos",high,
Fideo Espirales Don Vittorio 400 Gr,935,Alimentos y Bebidas No Alcohólicas,high,
Fideo Cabello de Angel Don Vittorio 400 Gr,936,Alimentos y Bebidas No Alcohólicas,high,
Fideo Corbata Chica Don Vittorio 400 Gr,937,Alimentos y Bebidas No Alcohólicas,high,
Fideo Corbata Grande Don Vittorio 400 Gr,938,Alimentos y Bebidas No Alcohólicas,high,
Fideo Canuto Chico Don Vittorio 400 Gr,939,Alimentos y Bebidas No Alcohólicas,high,
Sopa de Pollo Maruchan 85 Gr,94,Alimentos y Bebidas No Alcohólicas,high,
Fideo Codo Rayado Don Vittorio 400 Gr,940,Alimentos y Bebidas No Alcohólicas,high,
Aceite Sabrosa Vegetal 1.800 Ml,941,Alimentos y Bebidas No Alcohólicas,high,
Aceite Sabrosa Light 1.800 Ml,942,Alimentos y Bebidas No Alcohólicas,high,
Sardina Ovalada en Salsa de Tomate Sabrosa 425 Gr,943,Alimentos y Bebidas No Alcohólicas,high,
Sardina en Salsa de Tomate Sabrosa 425 Gr,944,Alimentos y Bebidas No Alcohólicas,high,
Aceite Fino Vegetal 900 Ml,945,Alimentos y Bebidas No Alcohólicas,high,
Mantequilla Margarina Regia 850 Gr,946,Alimentos y Bebidas No Alcohólicas,high,
Aceite Fino Mental Activ 900 Ml,947,Alimentos y Bebidas No Alcohólicas,high,
Detergente Líquido Blancos Extremos Uno Pro 900 Ml,948,"Muebles, Bienes y Servicios Domésticos",high,
Detergente Líquido Blancos Extremos Uno Pro 1.800 Ml,949,"Muebles, Bienes y Servicios Domésticos",high,
Sopa Criolla Sabor Costilla Maggi 12 Gr,95,Alimentos y Bebidas No Alcohólicas,high,
Detegente Líquido Protección Color Uno Pro 900 Ml,950,"Muebles, Bienes y Servicios Domésticos",high,
Detergente Líquido Protección Color Uno Pro 1.800 Ml,951,"Muebles, Bienes y Servicios Domésticos",high,
Suavizante Caricias Azul Cielo Uno 900 Ml,953,"Muebles, Bienes y Servicios Domésticos",high,
Suavizante Caricias Azul Cielo Uno 1.800 Ml,954,"Muebles, Bienes y Servicios Domésticos",high,
Suavizante Caricias Frescura De Verano Uno 900 Ml,955,"Muebles, Bienes y Servicios Domésticos",high,
Suavizante Caricias Frescura De Verano Uno 1.800 Ml,956,"Muebles, Bienes y Servicios Domésticos",high,
Suavizante Caricias Nubes Blancas Uno 900 Ml,957,"Muebles, Bienes y Servicios Domésticos",high,
Suavizante Caricias Nubes Blancas Uno 1.800 Ml,958,"Muebles, Bienes y Servicios Domésticos",high,
Sopa Criolla Sabor Gallina con Fideos Maggi 12 Gr,96,Alimentos y Bebidas No Alcohólicas,high,
Suavizante Caricias Brisa De Primavera Uno 1.800 Ml,960,"Muebles, Bienes y Servicios Domésticos",high,
Detergente Líquido Ropa Negra Uno Pro 1.800 Ml,962,"Muebles, Bienes y Servicios Domésticos",high,
Acondicionador Brillo Plusbelle 1 Lt,963,Bienes y Servicios Diversos,high,
Acondicionador Frescura Plusbelle 1 Lt,964,Bienes y Servicios Diversos,high,
Acondicionador Suavidad Plusbelle 1 Lt,965,Bienes y Servicios Diversos,high,
Acondicionador Nutrición Plusbelle 1 Lt,966,Bienes y Servicios Diversos,high,
Acondicionador Antioxidante Plusbelle 1 Lt,967,Bienes y Servicios Diversos,high,
Shampoo Brillo Plusbelle 1 Lt,968,Bienes y Servicios Diversos,high,
Shampoo Frescura Plusbelle 1 Lt,969,Bienes y Servicios Diversos,high,
Crema de Esparragos Maggi 66 Gr,97,Alimentos y Bebidas No Alcohólicas,high,
Shampoo Suavidad y Cuidado Plusbelle 1 Lt,970,Bienes y Servicios Diversos,high,
Shampoo Hidratación Plusbelle 1 Lt,971,Bienes y Servicios Diversos,high,
Shampoo Antioxidante Plusbelle 1 Lt,972,Bienes y Servicios Diversos,high,
Shampoo Detox Plusbelle 1 Lt,973,Bienes y Servicios Diversos,high,
Acondicionador Detox Plusbelle 1 Lt,974,Bienes y Servicios Diversos,high,
Shampoo Protección Plusbelle 1 Lt,975,Bienes y Servicios Diversos,high,
Acondicionador Protección Plusbelle1 Lt,976,Bienes y Servicios Diversos,high,
Shampoo Kids Fuerza Plusbelle 750 Ml,977,Bienes y Servicios Diversos,high,
Acondicionador Kids Fuerza Plusbelle 750 Ml,979,Bienes y Servicios Diversos,high,
Crema de Pollo Maggi 64 Gr,98,Alimentos y Bebidas No Alcohólicas,high,
Jaboncillo Tripack Frescura Plusbelle 3X125 Gr,981,Bienes y Servicios Diversos,high,
Jaboncillo Tripack Relajación Plusbelle 3X125 Gr,982,Bienes y Servicios Diversos,high,
Jaboncillo Tripack Nutrición Plusbelle 3X125 Gr,983,Bienes y Servicios Diversos,high,
Jaboncillo Radiante Plusbelle 125 Gr,985,Bienes y Servicios Diversos,high,
Jaboncillo Humectación Plusbelle 125 Gr,986,Bienes y Servicios Diversos,high,
Jaboncillo Frescura Plusbelle 125 Gr,987,Bienes y Servicios Diversos,high,
Jaboncillo Energia Plusbelle 125 Gr,988,Bienes y Servicios Diversos,high,
Jaboncillo Relajación Plusbelle 125 Gr,990,Bienes y Servicios Diversos,high,
Sal Lobos Fina 1 Kilo,991,Alimentos y Bebidas No Alcohólicas,high,
Aceite de Oliva Borges 750 Ml,992,Alimentos y Bebidas No Alcohólicas,high,
Sanitizador de Manos Limon Hi Geen Hospitalario 500 Ml,997,Bienes y Servicios Diversos,high,
Sanitizador de Manos Agua Marina Hi Geen Adult- Papaya 110 Ml,998,Bienes y Servicios Diversos,high,