Date,DataSource,Synthetic_National,Synthetic_National_Inflation,Synthetic_LaPaz,Synthetic_LaPaz_Inflation,Synthetic_Cochabamba,Synthetic_Cochabamba_Inflation,Synthetic_SantaCruz,Synthetic_SantaCruz_Inflation,Official_National,Official_National_Inflation,Official_National_Overall,Official_National_Overall_Inflation,Official_LaPaz,Official_LaPaz_Inflation,Official_Cochabamba,Official_Cochabamba_Inflation,Official_SantaCruz,Official_SantaCruz_Inflation
2024-07-01,,,,,,,,,,100.0,,99.99999999999999,,100.00000000000001,,100.00000000000001,,100.0,
2024-07-29,2024_07.csv,100.00000000000004,,100.00000000000004,,100.00000000000004,,100.00000000000004,,,,,,,,,,,
2024-07-30,2024_07.csv,100.11033323221515,,100.09942188477116,,100.08746267197712,,100.1313357734562,,,,,,,,,,,
2024-07-31,2024_07.csv,100.11033323221515,,100.09942188477116,,100.08746267197712,,100.1313357734562,,,,,,,,,,,
2024-08-01,2024_08.csv,100.41755501031253,,100.62222609449228,,100.62166087790274,,100.1289681595386,,102.31743571995786,2.317435719957861,101.58283745065437,1.582837450654373,102.77206556622373,2.7720655662237137,102.77022899912963,2.7702289991296203,102.25862475850603,2.2586247585060226
2024-08-02,2024_08.csv,100.750211045014,,100.9822675776228,,100.91023526346584,,100.45646050900709,,,,,,,,,,,
2024-08-03,2024_08.csv,100.65759583419124,,100.7855768015458,,100.7159049846722,,100.50962083534633,,,,,,,,,,,
2024-08-04,2024_08.csv,100.67408061703668,,100.79223596759569,,100.72281963979688,,100.53985277399369,,,,,,,,,,,
2024-08-05,2024_08.csv,100.67408061703668,,100.79223596759569,,100.72281963979688,,100.53985277399369,,,,,,,,,,,
2024-08-06,2024_08.csv,100.67687577046122,,100.79880744888663,,100.72231228147088,,100.54063513888158,,,,,,,,,,,
2024-08-07,2024_08.csv,101.03179753609568,,101.21705889602732,,100.9537141017409,,100.89372675800216,,,,,,,,,,,
2024-08-08,2024_08.csv,101.02407207351013,,101.19729938355285,,100.9537141017409,,100.89372675800216,,,,,,,,,,,
2024-08-09,2024_08.csv,101.90840302540248,,102.4760967054734,,102.5411594212694,,101.07673406721489,,,,,,,,,,,
2024-08-10,2024_08.csv,102.7294928302015,,102.90540848832094,,102.92744765995604,,102.47089732642544,,,,,,,,,,,
2024-08-11,2024_08.csv,103.08330770683736,,103.3786353789954,,103.42189411405865,,102.64624414085804,,,,,,,,,,,
2024-08-12,2024_08.csv,103.20399757099204,,103.3737644950114,,103.41153132277742,,102.94671069432952,,,,,,,,,,,
2024-08-13,2024_08.csv,103.21950015214142,,103.41261548100152,,103.46649785466587,,102.92171093763392,,,,,,,,,,,
2024-08-14,2024_08.csv,103.21950015214142,,103.41261548100152,,103.46649785466587,,102.92171093763392,,,,,,,,,,,
2024-08-15,2024_08.csv,103.23279624400612,,103.4101519099075,,103.47335042503776,,102.95288359319365,,,,,,,,,,,
2024-08-16,2024_08.csv,103.4253692986995,,103.52760114895912,,103.52243583958648,,103.28350996230073,,,,,,,,,,,
2024-08-17,2024_08.csv,103.4389027425536,,103.48019338841264,,103.55278691876404,,103.3466162841694,,,,,,,,,,,
2024-08-18,2024_08.csv,103.47706157082558,,103.49417540699604,,103.60414277956306,,103.4013845671258,,,,,,,,,,,
2024-08-19,2024_08.csv,103.54949412804363,,103.48393005191646,,103.603005137412,,103.58623286716546,,,,,,,,,,,
2024-08-20,2024_08.csv,103.54823381756202,,103.4816866119045,,103.60103312945223,,103.58623286716546,,,,,,,,,,,
2024-08-21,2024_08.csv,103.65390643873612,,103.56739786538952,,103.69856550203544,,103.71453821867745,,,,,,,,,,,
2024-08-22,2024_08.csv,103.74702652767394,,103.59311717886608,,103.73146889859272,,103.89941477448966,,,,,,,,,,,
2024-08-23,2024_08.csv,103.80913077817944,,103.68094360693112,,103.84086674337716,,103.9151102859904,,,,,,,,,,,
2024-08-24,2024_08.csv,103.98255002271571,,103.70802554585062,,104.03869355888268,,104.21505383130928,,,,,,,,,,,
2024-08-25,2024_08.csv,104.00388706506234,,103.72757205377935,,104.04197053061728,,104.24654080544508,,,,,,,,,,,
2024-08-26,2024_08.csv,104.00321034775104,,103.73832240451328,,104.05285796633588,,104.2296728717422,,,,,,,,,,,
2024-08-27,2024_08.csv,104.00082833020014,,103.73412599377836,,104.04904280241814,,104.2296728717422,,,,,,,,,,,
2024-08-28,2024_08.csv,104.41279977867832,4.412799778678278,104.5041491099932,4.50414910999315,104.60398138400537,4.603981384005329,104.2371031627955,4.237103162795464,,,,,,,,,,
2024-08-29,2024_08.csv,104.47393143343952,4.358789008425923,104.55348821577172,4.449642412648336,104.64492194423356,4.55347667988435,104.31881267479352,4.181984459701349,,,,,,,,,,
2024-08-30,2024_08.csv,104.74563915482923,4.630197276301207,104.95609971324492,4.851854023757007,105.04959237998057,4.957793489346551,104.40481159690036,4.267870582604383,,,,,,,,,,
2024-08-31,2024_08.csv,105.0309347920794,4.5941964841636596,105.28886502970106,4.637781448828648,105.36497295608672,4.714006941248616,104.6312588959877,4.496491693867721,,,,,,,,,,
2024-09-01,2024_09.csv,105.94610606023664,5.157205093000927,106.6549993083554,5.617552335485132,106.94509327933665,5.980422104967298,104.80972605630042,4.33348490006078,103.68883518956318,1.3403379980698737,102.47632954057207,0.8795699276974212,103.84852100881871,1.047420266065724,103.80451793473206,1.006409098894956,104.39680322549442,2.0909517138900657
2024-09-02,2024_09.csv,106.06368122752164,5.370767450313041,106.7031956527681,5.871493758352475,106.93597706381924,6.175858798164646,105.05206866898524,4.519415948330252,,,,,,,,,,
2024-09-03,2024_09.csv,106.06368122752164,5.3535136128900485,106.7031956527681,5.864499014658997,106.93597706381924,6.168569790085043,105.05206866898524,4.487987370674484,,,,,,,,,,
2024-09-04,2024_09.csv,106.18770990927958,5.4767118392833325,106.84685598476985,6.007030163633531,107.04677492914102,6.278572533969706,105.16378869822682,4.5991075147358895,,,,,,,,,,
2024-09-05,2024_09.csv,106.6157443784553,5.898940111664208,106.89753375998748,6.050395302735501,107.07948224344054,6.311580639853065,106.13280543149158,5.562099627563777,,,,,,,,,,
2024-09-06,2024_09.csv,106.7255796633988,5.635633796645956,106.9512243521128,5.665216435478282,107.11004053710032,6.098167353362638,106.332715996826,5.390810126252421,,,,,,,,,,
2024-09-07,2024_09.csv,106.78648114382652,5.703996039798698,106.91143788612504,5.646532602529986,107.12945656998916,6.11739996214935,106.50797923066358,5.56452086077408,,,,,,,,,,
2024-09-08,2024_09.csv,106.80405120003482,4.803969083307114,106.93552517763383,4.351676747580746,107.17141271288524,4.515507058578683,106.50797923066358,5.373388063604212,,,,,,,,,,
2024-09-09,2024_09.csv,106.80396692743112,3.966216502172548,106.94253723509748,3.9231453488032253,107.17299719282968,4.124798223793302,106.50042297538258,3.932361045030097,,,,,,,,,,
2024-09-10,2024_09.csv,106.8037239600178,3.6091355001540038,106.94287631970784,3.447753907415785,107.1710645144746,3.6251225454072555,106.50042297538258,3.754817204256944,,,,,,,,,,
2024-09-11,2024_09.csv,106.830677408511,3.5140885264877797,106.9601446820474,3.469333060042601,107.18453442950238,3.6485322850005275,106.54282468742356,3.493180082044245,,,,,,,,,,
2024-09-12,2024_09.csv,106.8271454700298,3.495119926536039,106.91889430265608,3.390571648677354,107.14861469591818,3.5587527534027386,106.59002704002066,3.5641810352429637,,,,,,,,,,
2024-09-13,2024_09.csv,106.85839406994006,3.52539385720243,106.95289206356468,3.423447483748787,107.17621584164334,3.5854291619962897,106.62039283827936,3.593684818246645,,,,,,,,,,
2024-09-14,2024_09.csv,106.80856948671249,3.4637957827418298,106.79043668767189,3.2688132792893843,107.04739502223188,3.454072553476828,106.71376455801943,3.6530117793363237,,,,,,,,,,
2024-09-15,2024_09.csv,106.8947266861766,3.354454918558103,106.89717955820473,3.2547633402587373,107.1388912511389,3.4934025481744957,106.77801294980618,3.38340843449354,,,,,,,,,,
2024-09-16,2024_09.csv,106.92860891615204,3.3736883136549656,106.89220247347242,3.29725812576791,107.137452186328,3.461679182402011,106.8650795025443,3.404526771055849,,,,,,,,,,
2024-09-17,2024_09.csv,106.92860891615204,3.3355676059316997,106.89220247347242,3.283302710624514,107.137452186328,3.4103939398279826,106.8650795025443,3.3497568237782716,,,,,,,,,,
2024-09-18,2024_09.csv,106.99775842590272,3.3300638761162293,106.96527484278778,3.364140489373346,107.20027937243512,3.472171709934413,106.93349298800166,3.2313754716117415,,,,,,,,,,
2024-09-19,2024_09.csv,107.03596292354756,3.3682168950659674,106.99964965838612,3.399599640925177,107.24535184096732,3.5176470749682665,106.97209000786128,3.268636233772204,,,,,,,,,,
2024-09-20,2024_09.csv,107.05349087028549,3.27974559604145,107.02117309680034,3.334809315089493,107.26506399003536,3.4392939485068608,106.98482779392891,3.153164090029703,,,,,,,,,,
2024-09-21,2024_09.csv,107.03846698299338,3.1725636536112933,107.01699455205788,3.305120520005267,107.27332261565172,3.4144447723202465,106.94867057485632,2.934815183497408,,,,,,,,,,
2024-09-22,2024_09.csv,107.04607677307705,3.118170791560093,107.01627328003264,3.216916780528356,107.36735304094344,3.396048596436807,106.92364284697965,2.8951829553077513,,,,,,,,,,
2024-09-23,2024_09.csv,107.05159177531658,2.9514969116745116,107.03470397281836,3.2077348010998152,107.37324940199662,3.205111222611312,106.91680283144824,2.592474792089283,,,,,,,,,,
2024-09-24,2024_09.csv,107.05159177531658,2.9303757736935943,107.03470397281836,3.188286251725203,107.37324940199662,3.201860609126994,106.91680283144824,2.5614874175889035,,,,,,,,,,
2024-09-25,2024_09.csv,107.05346941604292,2.9328508784419727,107.02875604278456,3.1718593110082294,107.3705094769414,3.1884290114154057,106.92822159229604,2.589040765650763,,,,,,,,,,
2024-09-26,2024_09.csv,107.05952395275057,2.9410300587598748,107.03030372409364,3.1775249453713794,107.39905744053128,3.2196496458641866,106.9279858823742,2.588814620911606,,,,,,,,,,
2024-09-27,2024_09.csv,107.0631129625167,2.538302956587879,107.03158794654895,2.41850573214617,107.39920484449507,2.672196051724196,106.9353602783182,2.5885764604457684,,,,,,,,,,
2024-09-28,2024_09.csv,107.12154391034298,2.5342326459594,107.05007265135708,2.387853794445438,107.44194350741915,2.672868889592328,107.03880324679484,2.6073826017179558,,,,,,,,,,
2024-09-29,2024_09.csv,107.15047433100784,2.2958809508278666,107.06274674557685,2.007169700558209,107.4378883843418,2.2734938330102317,107.09851450728068,2.580056291639621,,,,,,,,,,
2024-09-30,2024_09.csv,107.33130983877692,2.190188111008773,107.2736299920718,1.8850663475295848,107.63118328159656,2.150819444004748,107.24518460772735,2.49822638026187,,,,,,,,,,
2024-10-01,2024_10.csv,107.33095404967315,1.307124953369354,107.2727199858222,0.5791764863088078,107.63118328159656,0.6415348112024821,107.24518460772735,2.3236951789366245,106.35817867110092,2.5743788872327977,104.16167682134063,1.6446210440249187,106.71096875495115,2.7563683318025944,107.17130669070775,3.2433932770561835,106.59699571205175,2.107528601048214
2024-10-02,2024_10.csv,107.90214753246462,1.7333608297068315,107.89889911096648,1.1205882362599784,108.26659883823989,1.2443162824673504,107.73444936754062,2.5533820823723685,,,,,,,,,,
2024-10-03,2024_10.csv,108.01450716487044,1.8392968401351295,108.0300404383242,1.2434911414217709,108.50541983390116,1.467647103598524,107.76985003704957,2.5870802950372473,,,,,,,,,,
2024-10-04,2024_10.csv,108.11095022669537,1.811170350183544,108.14132474252108,1.2115178737086563,108.63452545295064,1.483230601632446,107.83699766966365,2.5419481406358857,,,,,,,,,,
2024-10-05,2024_10.csv,108.21008861143298,1.495411622619458,108.16477633155338,1.1854740956056098,108.67155963698836,1.4868183523042422,108.03658858683028,1.7937744579526793,,,,,,,,,,
2024-10-06,2024_10.csv,108.24972480087678,1.428097314893928,108.16656247745436,1.1363480247223112,108.67520770661524,1.4612702615613093,108.1287700386599,1.6890888425040496,,,,,,,,,,
2024-10-07,2024_10.csv,108.30062417851164,1.4179164052102955,108.27682732640024,1.2771219499727593,108.76528300227886,1.5269623170551583,108.10534675472825,1.4997632436582586,,,,,,,,,,
2024-10-08,2024_10.csv,108.29751640214698,1.39832261541748,108.27131956011507,1.2491586685176026,108.76037138808032,1.482632947511786,108.10534675472825,1.4997632436582586,,,,,,,,,,
2024-10-09,2024_10.csv,108.41266986255316,1.50622021016793,108.38228298815886,1.3462797781731206,108.92355588838475,1.6333952967699572,108.20194584551184,1.597667711162587,,,,,,,,,,
2024-10-10,2024_10.csv,108.4260530220822,1.5189817376327852,108.3978114796353,1.3604787995208811,108.92557923789909,1.6371160736091461,108.21862902665478,1.613332607767548,,,,,,,,,,
2024-10-11,2024_10.csv,108.43836674827756,1.5048948286819464,108.41350301135084,1.3587849321106793,108.9340940772442,1.632287397667942,108.22953824578263,1.5831320065969434,,,,,,,,,,
2024-10-12,2024_10.csv,108.28712620348963,1.366675789225713,108.2205762964513,1.2174480500242835,108.74781358918878,1.4925054307132424,108.13401523165702,1.4485296931735059,,,,,,,,,,
2024-10-13,2024_10.csv,108.36553532955918,1.4104097976923358,108.28637228468548,1.2467921113608504,108.81731316296911,1.5312140930134666,108.2284899565356,1.5082453510515403,,,,,,,,,,
2024-10-14,2024_10.csv,108.3566203754608,1.4493695554465003,108.26179320924216,1.3777980193802497,108.80625987659926,1.643071140593455,108.2353443331314,1.4258514648170628,,,,,,,,,,
2024-10-15,2024_10.csv,108.48958041256488,1.4919854101601127,108.40547736987318,1.4109799883421648,108.91254267889408,1.655469276415844,108.37069354304565,1.4915810373696825,,,,,,,,,,
2024-10-16,2024_10.csv,108.4923475584542,1.4624137152372096,108.40547736987318,1.4157018579314062,108.91816428778743,1.6620818071746868,108.37473199536674,1.4126714730853696,,,,,,,,,,
2024-10-17,2024_10.csv,108.596771411842,1.5600712593184962,108.49236176898688,1.4969841190348498,108.98682770412888,1.7261708954815713,108.5124465172957,1.541539128048064,,,,,,,,,,
2024-10-18,2024_10.csv,108.61003413128782,1.5068312917056348,108.4967068970885,1.4317095492453413,108.9997090114998,1.6785680500077005,108.5342950503938,1.4970071748911629,,,,,,,,,,
2024-10-19,2024_10.csv,108.62075647439464,1.4806178293355954,108.5051124403551,1.4069791693481548,109.00553164430376,1.6412644213677385,108.5494972873033,1.4745970461323976,,,,,,,,,,
2024-10-20,2024_10.csv,108.60430555651898,1.4486353257854745,108.49177836073945,1.374125531785153,109.0153033070238,1.6316955883707296,108.51782158147071,1.4329076553682984,,,,,,,,,,
2024-10-21,2024_10.csv,108.5863402587515,1.4460906619711222,108.45095084288256,1.339933247823688,108.99737736298044,1.607160760281312,108.52139132320818,1.4705379130926843,,,,,,,,,,
2024-10-22,2024_10.csv,108.5863402587515,1.4388789688571268,108.45095084288256,1.3406162622536577,108.99737736298044,1.5181750093209434,108.52139132320818,1.4942892270469077,,,,,,,,,,
2024-10-23,2024_10.csv,108.61562977112806,1.4610133019732574,108.42653223551903,1.3003523259653482,109.05171085741908,1.5632026270700372,108.58958029853284,1.5645599407996702,,,,,,,,,,
2024-10-24,2024_10.csv,108.6282441912971,1.4727967980986634,108.4391010177014,1.3120950427813582,109.06484421692348,1.5754341275392214,108.60199459944,1.5761711193781558,,,,,,,,,,
2024-10-25,2024_10.csv,108.6632303950812,1.5036980938770483,108.4738984371878,1.3502374948892726,109.105268389394,1.615675403705863,108.63461086556627,1.5958268526867325,,,,,,,,,,
2024-10-26,2024_10.csv,108.6684376136145,1.5028216093824653,108.4861907738269,1.360256860978648,109.10639292968207,1.5897117999347232,108.6350514566724,1.596462853210423,,,,,,,,,,
2024-10-27,2024_10.csv,108.67347160104552,1.5041208815706808,108.51336192867568,1.3844267945148259,109.16585694198966,1.6449396436896802,108.59371277702016,1.5507990008036598,,,,,,,,,,
2024-10-28,2024_10.csv,108.67905740995084,1.4539684948075893,108.51640024150636,1.3697586127987549,109.16722957625024,1.605784493941087,108.60367429923916,1.4619661328203248,,,,,,,,,,
2024-10-29,2024_10.csv,108.67754637779242,1.425165923267091,108.51375641119888,1.3552890335143397,109.16477288494004,1.6073328753638316,108.60367429923916,1.4053974500796151,,,,,,,,,,
2024-10-30,2024_10.csv,108.84503274163684,1.4103274292782686,108.68404923867132,1.3147865385964463,109.32334821294351,1.572188356342541,108.7726900465302,1.4243114452084926,,,,,,,,,,
2024-10-31,2024_10.csv,108.84650533102678,1.4120356003285206,108.68404923867132,1.315646003043125,109.32334821294351,1.572188356342541,108.77624089684528,1.427622410011331,,,,,,,,,,
2024-11-01,2024_11.csv,108.94225757199132,0.9639382193146417,108.7262354462431,0.7667699504753545,109.34664460112252,0.9975798394630697,108.95644138567792,1.1342630192209269,108.32621074509284,1.8503815114000899,105.67035120930375,1.448396794293938,109.16625881477053,2.300878802307249,109.29966423198778,1.9859397137168333,107.17851901925336,0.5455344246027893
2024-11-02,2024_11.csv,109.1630512716526,1.0633239339129297,109.01936200380212,0.9157837592801199,109.6502703308372,1.0551090431137666,109.07023264320458,1.2066293176690612,,,,,,,,,,
2024-11-03,2024_11.csv,109.30235960479747,1.1020247029591923,109.25287337615148,1.0278666700976213,109.8748611000836,1.1417508770452,109.08077218823976,1.1533838529019125,,,,,,,,,,
2024-11-04,2024_11.csv,109.32516723070871,1.0304756548900285,109.2918849217665,1.042029233951558,109.91374263238067,1.1430617169218449,109.08077218823976,0.9665092308706713,,,,,,,,,,
2024-11-05,2024_11.csv,109.32516723070871,0.993482830381498,109.2918849217665,1.040360734905188,109.91374263238067,1.1396664905477305,109.08077218823976,0.8804337173533794,,,,,,,,,,
2024-11-06,2024_11.csv,109.37208601813518,0.9893404103169745,109.31123850215036,0.9553393845128877,109.96273825064723,1.1009535536659065,109.15270513790882,0.968831250832447,,,,,,,,,,
2024-11-07,2024_11.csv,109.3576941555258,0.9789492765854391,109.28394275861066,0.9352644842694158,109.94161487981592,1.0860973318311595,109.15363246923994,0.9696890542241876,,,,,,,,,,
2024-11-08,2024_11.csv,109.37404720329712,0.8867758186961172,109.2955635011758,0.84264742155018,109.9553695119706,0.9472823533627217,109.1756643887104,0.8999085326883316,,,,,,,,,,
2024-11-09,2024_11.csv,109.19917308259386,0.7130390150365429,108.98069786889934,0.5377289276486508,109.6703526799485,0.6837452205994632,109.1843744549414,0.8924022018877764,,,,,,,,,,
2024-11-10,2024_11.csv,109.22638593320724,0.7266977625723037,108.98551211960162,0.5276179556626737,109.68178865031618,0.6863733337166167,109.24009582971796,0.9337169873536721,,,,,,,,,,
2024-11-11,2024_11.csv,109.23296303291347,0.8734527017056903,108.99275856012969,0.7135262905670903,109.6792071665338,0.8564710835139211,109.2503330830427,1.0323466200660159,,,,,,,,,,
2024-11-12,2024_11.csv,109.23090794123796,0.7985681139737189,108.99030430128728,0.6500651944929547,109.67704537988251,0.790069329892229,109.24870429935991,0.9426485976419263,,,,,,,,,,
2024-11-13,2024_11.csv,109.27182239748272,0.8446203091704962,109.01026152307782,0.6913503754635508,109.69036038202104,0.8125456259818753,109.32230779365251,1.0042592530362437,,,,,,,,,,
2024-11-14,2024_11.csv,109.29025728978658,0.7380219134196064,109.03631354067268,0.5819227829670703,109.699011073589,0.7221100300758287,109.33814590694791,0.8927250830206956,,,,,,,,,,
2024-11-15,2024_11.csv,109.27890780271764,0.7249914505164989,109.02288321331092,0.569533808085354,109.69897562907536,0.7168789029760481,109.323457042381,0.8754116661204847,,,,,,,,,,
2024-11-16,2024_11.csv,109.29553418803545,0.6434470998621711,109.04157622711142,0.5062240780544291,109.73181475310368,0.6835569624957349,109.33053875879088,0.7539155808866438,,,,,,,,,,
2024-11-17,2024_11.csv,109.28043667373868,0.6172565433875787,109.0415769161003,0.5021995916692834,109.73154544878648,0.6714113679050948,109.29425969925964,0.7002069240077402,,,,,,,,,,
2024-11-18,2024_11.csv,109.29601877543074,0.6216696724951287,109.04916513481294,0.5014074288498538,109.73322016020546,0.6675702644854953,109.32389426838805,0.7134044840715559,,,,,,,,,,
2024-11-19,2024_11.csv,109.28480517568217,0.6265862257265997,109.02926499436217,0.4954169262813224,109.71555181412953,0.6423396402738035,109.32389426838805,0.7428021270332597,,,,,,,,,,
2024-11-20,2024_11.csv,109.37541535521646,0.7266798886348402,109.06365296752044,0.5649578172214786,109.76574002284424,0.70493683284234,109.48644760760396,0.8892774711315443,,,,,,,,,,
2024-11-21,2024_11.csv,109.44619488632358,0.7918626095355208,109.14379579130768,0.6388555776047244,109.87173592589212,0.8021831204249263,109.53189950674748,0.9311603649917455,,,,,,,,,,
2024-11-22,2024_11.csv,109.4591260061542,0.7765882652464695,109.1570931298761,0.6737842475402323,109.88267245016958,0.7619885889153633,109.54541992310978,0.8802314383655974,,,,,,,,,,
2024-11-23,2024_11.csv,109.28717161088932,0.6065894045307774,108.81978177221484,0.3510548786745282,109.65256021444615,0.5388684151546919,109.55660604775692,0.8789999224579903,,,,,,,,,,
2024-11-24,2024_11.csv,109.32683175101924,0.6106954059117209,108.85056772684436,0.34724417125533424,109.73704422585271,0.5790516313143756,109.58363052051035,0.8735886725073971,,,,,,,,,,
2024-11-25,2024_11.csv,109.3177039545196,0.5974746257175978,108.85649846557364,0.34134085555530547,109.74179488241916,0.5823691313364243,109.55380357675674,0.8457234638037381,,,,,,,,,,
2024-11-26,2024_11.csv,109.33382390291632,0.6076481151674695,108.86658647036776,0.32551248566443647,109.76154539605122,0.5456728603139283,109.57390910056706,0.902627139712564,,,,,,,,,,
2024-11-27,2024_11.csv,109.36476375102642,0.6309461614936618,108.87991758070862,0.3349883873711601,109.7982536339052,0.5780343241322372,109.61874694783442,0.934657740767042,,,,,,,,,,
2024-11-28,2024_11.csv,109.3926952391923,0.6580465654918655,108.944197413049,0.39666952475501116,109.833010853862,0.6121370028647322,109.6092127032242,0.9258788070230839,,,,,,,,,,
2024-11-29,2024_11.csv,109.47256895416656,0.5765409745608574,109.0888498068252,0.37245628129378705,109.92883328618623,0.5538479045330114,109.62054333867007,0.7794725788037304,,,,,,,,,,
2024-11-30,2024_11.csv,109.4810264013366,0.5829503376154399,109.12301666387629,0.4038931455718764,109.9558184907453,0.578531748378075,109.59608207751468,0.7536950844319712,,,,,,,,,,
2024-12-01,2024_12.csv,109.31783491377531,0.34474899837264594,108.8266953723218,0.0923971345704988,109.65971963882764,0.28631426126257686,109.62067205498576,0.6096295554997466,109.84427427939455,1.4013815528671536,106.79236183321638,1.06180268265621,110.14072567469677,0.8926447333692078,110.30533892040695,0.9201077564928717,109.96180098603814,2.5968654841039607
2024-12-02,2024_12.csv,109.41041946680632,0.2266043246978544,108.96512316954178,-0.049751560881849954,109.78070229391123,0.11895270543382797,109.65673195339949,0.5377262851482989,,,,,,,,,,
2024-12-03,2024_12.csv,109.41473349354138,0.10281012152912883,108.98681636321103,-0.24352404171964492,109.78283300187844,-0.08375719184876562,109.64568465487037,0.5178845504097973,,,,,,,,,,
2024-12-04,2024_12.csv,109.68065061003742,0.32516152349304495,109.52884237711196,0.21681157344397572,110.17023903163565,0.2333615370671671,109.59437603358865,0.4708472767891214,,,,,,,,,,
2024-12-05,2024_12.csv,109.69470909536008,0.3380208546779784,109.55182724951472,0.23784229536738533,110.18263316013268,0.2446377689560908,109.60079894105446,0.4767354891082931,,,,,,,,,,
2024-12-06,2024_12.csv,109.74940445433458,0.34498604711337144,109.60425501683144,0.2680570805858373,110.25697174262204,0.26757563212380653,109.64842841482536,0.4541557410695507,,,,,,,,,,
2024-12-07,2024_12.csv,109.71717701963226,0.32872205918608177,109.59473047667836,0.28438552839751274,110.27752773739093,0.3055374963722546,109.5700664694048,0.3815118111458293,,,,,,,,,,
2024-12-08,2024_12.csv,109.7317492701695,0.3270447386915398,109.58823566799504,0.26778046376609854,110.25124431758653,0.2690862728479182,109.6236423858488,0.41032770411491004,,,,,,,,,,
2024-12-09,2024_12.csv,109.83297079517278,0.5804052308157504,109.59785840205495,0.5663026069974597,110.21107486787234,0.4930431741218433,109.8774667198104,0.6347907091367011,,,,,,,,,,
2024-12-10,2024_12.csv,109.83165308567236,0.5541400526016149,109.59504899206584,0.5592824776520011,110.20840350275364,0.48012970878548167,109.8781895628934,0.5841204443559622,,,,,,,,,,
2024-12-11,2024_12.csv,109.85746667398348,0.5717172030587747,109.61893114607464,0.5745084299334513,110.19742012930148,0.4724805878481897,109.92306493178113,0.6157709818852997,,,,,,,,,,
2024-12-12,2024_12.csv,109.83119060991214,0.549553857958518,109.50616607516912,0.4733097840114331,110.1114308477884,0.3960586888544615,110.00630496621636,0.693464212427175,,,,,,,,,,
2024-12-13,2024_12.csv,109.78720172685604,0.47164888263562244,109.48540481785987,0.4358702457396335,110.0945199412355,0.36845494700434855,109.9277309557654,0.5537965437535597,,,,,,,,,,
2024-12-14,2024_12.csv,109.86418657887714,0.5251422252294358,109.56526361239456,0.4851136786870214,110.1582711893358,0.41865474560998095,110.0082068785197,0.6128336693600467,,,,,,,,,,
2024-12-15,2024_12.csv,109.93186616030678,0.5975154498871316,109.68976978640691,0.6116941264442399,110.2752588423548,0.5253314445050172,109.99921000330076,0.6181225687528435,,,,,,,,,,
2024-12-16,2024_12.csv,109.99089932016898,0.6362246520861481,109.74061953902358,0.6410796102728655,110.3332036212817,0.5480533330567194,110.0664680652764,0.6731232781255647,,,,,,,,,,
2024-12-17,2024_12.csv,109.99089932016898,0.6501279351137867,109.74061953902358,0.6410789743632739,110.3332036212817,0.5483000991506337,110.0664680652764,0.7065406437095634,,,,,,,,,,
2024-12-18,2024_12.csv,110.01663542719264,0.659325618477058,109.780422314018,0.6705756786868022,110.36887783410918,0.5792755128990912,110.07428633009872,0.6863934611297973,,,,,,,,,,
2024-12-19,2024_12.csv,110.02593707272698,0.6781655472171133,109.79135132798532,0.6989741090729806,110.3838121660173,0.6090844377466986,110.0794146170713,0.691084372487194,,,,,,,,,,
2024-12-20,2024_12.csv,110.02593707272698,0.5947604545297747,109.79135132798532,0.6672235347569,110.3838121660173,0.5630829282838423,110.0794146170713,0.5415894135066823,,,,,,,,,,
2024-12-21,2024_12.csv,110.03216195572593,0.5353928201989655,109.79135132798532,0.5933049441635863,110.38584978840868,0.4679218528624407,110.0934699474624,0.5127003578353273,,,,,,,,,,
2024-12-22,2024_12.csv,110.0338701736164,0.5250765179962258,109.79784738057056,0.5870019366786217,110.38819075654573,0.4600527954991218,110.09036793911405,0.49746307639950693,,,,,,,,,,
2024-12-23,2024_12.csv,110.04460237890385,0.6930646633543702,109.80970978786289,0.9096949098098772,110.39478567538076,0.6768884004924702,110.10197313170454,0.4977947963356044,,,,,,,,,,
2024-12-24,2024_12.csv,110.04460237890385,0.656536566905408,109.80970978786289,0.8811548538960823,110.39478567538076,0.5993795934345902,110.10197313170454,0.4730109859767406,,,,,,,,,,
2024-12-25,2024_12.csv,110.09123526693574,0.7075993040779105,109.86284888790348,0.9244743644295284,110.43165070153567,0.6286172190418826,110.14704890463751,0.5415104802501292,,,,,,,,,,
2024-12-26,2024_12.csv,110.09327871310602,0.6946201852997103,109.86430446937038,0.9164593392245068,110.43577983455128,0.6142719985102518,110.14866933210904,0.5245411396379573,,,,,,,,,,
2024-12-27,2024_12.csv,110.0939838827712,0.6667779518135131,109.86430446937038,0.9041032639761859,110.43577983455128,0.5806341900224998,110.15036970557694,0.4849743064436751,,,,,,,,,,
2024-12-28,2024_12.csv,110.10660051003386,0.6526078083006981,109.86311232587282,0.8434730207244279,110.43911551532553,0.5518419797031493,110.18035313455032,0.5210697324069979,,,,,,,,,,
2024-12-29,2024_12.csv,110.11513983476416,0.5869697648793082,109.879437043661,0.7247186474472755,110.40888340010858,0.43669172097242637,110.19971877505031,0.5283457085145882,,,,,,,,,,
2024-12-30,2024_12.csv,110.14557155507684,0.6069957284690952,109.87564157854472,0.6897031787406416,110.4111154629182,0.4140726506539849,110.27563106987728,0.6200486180536702,,,,,,,,,,
2024-12-31,2024_12.csv,110.14610700774128,0.757673342706866,109.87564157854472,0.9638684723763946,110.4111154629182,0.6852067710599208,110.2769222052578,0.5986554706970404,,,,,,,,,,
2025-01-01,2025_01.csv,110.35800771753742,0.866085931622429,109.8751091169161,0.8351167060660636,110.41326515543696,0.5762058798204794,110.78737250243272,1.0310726290053251,112.33756493525779,2.269841256833671,108.87899834404399,1.9539192457288523,112.18751622699483,1.8583412627435347,112.47613160024358,1.967985141139006,113.20043694365819,2.9452372811093364
2025-01-02,2025_01.csv,110.77987575893766,1.247676818110488,110.66146679320772,1.5365623897258596,111.1866709849155,1.2787408965963198,110.70090591143114,0.9623919626953636,,,,,,,,,,
2025-01-03,2025_01.csv,110.79100574338592,1.0123527962067724,110.68105733951712,1.05197401652255,111.20453195032324,0.9388133562918011,110.70090591143114,1.0096593619944194,,,,,,,,,,
2025-01-04,2025_01.csv,110.89292428600662,1.0923181259407055,110.81823141660774,1.1559863480950172,111.42972767380029,1.131843084431594,110.71182661441824,1.0137039913014734,,,,,,,,,,
2025-01-05,2025_01.csv,111.04607279890094,1.1814809848065044,111.09437054230176,1.359541675860565,111.62737326738464,1.2429159835457781,110.72817634204726,0.984736345820636,,,,,,,,,,
2025-01-06,2025_01.csv,111.06704587388444,1.2303167935232562,111.09437054230176,1.3683505211434577,111.6295043871756,1.2259765679587975,110.77775013546383,1.1022021843860585,,,,,,,,,,
2025-01-07,2025_01.csv,111.32633102918489,1.453163527986212,111.40860638756804,1.6611004899174997,111.90570235669792,1.5006252757978844,110.97730587987894,1.234828057679005,,,,,,,,,,
2025-01-08,2025_01.csv,111.32633102918489,1.3596647920933291,111.40860638756804,1.6521746062504672,111.90570235669792,1.5376199631998766,110.97730587987894,1.000968799975288,,,,,,,,,,
2025-01-09,2025_01.csv,111.3590547582458,1.3906753013924078,111.45567466795984,1.6977278563274245,111.98184382200704,1.609169775523589,110.97616318804764,0.9992643940731849,,,,,,,,,,
2025-01-10,2025_01.csv,111.3495436748225,1.358193526587459,111.4337790691507,1.6555971711288198,111.97956219870936,1.617226671293026,110.97494036823409,0.9569196756893161,,,,,,,,,,
2025-01-11,2025_01.csv,111.34970117982124,1.382585913415424,111.43418192165996,1.7606459212236247,111.97956219870936,1.6965825768837428,110.97494036823409,0.8805271682520432,,,,,,,,,,
2025-01-12,2025_01.csv,111.36901200813978,1.4407966105367986,111.47804133504644,1.8200019632767628,112.07407990148762,1.7980549452495387,110.9358703325284,0.9170928645554133,,,,,,,,,,
2025-01-13,2025_01.csv,111.33065060671868,1.3347971468288256,111.40583913016702,1.6798896448456668,112.03104833083624,1.700078551778983,110.93160069574134,0.8393862998251844,,,,,,,,,,
2025-01-14,2025_01.csv,111.15317376744632,1.1109677746746982,111.14474419014653,1.3264449424707614,111.74062204620984,1.3288231823149532,110.88587678543917,0.8060665000337641,,,,,,,,,,
2025-01-15,2025_01.csv,111.2053838880808,1.104168231570335,111.17205586767726,1.3043814903420214,111.75896950613092,1.292236460153151,110.97742611274737,0.8276435716377373,,,,,,,,,,
2025-01-16,2025_01.csv,111.233838127612,1.130037862337141,111.16813447270036,1.3008081598893773,111.7616817893318,1.2946947257630237,111.04846383194788,0.8921843172882582,,,,,,,,,,
2025-01-17,2025_01.csv,111.26666556031007,1.136219198363575,111.18059960069284,1.2754344145896601,111.78836495577396,1.286129885091647,111.10336677952706,0.9348963175125791,,,,,,,,,,
2025-01-18,2025_01.csv,111.30078738961156,1.1586816261713873,111.23923036251996,1.3187550904709466,111.8426419702329,1.3215975926085255,111.10493913909085,0.9316224342098778,,,,,,,,,,
2025-01-19,2025_01.csv,111.3110238024393,1.1679852622958231,111.23134116417448,1.3115694622314988,111.8457524463033,1.3244154659989738,111.13560236575272,0.9594779844674273,,,,,,,,,,
2025-01-20,2025_01.csv,111.33106537341445,1.180476139522879,111.24839440557656,1.327101870928371,111.85527603132894,1.3311726509664945,111.16338931509866,0.9718281821318175,,,,,,,,,,
2025-01-21,2025_01.csv,111.33218502766564,1.1799229200978756,111.24839440557656,1.321106979427622,111.86103820561574,1.334243671334634,111.16338931509866,0.9746732580438344,,,,,,,,,,
2025-01-22,2025_01.csv,111.3978111912604,1.2296912189270426,111.28791709108464,1.3461535469654118,111.92093980496142,1.3824512817737222,111.25630686712007,1.0484223875213416,,,,,,,,,,
2025-01-23,2025_01.csv,111.39968432980704,1.231393381964696,111.28930960714604,1.3474216643879044,111.90511285368557,1.3681145980444898,111.2669263450762,1.0580675170808629,,,,,,,,,,
2025-01-24,2025_01.csv,111.400530518876,1.1892820066607745,111.28930960714604,1.2984013555829232,111.90511285368557,1.3342752216320974,111.26896675820328,1.0185636970964973,,,,,,,,,,
2025-01-25,2025_01.csv,111.4260232150097,1.2105593706376094,111.3027776713574,1.309318080094024,111.92145165793308,1.3452812354904697,111.31008471938604,1.0544070975339936,,,,,,,,,,
2025-01-26,2025_01.csv,111.44814054301114,1.230000598108849,111.31319115432136,1.3187965754199338,111.93196247062497,1.354798814582714,111.34867404523996,1.0878804518459573,,,,,,,,,,
2025-01-27,2025_01.csv,111.45846781644352,1.2277804419967175,111.32149969999196,1.3274586376119668,111.92737021397302,1.3475793351866994,111.36789490676584,1.0778162698074745,,,,,,,,,,
2025-01-28,2025_01.csv,111.4569873601542,1.2185858614933265,111.31887068534608,1.3100118460864785,111.92504106725092,1.3732207232347138,111.36789490676584,1.0600536414254513,,,,,,,,,,
2025-01-29,2025_01.csv,111.57477344470628,1.2975572866447793,111.478423098706,1.4587232412340834,112.11163307713966,1.5401688562711513,111.41406712025798,1.03235505372834,,,,,,,,,,
2025-01-30,2025_01.csv,111.61699230591556,1.3353947208237793,111.52347204105516,1.4997231768903774,112.11216134899476,1.5406473152133504,111.4731516868406,1.0847505150318293,,,,,,,,,,
2025-01-31,2025_01.csv,111.59457548392646,1.1205056995538198,111.58056908371915,1.5521804533439099,112.10630615398186,1.5333673867550912,111.36801293756383,0.5241034442967418,,,,,,,,,,
2025-02-01,2025_02.csv,111.6908601742832,0.8223374589513721,111.63462841171574,0.8794042286883519,112.25916704373192,0.9645904939108441,111.47759750243344,0.7016126784217258,114.05444096606394,1.5283187167138834,110.25417915704841,1.2630358782866669,113.67837567239704,1.3288995919881863,114.14148674102631,1.4806298163788645,115.03827740292515,1.623527707920136
2025-02-02,2025_02.csv,112.00178499135794,1.0928497668632131,112.0611292994372,1.2468908348848506,112.63771577694554,1.2887818522202998,111.64787774628957,0.8554327781346904,,,,,,,,,,
2025-02-03,2025_02.csv,112.1011225093535,1.0895178670108807,112.19892575240286,1.2459090152815655,112.785851110552,1.2170212250016688,111.68809408976128,0.8818095637994849,,,,,,,,,,
2025-02-04,2025_02.csv,112.1008116539138,0.9498209422704518,112.19796389296116,0.9933836838646792,112.78618669067224,1.038108655044545,111.68809408976128,0.8669137155738582,,,,,,,,,,
2025-02-05,2025_02.csv,112.12248678517425,0.9502736864796413,112.22330559496078,1.016194652481639,112.7931722439928,1.0424375376433925,111.71319522185188,0.8444340900985337,,,,,,,,,,
2025-02-06,2025_02.csv,112.16366993748088,0.7521481221513415,112.2274783785074,0.7350168155686898,112.79995477185136,0.7991124637268587,111.80538822095588,0.7461726832450388,,,,,,,,,,
2025-02-07,2025_02.csv,112.1864873726938,0.7726441135327056,112.2539868521078,0.7588107346023554,112.80924208416236,0.8074116943428189,111.83106533696966,0.7693099506441703,,,,,,,,,,
2025-02-08,2025_02.csv,112.1005850464772,0.6658913276888168,112.13963563334624,0.6136618592314846,112.67151105740564,0.6158741558987213,111.79626726102748,0.7389911936225291,,,,,,,,,,
2025-02-09,2025_02.csv,112.14258504783018,0.7122089115368269,112.13897712431915,0.6328404735612914,112.700812336886,0.6440908715974247,111.88443367828064,0.8195483656298519,,,,,,,,,,
2025-02-10,2025_02.csv,112.11407785961327,0.6864649583186777,112.08170143998632,0.5810780024226192,112.6745876402672,0.6206716903612408,111.88197869877638,0.8173361729527207,,,,,,,,,,
2025-02-11,2025_02.csv,112.13367548415845,0.6866034476114224,112.1179971939022,0.5740644984355114,112.66450909508796,0.5268204692104872,111.89973859670646,0.8688517620936143,,,,,,,,,,
2025-02-12,2025_02.csv,112.13385695320696,0.7214602107425527,112.11745520326956,0.6387601212455962,112.66639443284537,0.5671160910079909,111.89980377765116,0.8727928523860173,,,,,,,,,,
2025-02-13,2025_02.csv,112.1725002739257,0.9170466950516598,112.1404608195396,0.8958737875086609,112.70253299236646,0.8608426627147558,111.954363211625,0.9635910876669262,,,,,,,,,,
2025-02-14,2025_02.csv,112.1711921048324,0.8684905199586312,112.10033587125736,0.8349940066638473,112.7048176376558,0.8463286085265587,111.9879663821642,0.9105818226403883,,,,,,,,,,
2025-02-15,2025_02.csv,112.0368306866028,0.7218959378795908,111.94313656280497,0.6971440995935163,112.33016395915384,0.5086557044601481,111.98772244735028,0.8458096429175166,,,,,,,,,,
2025-02-16,2025_02.csv,112.049557359839,0.7036175619953067,111.96749927703227,0.7077670737211328,112.34534023548224,0.49824083206568837,111.98833144049794,0.7965237117674384,,,,,,,,,,
2025-02-17,2025_02.csv,112.09006360181674,0.7091380310206619,112.04836655542395,0.7273838467481974,112.35407678208612,0.4572806962029219,112.00567252970323,0.8107050843930264,,,,,,,,,,
2025-02-18,2025_02.csv,112.0908464678212,0.7005799055140871,112.04836655542395,0.7345280410163912,112.35405364016825,0.45446624726226403,112.00757109507096,0.7845989140802478,,,,,,,,,,
2025-02-19,2025_02.csv,112.12949509174844,0.7171670509538153,112.06990871439024,0.7384504856930318,112.37029346777724,0.46043195700848916,112.07284638424927,0.8181264306117209,,,,,,,,,,
2025-02-20,2025_02.csv,112.12883971529584,0.7155654830920843,112.01842329471114,0.6921707888450923,112.30690834800576,0.3985928876955702,112.1495027987454,0.8870847585004338,,,,,,,,,,
2025-02-21,2025_02.csv,112.07214738290146,0.6053406116600213,111.92716607283496,0.5744100513869199,112.30542649215514,0.3435341839192363,112.0995282878178,0.7579088722627025,,,,,,,,,,
2025-02-22,2025_02.csv,112.0732883489938,0.6046731848830866,111.91308420515143,0.5604982187483509,112.29172653364684,0.3454834815874497,112.1219742525255,0.7684654690626624,,,,,,,,,,
2025-02-23,2025_02.csv,112.12075361477436,0.6465167558392659,111.98236552211227,0.6227515629423364,112.37401525947044,0.41901785702853633,112.13255607830442,0.776127742767474,,,,,,,,,,
2025-02-24,2025_02.csv,112.1127013873206,0.6162637348959832,111.94988605105216,0.581394636534105,112.37931006830888,0.4090890562920446,112.14127912041174,0.7467377310161449,,,,,,,,,,
2025-02-25,2025_02.csv,112.10881927758211,0.5928127031567643,111.94206157345364,0.5649558804404764,112.37688182187456,0.39749088770453245,112.14043250315882,0.7110623136806993,,,,,,,,,,
2025-02-26,2025_02.csv,112.15065378399407,0.6210259131594009,112.01012454998563,0.6185910644839421,112.3920995751831,0.41520618265367126,112.17001103979464,0.7202400060630776,,,,,,,,,,
2025-02-27,2025_02.csv,112.18660770651168,0.6546205524108117,112.04286101229567,0.6503751991843609,112.4371802341864,0.45757335628562323,112.20472198330992,0.7514078247098599,,,,,,,,,,
2025-02-28,2025_02.csv,112.20319981396877,0.5632333814004298,112.04667897668554,0.5097451705756484,112.42889909524,0.28299116638685895,112.24501113435412,0.7458160675520631,,,,,,,,,,
2025-03-01,2025_03.csv,112.2110159424342,0.5321982112638901,112.01226301847628,0.4382852940959081,112.45301514773544,0.30402928160455645,112.28500459091453,0.7282945640172178,116.90840641695347,2.5022834943697614,112.13710930253531,1.7078084113299807,116.77566490999192,2.7246072256704057,117.01864014317462,2.5206903154119775,117.87150745381189,2.4628585500835243
2025-03-02,2025_03.csv,112.29638059557536,0.6288881951524328,112.05981900850696,0.42951019942210067,112.4893386837141,0.3416690308269743,112.42899136828076,0.9526778854461071,,,,,,,,,,
2025-03-03,2025_03.csv,112.29724312206318,0.542911879122232,112.0604188153694,0.381414270564262,112.48963799128052,0.2053025633610872,112.43036546662496,0.8546721364090404,,,,,,,,,,
2025-03-04,2025_03.csv,112.29724312206318,0.2637976981599399,112.0604188153694,-0.0006340147312822175,112.48963799128052,-0.13146376828011563,112.43036546662496,0.700853196792095,,,,,,,,,,
2025-03-05,2025_03.csv,112.29724312206318,0.17494973138498793,112.0604188153694,-0.12344764988134749,112.48963799128052,-0.26263322602507744,112.43036546662496,0.6645931089728663,,,,,,,,,,
2025-03-06,2025_03.csv,112.29742624118064,0.17539086859945652,112.0604188153694,-0.12259142039597881,112.49058039315948,-0.2620944161570882,112.43036546662496,0.6645931089728663,,,,,,,,,,
2025-03-07,2025_03.csv,112.46376534763242,0.3043801223496345,112.25791034958974,0.030835622284963726,112.6887221165408,-0.09260323597074516,112.55243460583092,0.7512446334673406,,,,,,,,,,
2025-03-08,2025_03.csv,112.51670312831004,0.3147482522869893,112.27570660028223,0.042973630408216223,112.69981461887367,-0.08877676695902004,112.65810850644264,0.7626826390527475,,,,,,,,,,
2025-03-09,2025_03.csv,112.54523350648162,0.31977659893747123,112.3230077765298,0.06148639024547986,112.74395379937602,-0.057874943205127316,112.66162924124312,0.7426951552064853,,,,,,,,,,
2025-03-10,2025_03.csv,112.4933909764204,0.3504048884136912,112.21288789149644,0.06532236147949178,112.67003462649193,-0.0013103852960272278,112.67507182200676,0.786076836472005,,,,,,,,,,
2025-03-11,2025_03.csv,112.61052499030087,0.4172722987178412,112.391166799665,0.22489029400212246,112.91101504586068,0.1865139253356407,112.67653396049816,0.7079629008045707,,,,,,,,,,
2025-03-12,2025_03.csv,112.62180798477031,0.452869197918937,112.44083114407108,0.3204177840546718,112.9218338953336,0.21943391162502213,112.651850206508,0.6881103790668419,,,,,,,,,,
2025-03-13,2025_03.csv,112.65185709656036,0.462110610541,112.4790185675308,0.32200126889907477,112.95432814490287,0.2572407692029266,112.67308123312904,0.6911031662100386,,,,,,,,,,
2025-03-14,2025_03.csv,112.66419730178124,0.4729529180429459,112.48230501429131,0.32541749218288896,112.96580041703406,0.2657455984953483,112.69436357964726,0.7100636240389813,,,,,,,,,,
2025-03-15,2025_03.csv,112.67185507941684,0.4451668673442377,112.48933029857264,0.3111004507057036,112.99917901166506,0.2632114926101048,112.69056636861282,0.6575921972743481,,,,,,,,,,
2025-03-16,2025_03.csv,112.57611120719837,0.3609831497444871,112.38008112033108,0.24954898386300162,112.87210272898308,0.14842763143019244,112.62223523536436,0.5663723288229727,,,,,,,,,,
2025-03-17,2025_03.csv,112.57078637077726,0.47658942233743673,112.36738060189104,0.37898173314812045,112.87592824180412,0.4858572830435337,112.61957654188696,0.5642172916175969,,,,,,,,,,
2025-03-18,2025_03.csv,112.57130851774949,0.4656432119896081,112.36871610374568,0.3583332925215288,112.87592824180412,0.47228305616391353,112.61957654188696,0.5636704228640266,,,,,,,,,,
2025-03-19,2025_03.csv,112.60059714937988,0.45546726548102434,112.3955825462854,0.309880457462719,112.90497725257536,0.49032530573653865,112.65126097739883,0.5763890641560021,,,,,,,,,,
2025-03-20,2025_03.csv,112.61958250637232,0.4717031365294666,112.41741602152824,0.32936621697357005,112.9547818927558,0.5346743024613021,112.65312113682891,0.5763450054729002,,,,,,,,,,
2025-03-21,2025_03.csv,112.66478210114282,0.4773828767858035,112.481486508432,0.36725094074152587,112.97187257656545,0.5353542206069761,112.69370029537706,0.5539735369967769,,,,,,,,,,
2025-03-22,2025_03.csv,112.6801313412698,0.4916590837591217,112.48430226749744,0.4158949564578407,112.96125839733604,0.5826445220116216,112.73303048519792,0.5203123258599396,,,,,,,,,,
2025-03-23,2025_03.csv,112.71341255467236,0.5721895999547311,112.5192719615295,0.5290099887897082,112.99101878547174,0.6104712076085539,112.76636952802384,0.5948653401055548,,,,,,,,,,
2025-03-24,2025_03.csv,112.73368267391206,0.5892522068789541,112.53019309227628,0.5514179968390431,112.9908017666454,0.6225527512831563,112.80505253372046,0.6092278393675876,,,,,,,,,,
2025-03-25,2025_03.csv,112.7283632194966,0.5419242960227333,112.52121269821828,0.48118931368672513,112.98149529394712,0.5405876376972207,112.80505253372046,0.5997334573791591,,,,,,,,,,
2025-03-26,2025_03.csv,112.75259808974454,0.5707620051123907,112.5257506717824,0.5143950039106171,113.01358396556108,0.5644045125981378,112.84417692364757,0.6267966700121974,,,,,,,,,,
2025-03-27,2025_03.csv,112.8052289937441,0.6211908399799126,112.52255413491622,0.518565187475728,112.96759173057048,0.5256507380514641,112.99564849386606,0.7626294741489792,,,,,,,,,,
2025-03-28,2025_03.csv,112.92090747500492,0.6868026757065326,112.67271045456008,0.5915410836622614,113.10405549378191,0.6334572637132441,113.06908404028547,0.8015270678469077,,,,,,,,,,
2025-03-29,2025_03.csv,113.08449702450436,0.8003533900780901,112.83476988045324,0.7067910092644514,113.3109271189149,0.7770978273455853,113.21383666492832,0.899351349730626,,,,,,,,,,
2025-03-30,2025_03.csv,113.20007929241706,0.8884590458214214,112.92012913698932,0.7795413199935375,113.40572926619764,0.868842600806885,113.36764818882531,1.0001665491639722,,,,,,,,,,
2025-03-31,2025_03.csv,113.35485562079998,1.019364871406725,113.15075716914843,1.0164013474885047,113.680570264371,1.0916160096044125,113.39465962058053,0.9882486389957368,,,,,,,,,,
2025-04-01,2025_04.csv,113.35034603389468,0.9385569087173584,113.15075716914843,0.9735319673848997,113.65736218412472,1.0383415122518835,113.39465962058053,0.8589139158391434,118.32515766137166,1.2118471954577492,113.14146450322202,0.8956492698390051,117.82208589554969,0.8960950779979049,118.26967614003578,1.0690912108793027,119.642679526448,1.5026295250615718
2025-04-02,2025_04.csv,114.60496760016626,2.055014365396901,114.98440091887034,2.6092907151440192,115.59996604796449,2.7649907246790617,113.78105658504025,1.2013579363630456,,,,,,,,,,
2025-04-03,2025_04.csv,114.76630181060251,2.1986814813036437,115.21991924066762,2.819461553596203,115.77670531409052,2.9221067660158973,113.86523542303485,1.2762299139157607,,,,,,,,,,
2025-04-04,2025_04.csv,114.85657097493512,2.2790656134719534,115.3287338178342,2.916565043228747,115.94901237942894,3.075282710409799,113.89958262484043,1.3067796694582468,,,,,,,,,,
2025-04-05,2025_04.csv,114.98147210422056,2.3901223321676213,115.38445798385146,2.966291937529464,116.01891395106354,3.1365591195035014,114.11547028627464,1.4987986676516796,,,,,,,,,,
2025-04-06,2025_04.csv,115.44323189726909,2.6492680023890047,115.29387122011518,2.7044516159894227,115.99915373904835,2.937677844180331,115.32356990181351,2.462083832915174,,,,,,,,,,
2025-04-07,2025_04.csv,115.49798189274736,2.6496321715341997,115.29787050336397,2.691734476311125,116.01831287074288,2.9445463269763605,115.44284120199389,2.471843999930101,,,,,,,,,,
2025-04-08,2025_04.csv,115.41925058737344,2.553655087246587,115.15864334042617,2.5245367089331783,115.8932708154266,2.793335615721526,115.44284120199389,2.4686417012444783,,,,,,,,,,
2025-04-09,2025_04.csv,115.48718511539352,2.6613066892086534,115.19855898710074,2.6607203073601315,115.92930842615628,2.8927600940827247,115.55213571352098,2.553416514399154,,,,,,,,,,
2025-04-10,2025_04.csv,115.49662088767924,2.562900668145307,115.20069080682566,2.499772968963465,115.93190332489706,2.6754593232638957,115.57166256000504,2.56941574056746,,,,,,,,,,
2025-04-11,2025_04.csv,115.52614209496974,2.5788381150764206,115.2157053193799,2.4678527782788784,115.9418547061351,2.6744347896445975,115.62402930954738,2.6383757546732944,,,,,,,,,,
2025-04-12,2025_04.csv,115.68412286745584,2.6917139664163203,115.48690705669696,2.6741773954582104,116.17023101370916,2.847082463879369,115.64228717819154,2.6352398572636826,,,,,,,,,,
2025-04-13,2025_04.csv,115.82630346736627,2.8066646204517376,115.62989995947493,2.798302315002976,116.28226802518112,2.935815614906212,115.79782550322122,2.7538750164559644,,,,,,,,,,
2025-04-14,2025_04.csv,115.8275102961745,2.800748434055156,115.63171025900134,2.793491571234452,116.28483632004944,2.907682460281591,115.79782550322122,2.757337401645943,,,,,,,,,,
2025-04-15,2025_04.csv,115.82948603298264,2.8899335666306536,115.6336366461328,2.89513541311468,116.28483632004944,3.023540368748745,115.8007734797636,2.8223007985559434,,,,,,,,,,
2025-04-16,2025_04.csv,116.00635348757086,3.0519171337026973,115.71840455206234,2.98220349377345,116.35876989033702,3.0855486220870088,116.11269708507632,3.1016992342269623,,,,,,,,,,
2025-04-17,2025_04.csv,116.27137491977112,3.2868645223558257,115.99109048350336,3.2236502341214557,116.62812293727704,3.3241761586535246,116.36846322816312,3.328805525104972,,,,,,,,,,
2025-04-18,2025_04.csv,116.45823768916426,3.425950339025907,116.24443257650312,3.42437838127021,116.83481478388896,3.4806592472201636,116.48336151580614,3.4017378102639606,,,,,,,,,,
2025-04-19,2025_04.csv,116.42155621661692,3.375943708572593,116.26664173019007,3.424047487379256,116.92332973876448,3.5133951653118833,116.33250084938548,3.266114312170343,,,,,,,,,,
2025-04-20,2025_04.csv,116.42155621661692,3.3344706707918004,116.26664173019007,3.3651362008576546,116.92332973876448,3.4977353849923842,116.33250084938548,3.2289298731614124,,,,,,,,,,
2025-04-21,2025_04.csv,116.4533879279814,3.34864411480289,116.2704900578854,3.36596993008329,116.92367147496536,3.5077628683027884,116.4054684092832,3.257641445705195,,,,,,,,,,
2025-04-22,2025_04.csv,116.47709212849,3.3391585690762726,116.30019117048629,3.3602414440163653,116.95696205669702,3.5099632819092896,116.41902737006464,3.2391375702957914,,,,,,,,,,
2025-04-23,2025_04.csv,116.53503359772576,3.3719744034347743,116.39369087822682,3.4332988149966326,116.9703967261814,3.5220521470011867,116.46429941397888,3.2438678924993747,,,,,,,,,,
2025-04-24,2025_04.csv,116.56262120189405,3.4013249841405413,116.41290595647617,3.4586307460935384,117.01103188284915,3.566545635122176,116.49366693871876,3.2699017660540397,,,,,,,,,,
2025-04-25,2025_04.csv,116.58737810360252,3.4010568969822907,116.43293378478889,3.472256874253654,117.0175040893868,3.5428662496411523,116.53144934128082,3.2675788136840467,,,,,,,,,,
2025-04-26,2025_04.csv,116.62379065605845,3.385092780163701,116.4424614203849,3.4836636224668815,117.11797196826694,3.673956551711921,116.56319519965008,3.1572425605201015,,,,,,,,,,
2025-04-27,2025_04.csv,116.6971537931724,3.3441515859260695,116.48487131861036,3.3833932357451246,117.17024516346429,3.595087419218057,116.67562118276985,3.1896757394792363,,,,,,,,,,
2025-04-28,2025_04.csv,116.71231578087637,3.2080602132279035,116.51255250037146,3.2594408831734922,117.18270486828284,3.416950022220422,116.68024676655423,3.0618254832977865,,,,,,,,,,
2025-04-29,2025_04.csv,116.71231578087637,3.1026802369868767,116.51255250037146,3.181384391638442,117.18270486828284,3.330498050252384,116.68024676655423,2.921996381376335,,,,,,,,,,
2025-04-30,2025_04.csv,116.92746778982008,3.1517063379899346,116.78269092794216,3.209818342942561,117.42155093174404,3.290782812465798,116.83245838742836,3.0317113507379867,,,,,,,,,,
2025-05-01,2025_05.csv,117.30084308638772,3.4852095213822487,117.3155027525257,3.6807050059341817,117.94040429192322,3.7683807062669494,116.98736151968254,3.168316665990467,124.95810397031104,5.605694038390263,117.2710526245544,3.6499334169523445,124.98110986273662,6.076130729457185,125.8197563222552,6.3837835940971255,126.03563636429708,5.343374841781157
2025-05-02,2025_05.csv,118.31771497949322,3.2396042310137707,118.63846039903252,3.1778740863644517,119.28902231640026,3.191226082977505,117.5602325634914,3.32144567107846,,,,,,,,,,
2025-05-03,2025_05.csv,118.31771497949322,3.094473824513022,118.63846039903252,2.966970625299914,119.28902231640026,3.0336992167648846,117.5602325634914,3.2450616966001933,,,,,,,,,,
2025-05-04,2025_05.csv,118.89611339121218,3.517032053097413,119.45901695779122,3.581313176021639,119.74987573846572,3.2780472045755182,117.96540983537464,3.5696594463617393,,,,,,,,,,
2025-05-05,2025_05.csv,118.93161205506512,3.435457799030539,119.45960609142382,3.531799844431993,119.75437000480356,3.219695760396135,118.04834649551714,3.4464005619714078,,,,,,,,,,
2025-05-06,2025_05.csv,118.93161205506512,3.021727736191826,119.45960609142382,3.6131451110315904,119.75437000480356,3.2372790186064204,118.04834649551714,2.3627230721555925,,,,,,,,,,
2025-05-07,2025_05.csv,119.80610896924088,3.73004532710719,121.34608564987391,5.2457301423736835,120.41758372649916,3.791876253757942,118.06778642788456,2.2738051130409387,,,,,,,,,,
2025-05-08,2025_05.csv,120.95316153774746,4.794616948396135,122.5006509690291,6.375559328967473,122.98728479468338,6.121161245465934,118.54118617625129,2.68387796245948,,,,,,,,,,
2025-05-09,2025_05.csv,121.39522220147406,5.115751223979781,122.65031681426171,6.468620695155902,123.13091228960522,6.2120648878330575,119.39873197646318,3.32888374515099,,,,,,,,,,
2025-05-10,2025_05.csv,121.40506793194038,5.115688232997839,122.46926339384154,6.309486979730172,123.04526605304096,6.1358112168734324,119.63329085435424,3.5143807784545844,,,,,,,,,,
2025-05-11,2025_05.csv,121.58033228930924,5.2405369767845045,122.44060157580896,6.270756435853531,123.1223947368304,6.193225085880338,120.04678834183947,3.825121005298593,,,,,,,,,,
2025-05-12,2025_05.csv,121.67138148475247,5.17552319963257,122.51301723648456,6.083901940795933,123.17034754467852,6.025740389672873,120.17559685465102,3.9201141615905266,,,,,,,,,,
2025-05-13,2025_05.csv,121.66941867073096,5.044722164521964,122.51301723648456,5.952714029348782,123.17034754467852,5.923585458451641,120.17086392717356,3.7764426101686066,,,,,,,,,,
2025-05-14,2025_05.csv,122.11903679604112,5.431806730351885,122.90087359934144,6.286479136266365,123.60478535198284,6.294843991341037,120.68582089111072,4.221146093761097,,,,,,,,,,
2025-05-15,2025_05.csv,122.31486787282728,5.5990767653047335,122.89413244747315,6.278878717236269,123.6229685073285,6.310480729475687,121.15586346072207,4.624399146948943,,,,,,,,,,
2025-05-16,2025_05.csv,122.57468276630796,5.662042708239112,123.01196102385394,6.302849144891365,123.73282460235046,6.337343303786347,121.61979865138082,4.7428935030847,,,,,,,,,,
2025-05-17,2025_05.csv,122.64981373552344,5.485820409497633,123.0303706533752,6.068811096204829,123.77342471360056,6.126568443673142,121.76458310885825,4.637098171619725,,,,,,,,,,
2025-05-18,2025_05.csv,124.2583975657804,6.697817201592349,123.83620769376992,6.530872015974176,124.62274167651196,6.665758752670126,124.48570888452026,6.8699488618623406,,,,,,,,,,
2025-05-19,2025_05.csv,124.40402887830716,6.85652461717472,123.97118865406075,6.626618614950575,124.84649327988107,6.776375218546105,124.6047782594575,7.110891066273961,,,,,,,,,,
2025-05-20,2025_05.csv,124.40402887830716,6.85652461717472,123.97118865406075,6.626618614950575,124.84649327988107,6.776375218546105,124.6047782594575,7.110891066273961,,,,,,,,,,
2025-05-21,2025_05.csv,124.85603315815204,7.215457943883186,124.5323696338302,7.10574073596113,125.3140623999897,7.175955748892826,124.94656285401187,7.337365298594101,,,,,,,,,,
2025-05-22,2025_05.csv,125.23894624343824,7.522383976827585,125.03981859722823,7.514714583684889,125.9449368478728,7.684856577258459,125.09588884815328,7.453130020153176,,,,,,,,,,
2025-05-23,2025_05.csv,125.59366392992148,7.773310782631904,125.24963158080013,7.608608882279144,126.1667303833755,7.862103501898843,125.6494967128554,7.886706351297601,,,,,,,,,,
2025-05-24,2025_05.csv,125.78756499918197,7.914152669327601,125.39672623461432,7.717203006251716,126.35020824386118,7.981449450306832,125.89240848460054,8.068027896165342,,,,,,,,,,
2025-05-25,2025_05.csv,125.94583386106632,8.026988778448763,125.4911095726554,7.779736792177183,126.43061643369477,8.04419169384909,126.14738673147284,8.251795926806182,,,,,,,,,,
2025-05-26,2025_05.csv,126.17546052016104,8.190155550913225,125.6635629288104,7.919019742407496,126.61581370101716,8.109636440190116,126.4517308453354,8.48341161954953,,,,,,,,,,
2025-05-27,2025_05.csv,126.18213100617444,8.127856511233066,125.6687394431553,7.884172442810322,126.63972691230155,8.081814402305287,126.4517308453354,8.378879463818322,,,,,,,,,,
2025-05-28,2025_05.csv,127.09690907889612,8.897598534088292,126.63378851594317,8.686820259593443,128.04081884881546,9.265969745908741,127.09125734755506,8.922684746999598,,,,,,,,,,
2025-05-29,2025_05.csv,127.29895482104376,9.070712862936814,126.82364877213251,8.849772878959271,128.6124997702858,9.753824094477448,127.1316015284726,8.95726144874267,,,,,,,,,,
2025-05-30,2025_05.csv,128.11458397167286,9.567569018053046,128.16849184023434,9.749562047099513,129.6004813679166,10.371972043915555,127.36755716483398,9.017270476728445,,,,,,,,,,
2025-05-31,2025_05.csv,128.24584833411205,9.330713198424112,128.3113753596447,9.37290669104025,129.62051853038466,9.903403594879245,127.53998208631164,9.020308202141702,,,,,,,,,,
2025-06-01,2025_06.csv,129.91374376043916,9.800754504898745,129.2205226813639,8.919588341537231,131.00004894627517,9.817354860041338,130.05830231313573,10.631205363509654,134.68006617742444,7.780177434048818,123.37737197282063,5.207013335009214,136.72482424433335,9.396391498278845,136.51158276665936,8.49773259536426,132.2103952938681,4.8992166879876065
2025-06-02,2025_06.csv,130.06314923589588,9.927029319690938,129.58888089025933,9.230076363428697,131.00964044050303,9.825395410665028,130.0667976256001,10.638431712317509,,,,,,,,,,
2025-06-03,2025_06.csv,130.79763618100267,10.010018368413842,130.46221867832597,9.210859088537893,132.10793918967468,10.319896680476749,130.49992120923525,10.625582017095535,,,,,,,,,,
2025-06-04,Forward Fill,130.79763618100267,9.977182618565372,130.46221867832597,9.210320498195612,132.10793918967468,10.315756480849592,130.49992120923525,10.547860332961934,,,,,,,,,,
2025-06-05,Forward Fill,130.79763618100267,9.977182618565372,130.46221867832597,9.210320498195612,132.10793918967468,10.315756480849592,130.49992120923525,10.547860332961934,,,,,,,,,,
2025-06-06,Forward Fill,130.79763618100267,9.174429673351426,130.46221867832597,7.512506876204728,132.10793918967468,9.708179737045274,130.49992120923525,10.529658560969303,,,,,,,,,,
2025-06-07,Forward Fill,130.79763618100267,8.139080052225767,130.46221867832597,6.499204409378789,132.10793918967468,7.41593280168551,130.49992120923525,10.088253221292454,,,,,,,,,,
2025-06-08,Forward Fill,130.79763618100267,7.745291625994866,130.46221867832597,6.369247195581562,132.10793918967468,7.290636228663194,130.49992120923525,9.297577159328974,,,,,,,,,,
2025-06-09,Forward Fill,130.79763618100267,7.736553678572755,130.46221867832597,6.526499027580779,132.10793918967468,7.3653163809870525,130.49992120923525,9.083282986932485,,,,,,,,,,
2025-06-10,Forward Fill,130.79763618100267,7.581245846376028,130.46221867832597,6.551435552650764,132.10793918967468,7.2980585473914505,130.49992120923525,8.70754895801955,,,,,,,,,,
2025-06-11,2025_06.csv,132.18380371260187,8.64001221944437,131.177766277209,7.07251297549798,132.9388551892878,7.9308923286636634,132.77847770559217,10.487054926953254,,,,,,,,,,
2025-06-12,2025_06.csv,132.18380371260187,8.641764838480537,131.177766277209,7.07251297549798,132.9388551892878,7.9308923286636634,132.77847770559217,10.491406457774266,,,,,,,,,,
2025-06-13,2025_06.csv,132.39086682009065,8.411325779784185,131.4549317033462,6.9601279905390445,133.1405338606299,7.714708197981657,132.9219743158881,10.138849232187352,,,,,,,,,,
2025-06-14,2025_06.csv,132.4175665221743,8.259583503659563,131.48621329066455,6.991449202722344,133.15980141818395,7.714450660752492,132.94783669111357,9.732895209165315,,,,,,,,,,
2025-06-15,2025_06.csv,132.74687351143385,8.298769791245931,131.5593634650108,6.948431981747993,133.3367412365496,7.761817985699415,133.59002723840032,9.842335474778885,,,,,,,,,,
2025-06-16,2025_06.csv,132.7760634778426,8.256229205659427,131.59102361218382,6.958162373522669,133.4008513272888,7.778266324911942,133.6005268947549,9.720350108138787,,,,,,,,,,
2025-06-17,2025_06.csv,132.77980175655628,6.857809498359879,131.59693856127754,6.266931951516841,133.40428770116733,7.046503636912416,133.60235456100926,7.3234476135297655,,,,,,,,,,
2025-06-18,2025_06.csv,132.93773274969485,6.859668411330477,131.75489245079223,6.278639320343826,133.6298372149388,7.035314892959943,133.72858187241266,7.32219401246168,,,,,,,,,,
2025-06-19,2025_06.csv,133.08903768975796,6.981292237686709,131.91892356281951,6.410953218281046,133.8510638565284,7.2125138160355595,133.83512791452128,7.407701200546213,,,,,,,,,,
2025-06-20,2025_06.csv,133.26073024581848,6.731510584691103,132.17880713812363,6.140120457658282,134.0635912917181,6.9820806413575465,133.90454507948644,7.169450700249436,,,,,,,,,,
2025-06-21,2025_06.csv,133.26219076086642,6.406349428901037,132.17880713812363,5.709372119205591,134.0678908274871,6.449607410122349,133.90605230321407,7.042728211280336,,,,,,,,,,
2025-06-22,2025_06.csv,133.33691452440155,6.16531945337675,132.27320911733,5.607663230529236,134.16922529301004,6.342793290527404,133.94975610198375,6.605883514278443,,,,,,,,,,
2025-06-23,2025_06.csv,133.34083917414296,6.004786065307899,132.2798848898187,5.489105546763762,134.16922529301004,6.18836894519228,133.95292597829936,6.4027033803907285,,,,,,,,,,
2025-06-24,2025_06.csv,133.33761788506655,5.8690182893657905,132.27733422412982,5.407733404050741,134.1704984906002,6.121841588081267,133.94696660110665,6.182910381042306,,,,,,,,,,
2025-06-25,2025_06.csv,133.87976315491247,6.106022996064597,133.19336840438808,5.992035638718418,134.998603259275,6.620649753949737,134.00264218465534,5.971378397782123,,,,,,,,,,
2025-06-26,2025_06.csv,133.976239533236,6.176871847789744,133.2676794806262,6.0468021491599355,135.0771252487724,6.662520949933648,134.12842739794283,6.070851305307068,,,,,,,,,,
2025-06-27,2025_06.csv,134.34666921073668,5.704119938385155,133.84305545855923,5.693004234575527,135.51923304838076,5.840648526619829,134.2720586830111,5.650114323614552,,,,,,,,,,
2025-06-28,2025_06.csv,134.39803763355542,5.576701570324372,133.86377531673423,5.551114963780068,135.5872677706918,5.423087190485831,134.34451234536058,5.673578189977069,,,,,,,,,,
2025-06-29,2025_06.csv,134.57029572400322,5.039013945327064,133.9030217889573,4.474211927117944,135.64278948643957,4.66225746598099,134.69686369773316,5.7544532501427215,,,,,,,,,,
2025-06-30,2025_06.csv,134.5908137871865,4.947501642738761,133.908004061358,4.36175567912549,135.72331093078324,4.708199341887376,134.7039141237531,5.617008815787128,,,,,,,,,,
2025-07-01,2025_07.csv,135.86364689074384,4.57988736070627,134.81217468747215,4.327216675865286,136.6915345738222,4.34464389389746,136.46702795100973,4.927579034857765,136.40186729220912,1.2784379779828825,124.85664517596994,1.1989825844849422,136.64070897523445,-0.061521577785017545,136.83431429081577,0.23641329007815237,135.26065470349246,2.3071252474848647
2025-07-02,2025_07.csv,136.08155274703594,4.627293392861387,135.2839202945692,4.394697573731388,136.7547585388222,4.385263618006996,136.5180999607323,4.959991675740638,,,,,,,,,,
2025-07-03,2025_07.csv,136.56352936502202,4.408254883169516,136.062033113771,4.292288213534223,137.63611489105054,4.184590067247029,136.53376655941886,4.623639075236929,,,,,,,,,,
2025-07-04,2025_07.csv,136.6424475973063,4.468591013537404,136.080065254637,4.306109947557046,138.00597610222098,4.464559017969516,136.53376655941886,4.623639075236929,,,,,,,,,,
2025-07-05,2025_07.csv,136.64307006281032,4.469066913195996,136.08309974362555,4.308435899866692,138.0083699174999,4.466371032670202,136.53128512586247,4.62173759243647,,,,,,,,,,
2025-07-06,2025_07.csv,136.92456723780737,4.684282710068266,136.0933075747056,4.316260257894222,138.01846746888228,4.474014442630536,137.19570379706175,5.130870981209945,,,,,,,,,,
2025-07-07,2025_07.csv,136.92734585685204,4.686407074946564,136.0884116580747,4.31250751117529,138.0402724238526,4.490519851089747,137.19680299339933,5.131713277762606,,,,,,,,,,
2025-07-08,2025_07.csv,137.19966884540955,4.894608841055437,136.33333563047276,4.50024306778265,138.24172591855486,4.643011439360634,137.52816186125438,5.38562827233473,,,,,,,,,,
2025-07-09,2025_07.csv,137.21678138885335,4.907692061779789,136.34470558699402,4.508958201279878,138.24245217276192,4.643561182405231,137.5583659184375,5.408773157713376,,,,,,,,,,
2025-07-10,2025_07.csv,137.26430881851488,4.944028673854151,136.39494373339028,4.547466013660495,138.29477556703736,4.68316773035109,137.6010906962505,5.441512470823406,,,,,,,,,,
2025-07-11,2025_07.csv,137.4640645506907,3.994635265277524,136.42411082979885,3.9994159844916943,138.5498767938187,4.220753666444255,137.93573809131647,3.8841086860171847,,,,,,,,,,
2025-07-12,2025_07.csv,137.59893481847269,4.09666763535157,136.72704598600754,4.2303508180430605,138.57133937492517,4.236898367762709,137.96530053000532,3.9063731668274038,,,,,,,,,,
2025-07-13,2025_07.csv,137.62315338429835,3.952150695801393,136.78115847131727,4.051751196364961,138.64506207727655,4.1343744515916825,137.93814169395742,3.7737683358121332,,,,,,,,,,
2025-07-14,2025_07.csv,137.63085678824947,3.9370080594270496,136.79347293146571,4.03636207019582,138.652432981879,4.124842110905247,137.94165379020734,3.7562229092123145,,,,,,,,,,
2025-07-15,2025_07.csv,137.61768112602073,3.669244695369289,136.8050061476616,3.987281896545447,138.4990936366285,3.8716653431033476,137.9708562319197,3.2793084065335876,,,,,,,,,,
2025-07-16,2025_07.csv,137.63185864662174,3.657131444923034,136.74872840129183,3.919495910532955,138.6329016082316,3.922051642763802,137.99540397251832,3.2895656775556947,,,,,,,,,,
2025-07-17,2025_07.csv,137.67255759353904,3.684864544347888,136.8970923179409,4.027566153596607,138.63472151913388,3.920738911842925,137.95281765164518,3.25627726018054,,,,,,,,,,
2025-07-18,2025_07.csv,137.54178465558837,3.463314598995293,136.8979494019546,3.9035035857079903,138.69204752018223,3.788233534327401,137.6098176223092,2.9023232696803403,,,,,,,,,,
2025-07-19,2025_07.csv,137.59431537926014,3.3851606170632653,136.90895170920393,3.7826477139257353,138.8027996679149,3.6994370225507778,137.67422031469226,2.8685237276591335,,,,,,,,,,
2025-07-20,2025_07.csv,137.65491188074805,3.2974317541438314,137.01496040862753,3.658796273936904,138.78914942326455,3.524863153385005,137.72679192351617,2.854456390379312,,,,,,,,,,
2025-07-21,2025_07.csv,137.6696373339401,3.307349630010714,137.03445740313174,3.6735467433399283,138.82570229902117,3.54880757962861,137.72679192351617,2.853298678128824,,,,,,,,,,
2025-07-22,2025_07.csv,137.7732245700436,3.327143170715985,137.0576898954141,3.6171200578040796,138.8774357875923,3.5091582919257958,137.93042966004384,2.9717661859939293,,,,,,,,,,
2025-07-23,2025_07.csv,137.82392851303388,3.3621277372013703,137.13541496896917,3.670648854279568,138.9265863336404,3.545791540676202,137.95638712115155,2.988707498260057,,,,,,,,,,
2025-07-24,2025_07.csv,137.84066448766333,3.3771764292941597,137.11829572687887,3.659705973924865,138.9657174990082,3.573974206217878,137.99454719904367,3.0217784699751338,,,,,,,,,,
2025-07-25,2025_07.csv,137.86811128169302,2.9790522725720914,137.1505388907046,2.9709966297287282,139.00096739117916,2.964744845705791,138.0138161133893,2.993354357301836,,,,,,,,,,
2025-07-26,2025_07.csv,137.8890719745864,2.920542071476584,137.16735567715864,2.926198018702153,139.10947304714304,2.9852188451184647,137.9976650307895,2.884726010666716,,,,,,,,,,
2025-07-27,2025_07.csv,137.93367304080311,2.6699611171154825,137.27008410188876,2.5604829713339994,139.1185154320801,2.6559199773617426,138.00412694839645,2.779482419492796,,,,,,,,,,
2025-07-28,2025_07.csv,137.93410723001315,2.6310425797280157,137.27008410188876,2.544608335671761,139.11878086911716,2.604605252757164,138.005049539199,2.7247389044282366,,,,,,,,,,
2025-07-29,2025_07.csv,137.9816704645848,2.5350131856573643,137.33770246600645,2.565050908606459,139.26107577121422,2.667510966468578,137.98931995902345,2.44434515467169,,,,,,,,,,
2025-07-30,2025_07.csv,138.04856952482962,2.569087473615017,137.43191099583362,2.6315879765192562,139.32232787640325,2.651730878754832,138.0331187069029,2.471498029442021,,,,,,,,,,
2025-07-31,2025_07.csv,138.12478440017878,1.6642697006751694,137.51695501921537,2.0063323939500055,139.38974984569776,1.9739446779115433,138.1051296995353,1.2003644932559343,,,,,,,,,,
2025-08-01,2025_08.csv,138.22291491273398,1.57358739849085,137.5342766481473,1.6634322458117357,139.32228311090685,1.8774663488991372,138.357032427041,1.3470246559523336,137.94319764635918,1.1299921216240572,126.1144746181894,1.0074189006493928,138.38704324478695,1.278048308333224,137.7764184191156,0.6884999082156895,137.06248384249304,1.332116233616043
2025-08-02,2025_08.csv,138.28771129423262,1.2625493330668203,137.5342766481473,1.0820384648708492,139.6500337037606,1.4632197474509168,138.35971092730838,1.337357354083446,,,,,,,,,,
2025-08-03,2025_08.csv,138.14478188391104,1.0994638291552006,137.3733712841308,0.9504008004947107,139.2253842952019,0.8835908613679999,138.3657260065758,1.3417629157397304,,,,,,,,,,
2025-08-04,2025_08.csv,138.14478188391104,1.0990032794275129,137.3733712841308,0.9481497283175155,139.2253842952019,0.881840991549665,138.3657260065758,1.343604785542185,,,,,,,,,,
2025-08-05,2025_08.csv,138.18047065350788,0.917222848343413,137.42252294846028,0.9766941500962911,139.2823006264811,0.9156985878601809,138.37877656361354,0.8623249371582098,,,,,,,,,,
2025-08-06,2025_08.csv,138.16242318990248,0.9019946492949904,137.39150768556703,0.9575363630272893,139.26458641206855,0.8869252187917231,138.3727984199253,0.8571594970638863,,,,,,,,,,
2025-08-07,2025_08.csv,138.16242318990248,0.7017176882385456,137.39150768556703,0.7761653085071041,139.26458641206855,0.7399072072612256,138.3727984199253,0.614155346250489,,,,,,,,,,
2025-08-08,2025_08.csv,138.16361337814618,0.6900263799437534,137.39150768556703,0.7677614573050606,139.26458641206855,0.7393779719917504,138.3756683172157,0.5941495403215535,,,,,,,,,,
2025-08-09,2025_08.csv,138.17665292431005,0.6646622954270098,137.39150768556703,0.7306458178719,139.26458641206855,0.7012635445227566,138.40711053520272,0.5857655886837954,,,,,,,,,,
2025-08-10,2025_08.csv,138.18226995425653,0.5224677488719243,137.38728554722388,0.7060150229798223,139.23486396405312,0.4943975311171078,138.43856151165278,0.3645345486921192,,,,,,,,,,
2025-08-11,2025_08.csv,138.1902778326928,0.4297584243658781,137.4013508478682,0.4931759162921434,139.2477747397036,0.4881495465294039,138.43856151165278,0.3430289933986197,,,,,,,,,,
2025-08-12,2025_08.csv,138.18901990645912,0.4111710190077167,137.39813343417526,0.4510672155093376,139.2477747397036,0.4347162844437369,138.43856151165278,0.3627856744696789,,,,,,,,,,
2025-08-13,2025_08.csv,138.26608446346802,0.4615445184620759,137.52164725488916,0.5323165702418198,139.41260038606302,0.5482539237399164,138.43071605145465,0.35454284315825646,,,,,,,,,,
2025-08-14,2025_08.csv,138.03213400294433,0.3011625203479973,137.2860517115742,0.351628626362821,139.2898684048167,0.5709602477709463,138.1462060069516,0.12709189449193747,,,,,,,,,,
2025-08-15,2025_08.csv,137.99060469860365,0.2606562575769633,137.33501129067497,0.42873004834289574,139.36115225362468,0.5253086655079064,137.96651016566048,-0.020938238539880416,,,,,,,,,,
2025-08-16,2025_08.csv,138.08624551261252,0.30048684088141986,137.45483805490525,0.40741971032445257,139.48432999187978,0.6128395999472902,138.02644735067824,0.05337310269297735,,,,,,,,,,
2025-08-17,2025_08.csv,138.0312349371858,0.3558557007407037,137.37247740051384,0.3466290040371245,139.36223211561568,0.4832177528678594,138.0286544036357,0.30436547955905446,,,,,,,,,,
2025-08-18,2025_08.csv,138.0261802780908,0.31386827111301585,137.3652181229698,0.33326265965061275,139.3524297611318,0.3959791117555733,138.02790265342128,0.25689801469046536,,,,,,,,,,
2025-08-19,2025_08.csv,138.04356003532808,0.28233511559452307,137.37599350067865,0.26349903030618016,139.3401223514405,0.396985593229382,138.065418399651,0.2458682667370038,,,,,,,,,,
2025-08-20,2025_08.csv,138.12803015116822,0.3329658057543927,137.4595061483217,0.31017654482299317,139.44938171823074,0.44925356679716977,138.1391763760961,0.29942209995634794,,,,,,,,,,
2025-08-21,2025_08.csv,138.1718102155624,0.28930559385735855,137.46643940056575,0.29823171940484006,139.4718532849338,0.4280158932734146,138.22767788621223,0.21550590895789146,,,,,,,,,,
2025-08-22,2025_08.csv,138.17823311096726,0.25707045340814805,137.5153704899661,0.2770659359458083,139.4989685342497,0.41200335782720643,138.18433072740075,0.1652287443922651,,,,,,,,,,
2025-08-23,2025_08.csv,138.37722924311367,0.3892644869673889,137.76782094376478,0.4736969734364882,139.76415601640358,0.5745579066297912,138.3019191092407,0.2227420694773441,,,,,,,,,,
2025-08-24,2025_08.csv,138.37722924311367,0.36927898459451214,137.76782094376478,0.4500762870148778,139.76415601640358,0.5490527436953885,138.3019191092407,0.2087493875357449,,,,,,,,,,
2025-08-25,2025_08.csv,138.41312697359234,0.3800554978733439,137.80657487665275,0.46601408647011233,139.81142927439228,0.5046070636838262,138.32979423095432,0.2406774057305272,,,,,,,,,,
2025-08-26,2025_08.csv,138.425291125588,0.35641629338720726,137.8130114985525,0.3955176397071103,139.82542356353528,0.508133751470563,138.34650054654966,0.2480893910377313,,,,,,,,,,
2025-08-27,2025_08.csv,138.45002401563193,0.37403133712132774,137.8230390764831,0.402822638459166,139.8529958334024,0.5277612121802333,138.38376657919005,0.27442259631482724,,,,,,,,,,
2025-08-28,2025_08.csv,138.49541447781232,0.37232772403590353,137.88319909389867,0.39719364609820396,139.92720930299103,0.47833432858954694,138.40172818475205,0.29886967038541545,,,,,,,,,,
2025-08-29,2025_08.csv,138.49805287084467,0.32559797436670923,137.87096380885538,0.3194693356443734,139.88363636793193,0.4028848068248214,138.44004074994976,0.29480029637733995,,,,,,,,,,
2025-08-30,2025_08.csv,138.62869457109156,0.3648224126474142,138.1205516430098,0.4389252392260179,140.12112760909227,0.5246998177442341,138.40848189149986,0.21965309516347453,,,,,,,,,,
2025-08-31,2025_08.csv,138.62869457109156,0.2935690211812947,138.1205516430098,0.42627555046685917,140.12112760909227,0.5733788453276434,138.40848189149986,0.03718601328486226,,,,,,,,,,
2025-09-01,2025_09.csv,138.71310076891075,0.3076119133774924,138.22346869559576,0.5011056619809828,140.18615231472526,0.3839015263697787,138.48451792066172,0.09020472254304135,138.10597284570719,0.11800161379853513,126.3687002129272,0.2015832009033547,138.39763359707263,0.007652705077987321,137.48509776322496,-0.21144449771109963,137.3290841518908,0.19451005258603882
2025-09-02,2025_09.csv,138.71515693168848,0.4128820792208776,138.22692370987505,0.6213376127887527,140.18978227162245,0.6926883206698209,138.48451792066172,0.08585356902637287,,,,,,,,,,
2025-09-03,2025_09.csv,138.77853545931708,0.45876041553174485,138.27979879453537,0.6598276666951675,140.20060337814377,0.7004606867337504,138.58242396745578,0.1566124553631587,,,,,,,,,,
2025-09-04,2025_09.csv,138.66878933549737,0.3533919660861251,138.1561137557753,0.5338213791855173,140.1425186587665,0.6176075699613204,138.46161330724897,0.05986231826333732,,,,,,,,,,
2025-09-05,2025_09.csv,138.66674589132248,0.3650216099111203,138.13982528382795,0.5446607369456125,140.1425186587665,0.6304059555386488,138.47204199921984,0.07172188495703224,,,,,,,,,,
2025-09-06,2025_09.csv,138.57957416671306,0.30192795347632195,137.93993410030097,0.39917053387976686,139.99172895958625,0.52213026028467,138.52094481144087,0.10706323295275322,,,,,,,,,,
2025-09-07,2025_09.csv,138.61775226285653,0.32869644445920887,138.00456490607294,0.44621187352347214,140.12863805985504,0.6204388854678777,138.4879248845927,0.08112449879529304,,,,,,,,,,
2025-09-08,2025_09.csv,138.6418445718474,0.3366644347595926,138.04123910329767,0.4729050788332634,140.14387693651716,0.6313812772522631,138.5043037543656,0.07022270661314334,,,,,,,,,,
2025-09-09,2025_09.csv,138.6443907539635,0.3344284327214675,138.04377679185538,0.4778398830842523,140.14830923076389,0.6560463670554517,138.50597422165995,0.048695037907853234,,,,,,,,,,
2025-09-10,2025_09.csv,138.52284231079554,0.24065692848911358,137.97634842610117,0.41848029490598737,140.09427628246468,0.60791028391185,138.30176996636246,-0.09881029085874182,,,,,,,,,,
2025-09-11,2025_09.csv,138.1471314000485,-0.03031247087430522,137.3544603330506,-0.03178580380466256,139.5281978982225,0.20138430150362652,138.2473389885247,-0.13812807720628983,,,,,,,,,,
2025-09-12,2025_09.csv,138.1471314000485,-0.08603198960982494,137.3544603330506,-0.12157134907544442,139.5281978982225,0.08291754966147646,138.2473389885247,-0.13246847821101193,,,,,,,,,,
2025-09-13,2025_09.csv,138.1363187433247,0.07547861310188697,137.3368937063476,0.037033620050652694,139.48066870204022,0.13698074340122712,138.26009690207604,0.08244228952529742,,,,,,,,,,
2025-09-14,2025_09.csv,138.1121864429836,0.08810871192681535,137.33392728171796,-0.000789317266458589,139.47299981343693,0.0802573443198007,138.2082965661749,0.175250066283561,,,,,,,,,,
2025-09-15,2025_09.csv,138.11398578953953,0.0200890949160204,137.32259237111597,-0.0962102794348052,139.46481468037555,-0.013991042223426842,138.22715644779387,0.14541350659103003,,,,,,,,,,
2025-09-16,2025_09.csv,138.11398578953953,0.0599508164883078,137.32259237111597,-0.03631370005247048,139.46481468037555,0.07360858333178566,138.22715644779387,0.1438121997318742,,,,,,,,,,
2025-09-17,2025_09.csv,138.06044546690438,0.024825137335926506,137.3670413404562,0.0013272773933037385,139.49776909934744,0.10429623542609345,138.040709811641,0.00927867335047683,,,,,,,,,,
2025-09-18,2025_09.csv,138.02654401501556,-0.012326558593656056,137.31745214973506,-0.04261396001717932,139.44354062697332,0.07422002635535385,138.0311221147047,-0.024840604797249366,,,,,,,,,,
2025-09-19,2025_09.csv,137.8983575497878,-0.16627515872706944,137.14656990361382,-0.22765704131820774,139.29530120621922,-0.11049207254489879,137.9525829674281,-0.13507638713580183,,,,,,,,,,
2025-09-20,2025_09.csv,137.9037548083307,-0.19400151652751996,137.14202803664185,-0.2359931379168012,139.31717394180694,-0.1109036264190455,137.95963094099426,-0.1939169848737765,,,,,,,,,,
2025-09-21,2025_09.csv,137.87942555168087,-0.2162479231055281,137.09134349494676,-0.30834880021668454,139.294486451047,-0.14658322233580545,137.95937903232138,-0.16279102984776417,,,,,,,,,,
2025-09-22,2025_09.csv,137.8603668359104,-0.3735169507514846,137.08244212984917,-0.4974883170979161,139.27796490776572,-0.3478653772865714,137.92955564963216,-0.26923954635397207,,,,,,,,,,
2025-09-23,2025_09.csv,137.86007422223437,-0.373728411609342,137.08169370818277,-0.4980315656310408,139.27796490776572,-0.3478653772865714,137.92955564963216,-0.26923954635397207,,,,,,,,,,
2025-09-24,2025_09.csv,137.81822105382088,-0.42980455161956144,136.99540299608884,-0.5886307538591429,139.22220765908637,-0.4214402344385748,137.93611085079078,-0.28459767640964806,,,,,,,,,,
2025-09-25,2025_09.csv,137.81700208572727,-0.4394349001649145,136.9890161459561,-0.5979082407650993,139.2157049914675,-0.4360570177645351,137.94223956421453,-0.2922090408778444,,,,,,,,,,
2025-09-26,2025_09.csv,137.77318358132368,-0.4888698569180616,136.93358622938206,-0.6453586084453233,139.21738820173985,-0.4544826715186634,137.8880483293969,-0.3582199430230748,,,,,,,,,,
2025-09-27,2025_09.csv,137.8044458037371,-0.4989108676850096,136.92291303441715,-0.6964489261868434,139.20307716299283,-0.5175063117497047,137.98019836023178,-0.3045697695028493,,,,,,,,,,
2025-09-28,2025_09.csv,137.8044458037371,-0.5008063671150587,136.92291303441715,-0.6876362855870122,139.20307716299283,-0.48651809647630717,137.98019836023178,-0.3321599641454509,,,,,,,,,,
2025-09-29,2025_09.csv,137.83140472179429,-0.5751261322657908,136.96933725520893,-0.8334852229495371,139.2447000773058,-0.6254785033071641,137.9819355680309,-0.30817932372333434,,,,,,,,,,
2025-09-30,2025_09.csv,137.88380301052717,-0.5373285544302608,137.0534126382435,-0.772614206989608,139.32350577079512,-0.5692373819045637,137.99209713922065,-0.30083759794838905,,,,,,,,,,
2025-10-01,2025_10.csv,137.88380301052717,-0.5978510708697593,137.0534126382435,-0.8464959448594378,139.32350577079512,-0.6153578864148135,137.99209713922065,-0.35557821829814706,139.49470945133385,1.0055586858492838,127.3193712800004,0.7522994740559508,139.13558725245113,0.533212625243995,138.80992787204445,0.9636172431583212,139.40366113126586,1.5106610461921521
2025-10-02,2025_10.csv,138.31797393685233,-0.2863299178126222,137.65234809507817,-0.41567561468912606,139.90249436358093,-0.2049278509363095,138.20308232242638,-0.20322531533566446,,,,,,,,,,
2025-10-03,2025_10.csv,138.25835709069935,-0.3748262416058079,137.5807107485482,-0.5055605027498689,139.74984861373525,-0.3215070074932269,138.19838578621986,-0.27711896663469293,,,,,,,,,,
2025-10-04,2025_10.csv,138.19449414472513,-0.34203456527245324,137.56715887225826,-0.42629664913573784,139.72737616155476,-0.29622879707377203,138.06769864241116,-0.28449377082130356,,,,,,,,,,
2025-10-05,2025_10.csv,138.19308827479838,-0.34157981676105065,137.5611934656069,-0.41887400467762737,139.73981668922315,-0.2873517426384309,138.0641036851839,-0.2945997676832346,,,,,,,,,,
2025-10-06,2025_10.csv,138.16154802166818,-0.3016506202724978,137.56635223560613,-0.2708293773891479,139.73189116130212,-0.18560939293716938,137.98690075146612,-0.3855330763890663,,,,,,,,,,
2025-10-07,2025_10.csv,138.42512296522258,-0.13896437829165054,137.572476311556,-0.31309732023070413,139.7530550763629,-0.26802728456670755,138.60676852941407,0.08581516758259244,,,,,,,,,,
2025-10-08,2025_10.csv,138.44212381772056,-0.14405517666301604,137.6236884263413,-0.3024825622174543,139.73378524144732,-0.2926219140174102,138.60851086350291,0.07523745205935128,,,,,,,,,,
2025-10-09,2025_10.csv,138.4600688557235,-0.13294580273867096,137.63204023978395,-0.29826520372030485,139.72896081354693,-0.29921760706115297,138.64616840854748,0.10121887353622405,,,,,,,,,,
2025-10-10,2025_10.csv,138.24606369865484,-0.1998071996817008,137.36645727928965,-0.44202586440977853,139.44910218365305,-0.46052852117297594,138.51164359480006,0.15175050072653296,,,,,,,,,,
2025-10-11,2025_10.csv,137.99970393596843,-0.10671771652872586,137.0039871227199,-0.25515968646441234,139.1276742435098,-0.2870557068362922,138.40992008816934,0.1176016123233703,,,,,,,,,,
2025-10-12,2025_10.csv,137.9858214618066,-0.1167667664229377,136.99959837443097,-0.25835488542503837,139.10989977421676,-0.29979468688533517,138.38891091593692,0.10240481187415718,,,,,,,,,,
2025-10-13,2025_10.csv,137.9193093985217,-0.15709796437113344,136.9053237442977,-0.3142418256325774,138.98503034552144,-0.3553455551446816,138.37591501744592,0.08376828742706621,,,,,,,,,,
2025-10-14,2025_10.csv,137.91947353013427,-0.13953360511665958,136.9053237442977,-0.31208860469055244,138.98587503034852,-0.3492609922637335,138.37591501744592,0.12127958699696961,,,,,,,,,,
2025-10-15,2025_10.csv,137.9585849308479,-0.11251638116390739,136.9317306359437,-0.2846303207821532,139.02191427702,-0.3175714278691788,138.4284430932284,0.14562018825190481,,,,,,,,,,
2025-10-16,2025_10.csv,137.9952691833195,-0.08595552835679587,136.98701475036097,-0.24437174900405756,139.02913483569293,-0.3123940942961978,138.4613971968569,0.16946073049797228,,,,,,,,,,
2025-10-17,2025_10.csv,137.9544228325213,-0.07679435918415134,136.88213871348577,-0.35299779498682016,139.00248143448303,-0.35505059906131287,138.47426518113025,0.314077905047605,,,,,,,,,,
2025-10-18,2025_10.csv,137.9506993960588,-0.054949299424966735,136.86764570008208,-0.32756684792148993,139.0054928652805,-0.3141398731868361,138.47753925393383,0.3234177426002294,,,,,,,,,,
2025-10-19,2025_10.csv,137.9353744494861,0.026843611741300677,136.86016933041242,-0.20882809785376377,139.04637977595272,-0.17870052192068275,138.42847742146665,0.3449695857821844,,,,,,,,,,
2025-10-20,2025_10.csv,137.9398855920171,0.02619999994679656,136.864683952159,-0.20223128420467917,139.04121493007713,-0.1980796795699291,138.43751888792704,0.34639694501443774,,,,,,,,,,
2025-10-21,2025_10.csv,137.94163655582776,0.0451198602677394,136.86739981992963,-0.16335362197787973,139.016202312929,-0.1997811580401465,138.4509000369506,0.35627951363428334,,,,,,,,,,
2025-10-22,2025_10.csv,137.9620930519169,0.0737893118531785,136.89492232912286,-0.13679344911924352,139.03004691836043,-0.1780023060858671,138.46779295841617,0.39022623269462375,,,,,,,,,,
2025-10-23,2025_10.csv,137.9627738219654,0.07449553491860605,136.89593316494043,-0.13551083169265343,139.03004691836043,-0.1780023060858671,138.46848152637327,0.3907254498159096,,,,,,,,,,
2025-10-24,2025_10.csv,137.96883512498755,0.10928458516952233,136.8943491510489,-0.07376440583397592,139.00904800409373,-0.15310750962561626,138.49442933216017,0.40476600211913905,,,,,,,,,,
2025-10-25,2025_10.csv,137.92749241816284,0.08017177181582902,136.8447613123797,-0.1053039416114343,138.89388552107022,-0.23116606737508816,138.4954474096251,0.4010431084475963,,,,,,,,,,
2025-10-26,2025_10.csv,137.9379177416945,0.11956910342685312,136.85202490025392,-0.05956269120966917,138.9214974560251,-0.2125386415711139,138.50080083210224,0.44438405658013824,,,,,,,,,,
2025-10-27,2025_10.csv,137.94064348565115,0.09883402608650282,136.8552069545303,-0.049448319778166994,138.9214974560251,-0.2022798006383386,138.50437351178732,0.3798915770413913,,,,,,,,,,
2025-10-28,2025_10.csv,137.94064348565115,0.09883402608650282,136.8552069545303,-0.049448319778166994,138.9214974560251,-0.2022798006383386,138.50437351178732,0.3798915770413913,,,,,,,,,,
2025-10-29,2025_10.csv,137.96127905177545,0.09422695084861932,136.89446371608676,-0.05466445309774137,138.95272291388386,-0.20968637460516693,138.50249204208254,0.37726422078996347,,,,,,,,,,
2025-10-30,2025_10.csv,137.98197958591516,0.07120239886369006,136.90524603410634,-0.10810865726359475,138.98390282253226,-0.2437513658474555,138.52763300283016,0.38809169127214105,,,,,,,,,,
2025-10-31,2025_10.csv,137.9920497922972,0.07850579938077917,136.93362631238105,-0.08740119896073484,138.99910489905494,-0.23284001500354368,138.51803679740976,0.3811375209831658,,,,,,,,,,
2025-11-01,2025_11.csv,137.88849790651287,-0.31049907551099487,136.74368298941096,-0.6601159502485077,138.8451200811585,-0.7557937313644292,138.51956082524325,0.22899525647230856,140.2789610226372,0.5622088281254545,127.8237060342398,0.39611784850106524,139.96749666372918,0.5979127466279488,139.00782657147857,0.1425681163212955,140.17289959305762,0.5518064988748295
2025-11-02,2025_11.csv,138.3336866464629,0.05448463105497403,137.29295649793625,-0.20915304845159355,139.48237025288577,-0.19139796107313645,138.77663431340403,0.4184191616236843,,,,,,,,,,
2025-11-03,2025_11.csv,138.30890036522288,0.08278638103913494,137.2477299859011,-0.23219850506165374,139.46385890015395,-0.1885938665992848,138.7681781017505,0.5073449229812566,,,,,,,,,,
2025-11-04,2025_11.csv,138.30931002460818,0.08410098599047622,137.24801543520024,-0.22766451970697155,139.46625185038278,-0.1957672804514754,138.7677756064013,0.5096704374526695,,,,,,,,,,
2025-11-05,2025_11.csv,138.32171349425548,0.11592622902731886,137.2434005866574,-0.23476064001146657,139.46355190123805,-0.1920386662156548,138.80329976652175,0.591649649792525,,,,,,,,,,
2025-11-06,2025_11.csv,138.4138082269945,-0.008173905130604009,137.3704667573461,-0.14683864071212138,139.60344733327562,-0.107051500953248,138.84002837147946,0.1682889259595477,,,,,,,,,,
2025-11-07,2025_11.csv,138.3103059956331,-0.09521511116156178,137.35384178292094,-0.19607572395851092,139.5634572314407,-0.12189465111268616,138.6248640680882,0.011798124432171875,,,,,,,,,,
2025-11-08,2025_11.csv,137.9992237194444,-0.33283613108652244,136.95903905996371,-0.4889858340018205,139.061397570239,-0.47775582056945876,138.48219055097658,-0.11827074592332121,,,,,,,,,,
2025-11-09,2025_11.csv,137.97119908789284,-0.19882273925797556,136.87666155199153,-0.35656137386019804,139.07425468720052,-0.2688059590078007,138.486252576241,-0.018331324284448502,,,,,,,,,,
2025-11-10,2025_11.csv,137.9664496227733,-0.024097380100585042,136.86167539474712,-0.10387415064446737,139.07597143090456,-0.037162133907842065,138.48812411809934,0.05650175209996888,,,,,,,,,,
2025-11-11,2025_11.csv,137.92311353081192,-0.04544519888374232,136.8652643436604,-0.09805432451226448,139.0793806007916,-0.021938893978556973,138.37864709270852,-0.007416651493585835,,,,,,,,,,
2025-11-12,2025_11.csv,137.84027653161792,-0.057303699712862866,136.76181195796352,-0.10482557026213479,138.98646480563193,0.0010320968430344024,138.31996769379924,-0.04043140284898383,,,,,,,,,,
2025-11-13,2025_11.csv,137.84594486745308,-0.05331274895354898,136.7738870306236,-0.09600555338490357,138.98788450385942,0.001445811317490886,138.3215867086121,-0.03926139084751146,,,,,,,,,,
2025-11-14,2025_11.csv,137.83337358937058,-0.09076009408192087,136.75926817571877,-0.12594776931830198,138.95832508656972,-0.04574040774864008,138.318905445845,-0.07912943679474482,,,,,,,,,,
2025-11-15,2025_11.csv,137.83347402373093,-0.11724688864053201,136.77465286700675,-0.15502336753685508,138.95494416335617,-0.05336339927917155,138.30622772767833,-0.11206695318691784,,,,,,,,,,
2025-11-16,2025_11.csv,137.83572687832114,-0.08603997738024782,136.77578471785336,-0.07769749700874407,138.95494416335617,-0.03419886511110137,138.3105929707514,-0.11819684340967918,,,,,,,,,,
2025-11-17,2025_11.csv,137.79647824164937,-0.11179439834999583,136.69817988108804,-0.12381729672283903,138.9081826046665,-0.07000461536315061,138.31102496086694,-0.12024642693970744,,,,,,,,,,
2025-11-18,2025_11.csv,137.7979163575983,-0.09965398103017886,136.71005641761172,-0.10968341887571675,138.9125434842475,-0.0962529854577121,138.30125276424076,-0.09190641954295309,,,,,,,,,,
2025-11-19,2025_11.csv,137.71728322230695,-0.16137636243119813,136.65601442866335,-0.15246411087945777,138.85116020027277,-0.13668949160141608,138.18653132782134,-0.18130024441487258,,,,,,,,,,
2025-11-20,2025_11.csv,137.53953950539304,-0.29149795556614455,136.6629957720931,-0.1493445832283391,138.7457119172189,-0.1945747266935305,137.80076366274645,-0.4695790161209801,,,,,,,,,,
2025-11-21,2025_11.csv,137.4814716707648,-0.34837205678753813,136.51516475772613,-0.2774080768925269,138.7499321299182,-0.20147787809258189,137.7981359913704,-0.48361929712195106,,,,,,,,,,
2025-11-22,2025_11.csv,137.47084884931007,-0.35656355626058067,136.50192508883077,-0.2878157641359125,138.71678332174596,-0.22532078752617313,137.80053458054545,-0.4823819388100947,,,,,,,,,,
2025-11-23,2025_11.csv,137.46817735458797,-0.3628774352889441,136.4918465949994,-0.2940242300325968,138.72312327748924,-0.205687853207992,137.80062383298667,-0.5009627481185497,,,,,,,,,,
2025-11-24,2025_11.csv,137.4185971103102,-0.36895857303762547,136.48521772230924,-0.26273829310111685,138.71482466555577,-0.12891917800607056,137.69120879113368,-0.5806967907852845,,,,,,,,,,
2025-11-25,2025_11.csv,137.41517736491812,-0.3789678612919678,136.48131977430728,-0.2708802637131913,138.71110003591554,-0.15145058465566574,137.68838272475134,-0.5865800792991482,,,,,,,,,,
2025-11-26,2025_11.csv,137.19147408654447,-0.5431099784485305,136.0389359395067,-0.5964486358891796,138.4302558345727,-0.3536109460725356,137.697614597085,-0.5824790179883133,,,,,,,,,,
2025-11-27,2025_11.csv,137.209211205791,-0.5302514627867683,136.03175153734568,-0.6016982733132004,138.45319996311312,-0.33709505115304683,137.73640691091356,-0.5544710115658602,,,,,,,,,,
2025-11-28,2025_11.csv,137.18280234149512,-0.5642718852933881,135.98848084882076,-0.6618111811628635,138.448704270581,-0.3627267121747768,137.71562738562048,-0.5681231036788637,,,,,,,,,,
2025-11-29,2025_11.csv,137.1917588449057,-0.5726985098930326,135.9876601487552,-0.6702342765758984,138.44978849801973,-0.38429941429586334,137.73748988859035,-0.5703866420814885,,,,,,,,,,
2025-11-30,2025_11.csv,137.1978474951711,-0.5755420680550238,136.0256844906784,-0.6630524920382963,138.48033405959742,-0.37321883463513617,137.70201191479177,-0.5891109212091128,,,,,,,,,,
2025-12-01,2025_12.csv,136.96361214381298,-0.6707490303701436,135.67057998447785,-0.7847550844569562,138.07224862237646,-0.5566428682047153,137.66318260892572,-0.6182363062772978,138.42417627369665,-1.3222116384517757,128.57756578134945,0.5897652090510519,139.67130361332022,-0.21161559466950086,136.8592529936262,-1.5456493571946894,136.38980200519094,-2.6988794544805517
2025-12-02,2025_12.csv,137.03409782737657,-0.9394593974840437,135.67057998447785,-1.181689545364828,138.0702813110448,-1.0123780799543458,137.83406629060207,-0.6791979265568071,,,,,,,,,,
2025-12-03,2025_12.csv,137.16118476307776,-0.8298204953653965,135.9221167009733,-0.9658544334860464,138.28510683759,-0.8452025290708765,137.80271835240356,-0.695735695714772,,,,,,,,,,
2025-12-04,2025_12.csv,137.3815499763165,-0.6707864048534407,136.3623345014043,-0.6453142007099677,138.58339848543997,-0.6330229379720609,137.77930459796983,-0.7123202804916073,,,,,,,,,,
2025-12-05,2025_12.csv,137.35123901644172,-0.7016067494378331,136.45052160285852,-0.5777173841581162,138.63720977558617,-0.5925147570004952,137.59786418550615,-0.868448792675125,,,,,,,,,,
2025-12-06,2025_12.csv,137.3176122430963,-0.7919701061186446,136.43762416441658,-0.6790707019852404,138.63030352460933,-0.6970772049368579,137.53217504377764,-0.9419857825169409,,,,,,,,,,
2025-12-07,2025_12.csv,137.15488529370896,-0.8353829409940117,136.2810367885048,-0.7810520481193683,138.1286008101865,-1.0281032368485654,137.52248425760646,-0.7952251696638379,,,,,,,,,,
2025-12-08,2025_12.csv,137.03750065198992,-0.6969046937609469,135.97885948949065,-0.7156735161115813,138.13329191960256,-0.6674071071144372,137.52211628757098,-0.6932835620131139,,,,,,,,,,
2025-12-09,2025_12.csv,137.03905968411368,-0.6756043362247999,135.98212097168584,-0.6535376960270955,138.13475285662454,-0.6755397199065039,137.52211628757098,-0.6961963882582634,,,,,,,,,,
2025-12-10,2025_12.csv,136.88111331698855,-0.7866668373015862,135.87574362608498,-0.7203855760339328,138.02099225619506,-0.7585632254480612,137.29485007999608,-0.8616435854713833,,,,,,,,,,
2025-12-11,2025_12.csv,136.7829494517609,-0.8266664302037374,135.86664934986487,-0.7296336280680271,137.9925047643887,-0.7814787725598404,137.08006910487194,-0.9384236767155163,,,,,,,,,,
2025-12-12,2025_12.csv,136.73063917286578,-0.8050167822302723,135.82287073033532,-0.6865521991744283,137.95610859573733,-0.7413356482845357,137.01225913505075,-0.9454228341372772,,,,,,,,,,
2025-12-13,2025_12.csv,136.69773096692492,-0.8329689361788906,135.79864231808557,-0.7130342887159968,137.9376289294527,-0.7556454133795798,136.96440763552502,-0.9811766228116747,,,,,,,,,,
2025-12-14,2025_12.csv,136.69405187464076,-0.8265935056657958,135.79387711288578,-0.7059054027640621,137.93918754289282,-0.7334123688105598,136.9592983984094,-0.9829509878300113,,,,,,,,,,
2025-12-15,2025_12.csv,136.70650157705765,-0.8176333468016939,135.80828112481794,-0.7065430048127874,137.9620126001726,-0.7145708770292192,136.96504437892006,-0.9697201426092206,,,,,,,,,,
2025-12-16,2025_12.csv,136.6939752140993,-0.8283423246498001,135.8047163278434,-0.7099709879296978,137.95615284312598,-0.7187878964968752,136.94094586963266,-0.990269126680976,,,,,,,,,,
2025-12-17,2025_12.csv,136.6795193406715,-0.8105859563544815,135.79873568875678,-0.6579781772615201,137.96169915083593,-0.6813734339353394,136.90912806861476,-1.0135828959758064,,,,,,,,,,
2025-12-18,2025_12.csv,136.42206926973833,-0.998452751846779,135.68067503966512,-0.7529668298886016,137.82143567402397,-0.7854638485884857,136.46536108124687,-1.3274584620889152,,,,,,,,,,
2025-12-19,2025_12.csv,136.4045920565395,-0.9531782322836357,135.64994669004446,-0.7362045079575164,137.74844313715872,-0.79417201953772,136.4863876903535,-1.2303251417712935,,,,,,,,,,
2025-12-20,2025_12.csv,136.3617527277875,-0.8563259567692327,135.55282595817485,-0.8123411956881377,137.7499256775146,-0.7177059571386479,136.47395579666107,-0.9628450748884076,,,,,,,,,,
2025-12-21,2025_12.csv,136.37596461956537,-0.8041134836313413,135.56009310517683,-0.699608467853563,137.74160302035276,-0.7267240380494644,136.50527325882723,-0.9382294783901401,,,,,,,,,,
2025-12-22,Forward Fill,136.37596461956537,-0.7964482935177597,135.56009310517683,-0.689977070316794,137.74160302035276,-0.703000947716137,136.50527325882723,-0.9399537713412287,,,,,,,,,,
2025-12-23,2025_12.csv,136.37584206555846,-0.794609567137794,135.5500829748202,-0.6899779317760979,137.74087255967854,-0.7080656019010534,136.51475709910332,-0.9331356405481994,,,,,,,,,,
2025-12-24,2025_12.csv,136.38081578511793,-0.7551971472676389,135.56444458594717,-0.6746321335951988,137.74087255967854,-0.702125463680936,136.5132107294346,-0.8555361464550715,,,,,,,,,,
2025-12-25,2025_12.csv,136.38674276165312,-0.7484141293460644,135.55993914074637,-0.6750965151015254,137.74191458279594,-0.6987079281100428,136.53126173082993,-0.8403911579341949,,,,,,,,,,
2025-12-26,2025_12.csv,136.38720668330205,-0.5862371613086226,135.5577875137369,-0.3536843495921982,137.74553095623486,-0.49463527623333503,136.53271441965302,-0.8459842829090181,,,,,,,,,,
2025-12-27,2025_12.csv,136.39401203178102,-0.5941286061234785,135.5577875137369,-0.34842161352208745,137.74686501097776,-0.5101615219608835,136.54849907546625,-0.8624501408807883,,,,,,,,,,
2025-12-28,2025_12.csv,136.38923831113314,-0.5784719489739909,135.55731386659772,-0.3170614007390604,137.74686501097776,-0.5069308978374987,136.5374347507283,-0.8555257360830293,,,,,,,,,,
2025-12-29,2025_12.csv,136.3792498389812,-0.5922433043832109,135.55836728276049,-0.3156851625545354,137.6739239978978,-0.5603941389430434,136.54653237025997,-0.8646574867116397,,,,,,,,,,
2025-12-30,2025_12.csv,136.39489283831307,-0.5852531009178374,135.5667605923055,-0.3373803264370534,137.6830638018482,-0.5757281444787044,136.57205707097643,-0.8205797635800316,,,,,,,,,,
2025-12-31,2025_12.csv,136.3502874075205,-0.44780122741540085,135.52773463296657,-0.10528837683720926,137.6811317852075,-0.28326969472241004,136.5021972904308,-0.8433520833185049,,,,,,,,,,
2026-01-01,2026_01.csv,136.96782662217583,-0.04836110592285614,136.44835990275803,0.573285614588781,138.71026467315787,0.4635199957848446,136.64115173474252,-0.86547149624423,137.8397862077438,-0.42217341051563606,130.2595013061129,1.308109633700516,140.22758647267102,0.39827999378516665,136.28907981604178,-0.4166128084967524,134.9231585938183,-1.0753321654626502
2026-01-02,2026_01.csv,136.9774687535651,-0.13394169044982362,136.45489188110926,0.39197092648877163,138.71026467315787,0.3074501985721456,136.6582437198382,-0.8305167316355777,,,,,,,,,,
2026-01-03,2026_01.csv,136.96774880257047,-0.30120578332197834,136.43003104063493,0.04964460272565141,138.71026467315787,0.09154501123829206,136.6582437198382,-0.8136642011678075,,,,,,,,,,
2026-01-04,2026_01.csv,136.917728851332,-0.31562159046694127,136.43316734720065,-0.012718350544949075,138.70076569520572,0.045843334356221455,136.53912466129404,-0.7694447370089619,,,,,,,,,,
2026-01-05,2026_01.csv,136.91496199590745,-0.29322549424762867,136.43080293401633,-0.004999522999626915,138.6985947984005,0.04926143278554118,136.53569916986876,-0.724540183845479,,,,,,,,,,
2026-01-06,2026_01.csv,136.86571755902247,-0.2108329820459942,136.451387282884,0.12499941179899832,138.64602216176033,0.37459392807783765,136.42218267789107,-0.8000884987318213,,,,,,,,,,
2026-01-07,2026_01.csv,136.83191600085493,-0.15002072436878233,136.3649326139405,0.28392143153672667,138.64602216176033,0.37118513215206317,136.42218267789107,-0.7998230680073659,,,,,,,,,,
2026-01-08,2026_01.csv,136.71678159519254,-0.23517243161476076,136.27330280368403,0.21413243882173472,138.46914745917937,0.24207854695472708,136.3138170943233,-0.8786217270835395,,,,,,,,,,
2026-01-09,2026_01.csv,136.701409382952,-0.1312846817810409,136.19521688540394,0.23512162715231266,138.544587667436,0.3793592573722693,136.3150191535187,-0.7136691040534049,,,,,,,,,,
2026-01-10,2026_01.csv,136.6964271264449,-0.06325519786114508,136.21277409068858,0.254753276451547,138.544587667436,0.4000818044356258,136.2864533058378,-0.5789432440590603,,,,,,,,,,
2026-01-11,Forward Fill,136.6964271264449,-0.025021492350107977,136.21277409068858,0.2870675301270609,138.544587667436,0.42656978200443785,136.2864533058378,-0.5297378744025694,,,,,,,,,,
2026-01-12,2026_01.csv,136.15187204039316,-0.39931820570148213,135.32197947147586,-0.351007078180654,137.7452610164107,-0.13946006940600553,136.18768846280474,-0.5670956317258669,,,,,,,,,,
2026-01-13,2026_01.csv,136.16500749562834,-0.38702809065722654,135.32301771414694,-0.3467456771614308,137.73845653066232,-0.14552138214392052,136.22157132256334,-0.5386469443644848,,,,,,,,,,
2026-01-14,2026_01.csv,136.24360579695607,-0.3386055343100547,135.51102103463654,-0.2188821533704477,137.4975580282026,-0.3366539551115766,136.34672503900632,-0.4514431712978717,,,,,,,,,,
2026-01-15,2026_01.csv,136.22194008922165,-0.34532255290573577,135.49723903029005,-0.22641135438262738,137.50372220593948,-0.3279524891513619,136.30458746677098,-0.4646954925136004,,,,,,,,,,
2026-01-16,2026_01.csv,136.21087366600017,-0.3428792235530498,135.49992498388767,-0.22003938648881283,137.48196824632254,-0.34772759937443665,136.2855634742773,-0.4554587434264845,,,,,,,,,,
2026-01-17,2026_01.csv,136.20539047108792,-0.15882972587226707,135.49991600733662,-0.13322385982798002,137.45945553739944,-0.2626442939403839,136.28289846848728,-0.13370617372342464,,,,,,,,,,
2026-01-18,2026_01.csv,136.13656832225348,-0.1964917238086339,135.4386621662202,-0.15575717424129998,137.41772492655352,-0.24008852882344556,136.19424774265906,-0.21404328492978797,,,,,,,,,,
2026-01-19,2026_01.csv,136.14396279246097,-0.1597148254329661,135.44160619860048,-0.08204901579010881,137.41772492655352,-0.2411621997813529,136.20930250414222,-0.1939221963443205,,,,,,,,,,
2026-01-20,2026_01.csv,136.18970499881036,-0.13657804091402603,135.5201622454789,-0.029456205571465333,137.42367568859868,-0.23081431084194248,136.24275324019305,-0.192314928476367,,,,,,,,,,
2026-01-21,2026_01.csv,136.14629475662616,-0.16840934073675262,135.52605929235114,-0.025106070707170414,137.38552585691372,-0.25851097680809065,136.15039356999895,-0.25997507668101827,,,,,,,,,,
2026-01-22,2026_01.csv,136.0759416752027,-0.21990726936196303,135.4505373230409,-0.07343828169976696,137.3409612294059,-0.29033599311588665,136.07283051901925,-0.3237207386768137,,,,,,,,,,
2026-01-23,2026_01.csv,136.0671852963572,-0.22996671999300222,135.4496873334886,-0.08465143851624779,137.35313578809283,-0.2814972523262571,136.04681333315523,-0.3416500086601548,,,,,,,,,,
2026-01-24,2026_01.csv,136.06376501573385,-0.2368102202453093,135.44128116494363,-0.08753174171871603,137.35552653154556,-0.2805159579933991,136.04537081757036,-0.35588253349441157,,,,,,,,,,
2026-01-25,2026_01.csv,136.06132831684326,-0.23893616885599656,135.4462349916016,-0.08229148924696617,137.33301871427028,-0.2994741383628985,136.04537081757036,-0.35694273284916367,,,,,,,,,,
2026-01-26,2026_01.csv,136.05825851354444,-0.24616441237782505,135.44064629421766,-0.08641423091048095,137.32720229358895,-0.3046622638964269,136.04596261968825,-0.36802781369296156,,,,,,,,,,
2026-01-27,2026_01.csv,136.05825851354444,-0.24267295696281943,135.44064629421766,-0.08606512555632273,137.32720229358895,-0.3046622638964269,136.04596261968825,-0.3599541268204609,,,,,,,,,,
2026-01-28,2026_01.csv,135.94041095788535,-0.32177833623074914,135.3813764754479,-0.13056428080415738,137.1593525085472,-0.3737610394241808,135.89631872329812,-0.47618466443272167,,,,,,,,,,
2026-01-29,2026_01.csv,135.75936596605732,-0.4659462381843893,135.09895685876936,-0.34507259116635103,136.8372257933771,-0.6143370034882634,135.87694786215428,-0.5089688357413413,,,,,,,,,,
2026-01-30,2026_01.csv,135.76014665238054,-0.43281225610927176,135.0948050234537,-0.31943986275970726,136.84522719131382,-0.6071308269006259,135.87899550478815,-0.45655073545568525,,,,,,,,,,
2026-01-31,2026_01.csv,134.53252745187598,-1.778008186563107,135.15253154368946,-0.9496840856072275,136.84533598526315,-1.344477780565867,132.86436810672342,-2.764016242596423,,,,,,,,,,
2026-02-01,2026_02.csv,135.1402293169633,-1.3412712713410824,135.9986895649713,-0.3343246327405014,137.77530351588177,-0.6740389108759404,133.096269274874,-2.6064834056162445,136.11603610537253,-1.2505461229991632,129.4522586418731,-0.6197188352063177,137.51405769575098,-1.935089125597178,135.01761070282487,-0.9329207555976549,133.4122732482227,-1.119811721977293
2026-02-02,2026_02.csv,135.13906855685042,-1.3351173993200183,135.98638640181002,-0.3251810729946736,137.7669454715154,-0.6800644522344412,133.10898530164357,-2.5971784223064676,,,,,,,,,,
2026-02-03,2026_02.csv,135.14777696160303,-1.292711984472661,136.00253978708892,-0.31563260494851253,137.79833442176638,-0.6506317891729729,133.10004813064575,-2.5187480432289577,,,,,,,,,,
2026-02-04,2026_02.csv,135.1093354678693,-1.318794163702952,135.9558311144682,-0.3481411890376762,137.74358917800143,-0.6885474375477152,133.07703954995952,-2.5331540695493926,,,,,,,,,,
2026-02-05,2026_02.csv,135.09552356056588,-1.2933801320211602,135.95362786284792,-0.3647888306215319,137.74937562357653,-0.6467163819079302,133.0431008759733,-2.476929877229861,,,,,,,,,,
2026-02-06,2026_02.csv,134.87693067834573,-1.4287495049744026,135.6419515680439,-0.5301810605101931,137.43051048039555,-0.8767014461811384,132.9592446058708,-2.5383980845671505,,,,,,,,,,
2026-02-07,2026_02.csv,134.61236509392447,-1.5392525165630944,135.29850269591154,-0.7153272781366349,137.129530754284,-0.9674477885337596,132.7861081998361,-2.587932001087012,,,,,,,,,,
2026-02-08,2026_02.csv,134.5728797986229,-1.557064842225797,135.29550500173164,-0.6606046117091813,137.0875165334422,-1.0516983438511263,132.71340893351055,-2.642122814032699,,,,,,,,,,
2026-02-09,2026_02.csv,134.57096404677824,-1.5548782980996156,135.29137493275022,-0.6764410783711927,137.08552426418603,-1.053136342469263,132.71361659240304,-2.621564085622674,,,,,,,,,,
2026-02-10,2026_02.csv,134.5225420243097,-1.5903013325464066,135.27035163826895,-0.6918752361597003,137.0731746116665,-1.0620501894317846,132.62246286561842,-2.68844800883995,,,,,,,,,,
2026-02-11,2026_02.csv,134.50597105724648,-1.2088713570228227,135.22078738796637,-0.07477874910247762,137.094622492983,-0.4723491164971394,132.6191830745071,-2.620284864642708,,,,,,,,,,
2026-02-12,2026_02.csv,134.39342551216748,-1.301055253507577,135.0598225129999,-0.1944940377423654,136.94466113829964,-0.5763062926336548,132.56981597435413,-2.6807467516008154,,,,,,,,,,
2026-02-13,2026_02.csv,134.3783990524159,-1.3690233267313112,135.05457057614507,-0.3368364100620358,136.9123457587541,-0.42561648209670233,132.553675111406,-2.7819149499301865,,,,,,,,,,
2026-02-14,2026_02.csv,134.26433804530618,-1.437068098305816,134.92467843382752,-0.42256255593113856,136.7921429164482,-0.5174982015581753,132.4574166962226,-2.8224807704922417,,,,,,,,,,
2026-02-15,2026_02.csv,134.25546416700027,-1.4355751830758545,134.92430527410943,-0.4248118291184877,136.78012690612516,-0.5104970121899255,132.44200094056055,-2.8202272021586428,,,,,,,,,,
2026-02-16,2026_02.csv,134.2552918702218,-1.4317337912408523,134.92430527410943,-0.42480523249625035,136.78303294115472,-0.49208880800540866,132.44022388329364,-2.819630803553963,,,,,,,,,,
2026-02-17,2026_02.csv,134.258272256537,-1.3797145681462397,134.92430527410943,-0.37977109629119266,136.7983711630853,-0.4507087886946426,132.44022388329364,-2.756374752668478,,,,,,,,,,
2026-02-18,2026_02.csv,134.26152144437287,-1.3826844095596869,134.9261209987092,-0.38059589985622866,136.81143931245558,-0.4411989897387558,132.44022388329364,-2.7671227673557452,,,,,,,,,,
2026-02-19,2026_02.csv,134.07840433049725,-1.5502645139965243,134.65765034512913,-0.6364454455031088,136.4568465138109,-0.7035390153430465,132.41791777583342,-2.8073680055602956,,,,,,,,,,
2026-02-20,2026_02.csv,134.0464101619208,-1.5423736639025742,134.6128380876943,-0.6738343971817717,136.40904272774745,-0.7107612851322331,132.40541539294347,-2.7506186936801513,,,,,,,,,,
2026-02-21,2026_02.csv,133.9929030025012,-1.5307912971665893,134.52693335152577,-0.6818754578377106,136.29761568526172,-0.7596754346297696,132.4095890995885,-2.6921181880748324,,,,,,,,,,
2026-02-22,2026_02.csv,133.9647848561653,-1.5451193729133395,134.46758088966135,-0.7250710305511721,136.27451860710002,-0.7852876272565701,132.40856468889754,-2.674262303629449,,,,,,,,,,
2026-02-23,2026_02.csv,133.96464831685782,-1.5427448289655254,134.46758088966135,-0.7189095281050162,136.2738159229582,-0.7875260907968973,132.40856468889754,-2.6732303398618207,,,,,,,,,,
2026-02-24,2026_02.csv,133.94278928936066,-1.5570471446149647,134.4471810972798,-0.7376018199278467,136.25167173050195,-0.7873903842586683,132.3854635714842,-2.6902107907764816,,,,,,,,,,
2026-02-25,2026_02.csv,133.81852579769267,-1.6461571243974182,134.433767481592,-0.7434096337951668,136.20482206128236,-0.8173036467364114,132.12042417223924,-2.885450161003833,,,,,,,,,,
2026-02-26,2026_02.csv,133.822151156575,-1.6434925607598072,134.42694728928342,-0.7484451918017165,136.2073539212609,-0.8154599770655468,132.13440947933188,-2.875170321144327,,,,,,,,,,
2026-02-27,2026_02.csv,133.81485866050537,-1.5635911958795545,134.41377466993634,-0.714722977932658,136.19714068536334,-0.7015284088074725,132.13402898882296,-2.7685001108349705,,,,,,,,,,
2026-02-28,2026_02.csv,133.78081900147333,-1.4573926082408595,134.35649658065154,-0.5495677356665118,136.1642757600633,-0.49178871422747017,132.1213470705385,-2.7639719987129885,,,,,,,,,,
2026-03-01,2026_03.csv,133.77896637087696,-1.4593239108502742,134.35148825169782,-0.5502186198994341,136.1648186914101,-0.4972102526838551,132.1213470705385,-2.765437307134966,135.2608125894025,-0.6283047467735337,129.01298663913104,-0.3393312772991375,136.51447690939935,-0.72689352863341,134.54383374331107,-0.35090012113796476,132.77987448431256,-0.47401843062333526
2026-03-02,2026_03.csv,134.0426660255086,-0.36412117994484294,134.6347720836583,-0.383092683590458,136.43819505067466,-0.2975190434201802,132.36204969931703,-0.3780685631251446,,,,,,,,,,
2026-03-03,2026_03.csv,133.88602459318963,-0.9280765099428878,134.60625712023858,-1.023857251262339,136.31254922236965,-1.061695569658827,132.07009363107716,-0.7710025603178683,,,,,,,,,,
2026-03-04,2026_03.csv,133.8487380763836,-0.9548167633877114,134.4907953121467,-1.099809421543252,136.3027384124386,-1.0628144901271286,132.09363376756278,-0.7627971408390333,,,,,,,,,,
2026-03-05,2026_03.csv,133.80524310897732,-0.9933821205265758,134.5609689841001,-1.0599587369806374,136.28325388158598,-1.0994911850988887,131.93172720133808,-0.8777764889768447,,,,,,,,,,
2026-03-06,2026_03.csv,133.36618062160903,-1.2901809043941448,133.84295059030805,-1.554093345493368,135.5156176213068,-1.6174774956789428,131.9096023749817,-0.8772641613653875,,,,,,,,,,
2026-03-07,2026_03.csv,133.17464647887525,-1.421865825798041,133.75333332001222,-1.6184154681443297,135.42112457131643,-1.690208062084031,131.57651776636527,-1.1023368366731123,,,,,,,,,,
2026-03-08,2026_03.csv,133.16809419773256,-1.2669597921740938,133.7510292614534,-1.3940541880525403,135.41711120084017,-1.4650307799319418,131.56477086551453,-1.0487978812529164,,,,,,,,,,
2026-03-09,2026_03.csv,133.16661603837633,-1.0740091035020272,133.74557944532083,-1.1477756365722458,135.41394705206565,-1.2510680177943656,131.56782696283057,-0.9174764239434419,,,,,,,,,,
2026-03-10,2026_03.csv,133.09643646077348,-1.097132899332165,133.74107154031327,-1.148917298766483,135.33879007777455,-1.2756277886477374,131.43806718797353,-0.9609742947496502,,,,,,,,,,
2026-03-11,2026_03.csv,133.08198351718602,-1.1064649347942823,133.74349212910957,-1.144110483325389,135.31284523497365,-1.2931190501165868,131.41309106678705,-0.9799488244000121,,,,,,,,,,
2026-03-12,Forward Fill,133.08198351718602,-1.0708677411577328,133.74349212910957,-1.1287466105229127,135.31284523497365,-1.284226021378676,131.41309106678705,-0.9118906199598986,,,,,,,,,,
2026-03-13,2026_03.csv,132.91328491093313,-1.1841007011023308,133.731592263302,-1.1013063549110136,135.30644194622832,-1.304340399526771,131.02052749974925,-1.2054482147275114,,,,,,,,,,
2026-03-14,2026_03.csv,132.7636847324742,-1.2126640670720445,133.3768836947361,-1.2460691765693643,135.25969986948454,-1.2303957341670113,131.01610102702242,-1.1719975138475558,,,,,,,,,,
2026-03-15,2026_03.csv,132.88161941221023,-1.1138543476930551,133.65828303072527,-1.0338691533823718,135.2492158487064,-1.2147406436072705,131.04009805658845,-1.1418597436438027,,,,,,,,,,
2026-03-16,2026_03.csv,132.81616289989086,-1.0785999964686432,133.58201388069722,-0.9951215513096856,135.06257071076897,-1.2643797873213014,131.04161713907746,-1.0688714852352343,,,,,,,,,,
2026-03-17,2026_03.csv,132.69201078696466,-1.164536125018223,133.3071543900323,-1.1985615792438176,134.96015601585052,-1.3305813727777283,131.04936031342254,-1.0515098059889816,,,,,,,,,,
2026-03-18,2026_03.csv,132.6364162125021,-1.20581888070721,133.2358131830947,-1.2514365648089942,134.96665233374551,-1.3279283024749344,130.97951878788427,-1.1029165102412808,,,,,,,,,,
2026-03-19,2026_03.csv,132.59099421423232,-1.2418438091612582,133.17914508142704,-1.2934364858406822,134.8615671892307,-1.4158092361681973,130.97265378428798,-1.1080999835056726,,,,,,,,,,
2026-03-20,2026_03.csv,132.54396238188326,-1.2792638158813263,133.1448799481996,-1.3201602753603603,134.81134817238583,-1.4619326791101561,130.91507940793747,-1.1515719549825998,,,,,,,,,,
2026-03-21,2026_03.csv,132.52057331762512,-1.161880632940815,133.15422047622377,-1.1164830702541262,134.82819073910525,-1.193531740117415,130.8419841517815,-1.1901211335461181,,,,,,,,,,
2026-03-22,2026_03.csv,132.51857069288695,-1.139783950341,133.15422047622377,-1.0835650092454907,134.8294150994048,-1.158008000609867,130.83658156499803,-1.1848713463037508,,,,,,,,,,
2026-03-23,2026_03.csv,132.51909978889122,-1.0999113987271936,133.1577132662713,-1.017803685211971,134.8294150994048,-1.0772019587248605,130.8345645263753,-1.1895094486159774,,,,,,,,,,
2026-03-24,2026_03.csv,132.4916465499731,-1.0996459314094098,133.139849939996,-0.9873985542692476,134.80782296130891,-1.0762801885360607,130.7953241767243,-1.2183807867441554,,,,,,,,,,
2026-03-25,2026_03.csv,132.4353563615726,-1.1415638188875699,133.12138001544466,-1.0011341509306493,134.7938645724051,-1.0860129956218212,130.68354452249142,-1.3028010464875672,,,,,,,,,,
2026-03-26,2026_03.csv,132.40009820689616,-1.1517537380319687,133.11990931653526,-0.9872068494944486,134.79049587550944,-1.0724094878502788,130.6014915254901,-1.3475588617256284,,,,,,,,,,
2026-03-27,2026_03.csv,132.31760458611586,-1.121609435337756,133.10353404143308,-0.9895084137555576,134.79532269750572,-1.0348380787447153,130.41575121820046,-1.2902418113769354,,,,,,,,,,
2026-03-28,2026_03.csv,132.3180500478128,-1.1239552613396264,133.10353404143308,-0.9844850861653431,134.79761521587292,-1.0349945614558598,130.41575121820046,-1.3006894024832016,,,,,,,,,,
2026-03-29,2026_03.csv,132.07619296054668,-1.2993069060961093,132.71958264810743,-1.2604303584131449,134.33933285483698,-1.3640578804941184,130.40925855006455,-1.305318888675,,,,,,,,,,
2026-03-30,2026_03.csv,132.07804189614603,-1.2728110935757875,132.72085096042684,-1.2173922823619066,134.34196204118405,-1.3383199879022478,130.41128929131278,-1.294308465014904,,,,,,,,,,
2026-03-31,2026_03.csv,132.21696588444257,-1.1675979631237676,132.69550447200888,-1.2325756872797466,134.31222605070323,-1.3605516156896424,130.78410436826206,-1.0121322041641623,,,,,,,,,,
2026-04-01,2026_04.csv,132.47846634949173,-1.1669416331358207,133.12905005866094,-1.1183752916830048,134.76271175422556,-1.228016315978686,130.79486092568956,-1.1840167005479296,135.36295936155693,0.07551837830852559,129.18806014779906,0.13570223682808358,136.59441724214602,0.058558135779063214,134.07917873400302,-0.34535585643749034,133.42029651544158,0.4823185995741275
2026-04-02,2026_04.csv,132.48262101883356,-1.0482076666480267,133.12493522420752,-1.1004851689084938,134.78980060156167,-1.1171008315044362,130.79606609471765,-0.964660129581163,,,,,,,,,,
2026-04-03,2026_04.csv,132.48262101883356,-1.020642463413024,133.12493522420752,-1.0155788615637817,134.78980060156167,-1.1099834298992084,130.79606609471765,-0.9823090150796965,,,,,,,,,,
2026-04-04,2026_04.csv,132.4880625639882,-0.9844012942873626,133.11831972683646,-1.072115687153019,134.76947924809215,-1.110756157032411,130.8249454723048,-0.8389049037039076,,,,,,,,,,
2026-04-05,2026_04.csv,132.46597793887148,-0.6749857261726944,133.06185214911642,-0.583593261913784,134.746503581861,-0.5675464222840154,130.8356930467022,-0.814125210708061,,,,,,,,,,
2026-04-06,2026_04.csv,132.60742198013395,-0.4259252896393284,133.29129469793338,-0.34544082798548814,134.996444422944,-0.3135996320491219,130.84334075748504,-0.5572248158916215,,,,,,,,,,
2026-04-07,2026_04.csv,132.60742198013395,-0.4210259379142989,133.29129469793338,-0.34372413136450897,134.996444422944,-0.31064521622550245,130.84334075748504,-0.5483459616761222,,,,,,,,,,
2026-04-08,2026_04.csv,132.30338393857855,-0.6482346142587359,133.13610261548783,-0.45569867233045125,134.91158783204563,-0.3709804129901517,130.29628175655526,-0.9664560368809139,,,,,,,,,,
2026-04-09,2026_04.csv,132.2193658949024,-0.6589737405400475,133.06586919988308,-0.5048578814673688,134.844497860172,-0.36522582869146225,130.19133667478317,-0.9485307718405278,,,,,,,,,,
2026-04-10,2026_04.csv,131.81832883749834,-0.9495309930697693,132.50208253480957,-0.928201869517209,134.3429928685103,-0.7167481880816173,129.99080608282372,-1.0823008365585807,,,,,,,,,,
2026-04-11,2026_04.csv,131.74971547888072,-1.001088203748668,132.5158040273168,-0.9179423104995865,134.31943786790114,-0.7341559963116806,129.82345939049958,-1.2096448408473903,,,,,,,,,,
2026-04-12,2026_04.csv,131.74530416112688,-0.8787539564528268,132.52897407077964,-0.8992775545172083,134.30260919303043,-0.7418957580724861,129.8082912013993,-0.9252262385772148,,,,,,,,,,
2026-04-13,2026_04.csv,131.7432296511227,-0.768625157856806,132.5242670542796,-0.6392536823756734,134.30102429543322,-0.7087665986072467,129.80846909692954,-0.921743145022913,,,,,,,,,,
2026-04-14,2026_04.csv,131.62764681721194,-0.9436764847878254,132.43025692452264,-0.9187803990571508,134.21923285113044,-0.76154452438979,129.6567158077353,-1.0556938443801678,,,,,,,,,,
2026-04-15,2026_04.csv,131.52953774588931,-0.9687263401603641,132.3464561668115,-0.9249431701106148,134.120976442477,-0.6971541140797233,129.5451865321004,-1.1419506563238424,,,,,,,,,,
2026-04-16,2026_04.csv,131.518690664375,-0.8842432303429515,132.35480461172529,-0.7144026010191595,134.12907649981588,-0.615796202797092,129.5073652424825,-1.1766521158532495,,,,,,,,,,
2026-04-17,2026_04.csv,131.48121601794267,-0.8709525087805758,132.35090862908766,-0.6641641859392533,134.12417474538216,-0.6242116654713192,129.4229723760319,-1.188389166685766,,,,,,,,,,
2026-04-18,2026_04.csv,131.453474752741,-0.8579160811279518,132.28368754288414,-0.6723706913686844,134.12113235120472,-0.5490332445766688,129.42087846913643,-1.1848086377690192,,,,,,,,,,
2026-04-19,2026_04.csv,131.43323659467953,-0.8380055698074984,132.27496953941548,-0.6533562605806176,134.11458640179004,-0.5168420760133907,129.38336425407147,-1.1700066644676599,,,,,,,,,,
2026-04-20,2026_04.csv,131.43323659467953,-0.820504089081675,132.27496953941548,-0.6603252481698796,134.11458640179004,-0.5292693860262876,129.38336425407147,-1.1147950003708162,,,,,,,,,,
2026-04-21,2026_04.csv,131.38894540164233,-0.8524279165842641,132.25041480482756,-0.6787660715250055,134.1023184816585,-0.5392715063031628,129.3054621724482,-1.1702532840856872,,,,,,,,,,
2026-04-22,2026_04.csv,131.37183194995157,-0.8657377244241093,132.20544342839705,-0.7151443311211092,134.08789880411396,-0.5499662627358792,129.31334978048992,-1.1627009662104282,,,,,,,,,,
2026-04-23,2026_04.csv,131.34778714265687,-0.8633445482050028,132.17359254657617,-0.7257461938370069,134.06894233876494,-0.5480992173251265,129.29428009071222,-1.1476282470036514,,,,,,,,,,
2026-04-24,2026_04.csv,131.3324082316977,-0.8328199962430172,132.18282463693632,-0.7050372963377072,134.0595335702415,-0.5447807320407727,129.25290176803804,-1.0947382546753204,,,,,,,,,,
2026-04-25,2026_04.csv,131.3216246654924,-0.8145564512485937,132.1744728951222,-0.7102141417216434,134.09145700434848,-0.5186113951287541,129.21981557640467,-1.0579327486591295,,,,,,,,,,
2026-04-26,2026_04.csv,131.2941808721164,-0.7734599770005457,132.1722559943639,-0.6996644031850408,134.1177774639087,-0.5026474361558453,129.14339820315612,-0.9756129939515801,,,,,,,,,,
2026-04-27,Forward Fill,131.2941808721164,-0.7737940328824355,132.1722559943639,-0.6996644031850408,134.1177774639087,-0.5043395989428157,129.14339820315612,-0.9756129939515801,,,,,,,,,,
2026-04-28,Forward Fill,131.2941808721164,-0.5920916335496296,132.1722559943639,-0.4123932902914018,134.1177774639087,-0.16492220574571004,129.14339820315612,-0.9706828801748446,,,,,,,,,,
2026-04-29,Forward Fill,131.2941808721164,-0.5934832261111023,132.1722559943639,-0.4133449733731198,134.1177774639087,-0.16687606304768288,129.14339820315612,-0.9722249469710009,,,,,,,,,,
2026-04-30,Forward Fill,131.2941808721164,-0.6979323766457268,132.1722559943639,-0.3943226861580329,134.1177774639087,-0.14477355674316073,129.14339820315612,-1.254514968031617,,,,,,,,,,
2026-05-01,2026_05.csv,131.60126537066935,-0.6621460853179162,132.7337484511261,-0.2969311411451181,134.60907293294983,-0.11400692318802585,129.12432773981192,-1.2772162255111463,139.92337022751155,3.3690242053394215,131.93988843603836,2.130094905899993,148.18284451839492,8.48382204062239,135.82712757400114,1.3036691129096445,132.97226065362435,-0.33580787445287585
2026-05-02,2026_05.csv,131.5928201432919,-0.671635923790459,132.7326452235347,-0.2946780781617919,134.5992462779091,-0.14137147083989055,129.10960805993292,-1.2893797842233656,,,,,,,,,,
2026-05-03,2026_05.csv,131.58537503513625,-0.677255610431915,132.73203826586936,-0.2951340090242671,134.59818823766838,-0.14215642655314165,129.09272364179105,-1.3022887490309443,,,,,,,,,,
2026-05-04,2026_05.csv,131.58537503513625,-0.6813349907777266,132.73203826586936,-0.2901790390381742,134.59818823766838,-0.12709925969843772,129.09272364179105,-1.324076095931137,,,,,,,,,,
2026-05-05,2026_05.csv,131.58537503513625,-0.6647766599674254,132.73203826586936,-0.24786509275208646,134.59818823766838,-0.11006990181567922,129.09272364179105,-1.3321818873149538,,,,,,,,,,
2026-05-06,2026_05.csv,131.32150560331306,-0.9697167455781863,132.3634616479609,-0.696094258875013,134.1885215491341,-0.5984771504638164,128.99587955428566,-1.4119642562655077,,,,,,,,,,
2026-05-07,2026_05.csv,129.78643828494725,-2.127319612328571,129.62007231263954,-2.7542851869010843,131.95856172243288,-2.250342750504919,128.92555029105557,-1.4657149957551519,,,,,,,,,,
2026-05-08,2026_05.csv,129.4169580179967,-2.1816720288287295,129.00352634454887,-3.104023769476194,131.2843518882762,-2.6886022187249337,128.9317710216937,-1.0472368946114807,,,,,,,,,,
2026-05-09,2026_05.csv,129.1843182467354,-2.2954637753893836,128.9439872434281,-3.0976252447300068,130.3476196241193,-3.3348622356959456,128.8658363700545,-1.0181171332772854,,,,,,,,,,
2026-05-10,2026_05.csv,129.09406473829975,-2.0666808047285934,128.97401681018428,-2.662649263417005,130.32467318654238,-2.9910898932413166,128.63064919030526,-1.0463485330276634,,,,,,,,,,
2026-05-11,2026_05.csv,129.092262501638,-2.017046463883032,128.97343653312788,-2.673166057581089,130.32357704783914,-2.974893942001011,128.62736410845952,-0.9213244568089141,,,,,,,,,,
2026-05-12,2026_05.csv,129.0546568668817,-2.0423098275703877,128.92767152618745,-2.71736997124028,130.255947226599,-3.0130925904911066,128.61151834792193,-0.9219540927632774,,,,,,,,,,
2026-05-13,2026_05.csv,129.05247655620005,-2.042422295284696,128.9411972164748,-2.703708473510924,130.23561392162176,-3.027088136623912,128.60303655678916,-0.9286239553755626,,,,,,,,,,
2026-05-14,2026_05.csv,128.91072896055164,-2.064093617379048,128.75111201841884,-2.7781754649926382,129.9924099230779,-3.149193180638077,128.5543960449807,-0.8501833135964976,,,,,,,,,,
2026-05-15,2026_05.csv,128.91158533623735,-1.9903912493859477,128.76874864783375,-2.7032892474796233,130.00536917764904,-3.068578364095864,128.53376204476146,-0.7807503423435169,,,,,,,,,,
2026-05-16,2026_05.csv,128.81266960296813,-2.0575182491075816,128.62880458788038,-2.8151603825606886,129.8593574632782,-3.183291160991142,128.49559241316302,-0.7812473270729425,,,,,,,,,,
2026-05-17,2026_05.csv,128.81366964818812,-2.0288421803084877,128.6212257485742,-2.8180258973256156,129.83243345762858,-3.1998267992335516,128.51776382897728,-0.6994187588464484,,,,,,,,,,
2026-05-18,2026_05.csv,128.72132597833158,-2.07841502824363,128.48591710935463,-2.870928762322511,129.643893503127,-3.33820537419397,128.5109975801653,-0.7030402665579971,,,,,,,,,,
2026-05-19,2026_05.csv,128.6889186201119,-2.08799390905261,128.44734883153123,-2.8936848152088857,129.5657204747628,-3.3917756815797895,128.505841585858,-0.678234542186007,,,,,,,,,,
2026-05-20,2026_05.csv,128.67045351870564,-2.102042944049154,128.41317684629655,-2.9195188678294737,129.532808155349,-3.4163161288919275,128.50895335584957,-0.6758294648335217,,,,,,,,,,
2026-05-21,2026_05.csv,128.7305914807208,-2.02327061290829,128.5281187120136,-2.814581790391546,129.6021203643184,-3.3557944174959164,128.51312613190245,-0.6127630087962022,,,,,,,,,,
2026-05-22,2026_05.csv,128.74272240157242,-2.0012734155833045,128.58836033323112,-2.735956252153071,129.60816419520006,-3.3408940320992286,128.4827524921004,-0.642313643409187,,,,,,,,,,
2026-05-23,2026_05.csv,128.7465236961085,-1.9804394905588496,128.61885489335722,-2.6894461932449265,129.60775519962573,-3.3275321348226194,128.46336126640523,-0.6426570639660345,,,,,,,,,,
2026-05-24,2026_05.csv,128.76073922218174,-1.9581374042719202,128.64250168499922,-2.67835322906832,129.62290441288715,-3.3094469592718334,128.46824794583043,-0.6070686317091623,,,,,,,,,,
2026-05-25,2026_05.csv,128.75055205417868,-1.9578440472868497,128.62445467780788,-2.685857669454217,129.60195730870373,-3.3480877872027026,128.4705121613083,-0.5798672686181949,,,,,,,,,,
2026-05-26,2026_05.csv,128.73661944283808,-1.947962516152535,128.61756565607251,-2.689437591534305,129.6128706044668,-3.35891851522383,128.4382978254316,-0.5459825182974831,,,,,,,,,,
2026-05-27,2026_05.csv,128.70431063619986,-1.972570466347734,128.56880134906163,-2.72633210214398,129.5520109078372,-3.4042963150803462,128.43487981071226,-0.5486292000225101,,,,,,,,,,
2026-05-28,2026_05.csv,128.67000754094,-1.9986973632383775,128.54212079186564,-2.7465183030946028,129.58345074607354,-3.380854353223506,128.36258722227208,-0.6046077397280025,,,,,,,,,,
2026-05-29,2026_05.csv,128.68521103215517,-1.9871176488030717,128.53534602415553,-2.7516440139778275,129.59229667169777,-3.3742587133377966,128.40148961734872,-0.5744843299231639,,,,,,,,,,
2026-05-30,2026_05.csv,128.6956628188629,-1.979157062402126,128.55750742729458,-2.734876952711962,129.62964057990885,-3.3464145983239435,128.38830202140542,-0.5846959211672997,,,,,,,,,,
2026-05-31,2026_05.csv,128.96987072540375,-1.9995207780517887,128.97862121783945,-2.8290674203850563,130.02825074589148,-3.4030560401675847,128.46572598719462,-0.5100524154862618,,,,,,,,,,
2026-06-01,2026_06.csv,128.96987072540375,-1.9932314050508326,128.97862121783945,-2.8282597693831124,130.02825074589148,-3.396003810140069,128.46572598719462,-0.4987096486571474,143.92558699840282,2.8602918614551553,134.771041111135,2.145789805233256,153.77053184230985,3.770805819037504,142.7533051948306,5.099259437004555,132.66213983953426,-0.2332221867671347
2026-06-02,2026_06.csv,129.14091351030598,-1.8577000097294571,129.21810121691246,-2.647391763786755,130.31860369875952,-3.1795261102267824,128.5163474401454,-0.4464823309832555,,,,,,,,,,
2026-06-03,2026_06.csv,129.16243699110993,-1.841342963364545,129.25606480905674,-2.6187900843126277,130.33552950189963,-3.1669510500705322,128.5245261230925,-0.44014682057154086,,,,,,,,,,
2026-06-04,2026_06.csv,129.1381336215964,-1.8598126219470656,129.2549114782741,-2.619659000964336,130.32549741273834,-3.1744044112878234,128.47171124283312,-0.4810591809040532,,,,,,,,,,
2026-06-05,2026_06.csv,129.13639236918254,-1.6639416553227426,129.24256747997882,-2.3578215083876586,130.32429414071026,-2.8797004123850556,128.47971371868533,-0.4001413358192707,,,,,,,,,,
2026-06-06,2026_06.csv,129.15004733891237,-0.4903370139780483,129.25202156788404,-0.28394579495972794,130.37554528063413,-1.1996314760754467,128.47971371868533,-0.3458093227942327,,,,,,,,,,
2026-06-07,2026_06.csv,129.13749645145214,-0.21593890848964348,129.22199727886613,0.16935268399853598,130.38432460507116,-0.6855556433496224,128.47364187897682,-0.35532680508963965,,,,,,,,,,
2026-06-08,2026_06.csv,129.1376753334645,-0.036105708420275384,129.22199727886613,0.2156052727865454,130.38432460507116,0.028159302837837963,128.47407321662888,-0.3040085444373508,,,,,,,,,,
2026-06-09,2026_06.csv,129.13667725360486,0.033008888047247886,129.2184360934372,0.18951048381521396,130.38752935163245,0.048230441368612986,128.4735223186385,-0.12215352457275452,,,,,,,,,,
2026-06-10,2026_06.csv,129.0484535793308,-0.03393613331909018,129.0868289821857,0.08791922748270231,130.31765279288322,-0.004545804443156776,128.41760221945302,-0.16307718848194153,,,,,,,,,,
2026-06-11,2026_06.csv,128.90684268019135,-0.11453611227900673,128.867081485386,-0.04699537351774419,130.13906335502534,-0.08973399991505371,128.36698099626156,-0.19013643163658944,,,,,,,,,,
2026-06-12,2026_06.csv,128.5612009526564,-0.3806789429025015,128.3722818764335,-0.4412207675458135,129.68360078236958,-0.4238572865210233,128.21341429136208,-0.30296505888103287,,,,,,,,,,
2026-06-13,2026_06.csv,128.5612009526564,-0.2711395790820359,128.3722818764335,-0.2942344621700288,129.68360078236958,-0.2375593628051509,128.21341429136208,-0.26524316873559606,,,,,,,,,,
2026-06-14,2026_06.csv,128.5612009526564,-0.2718020902985896,128.3722818764335,-0.30789052123549876,129.68360078236958,-0.2475039279645208,128.21341429136208,-0.24923237934000309,,,,,,,,,,
2026-06-15,2026_06.csv,128.5612009526564,-0.19522043218792584,128.3722818764335,-0.19942866783903002,129.68360078236958,-0.13534387073979026,128.21341429136208,-0.21960140149681617,,,,,,,,,,
2026-06-16,2026_06.csv,128.31709434372868,-0.3854989193426972,127.99177546673204,-0.4893828978683512,129.38740741271573,-0.34276954768631684,128.12230413178986,-0.3077081995557229,,,,,,,,,,
2026-06-17,2026_06.csv,128.30020942683203,-0.3271536773715611,127.99346718168636,-0.3832715201379955,129.40355796145656,-0.18538130503203964,128.07242750444453,-0.3412704624343066,,,,,,,,,,
2026-06-18,2026_06.csv,128.2765641414243,-0.32042733990551575,127.9890597321848,-0.35679140403863663,129.39909606950812,-0.1286022295435285,128.02165742831718,-0.37677988141677776,,,,,,,,,,
2026-06-19,2026_06.csv,128.2337958215946,-0.33936127927578497,127.9802956281697,-0.3371003106986348,129.37390389991884,-0.12267490969513073,127.938596295817,-0.4438267102317872,,,,,,,,,,
2026-06-20,2026_06.csv,128.2384715769186,-0.3822866796008406,127.98206087332494,-0.4248547665372526,129.37390389991884,-0.17609006994486753,127.94820673623734,-0.43958108612601743,,,,,,,,,,
2026-06-21,2026_06.csv,128.19350632249404,-0.42659970896472554,127.922053822361,-0.518170158747977,129.2944487943854,-0.24204910451642858,127.93358214788891,-0.427427287756188,,,,,,,,,,
2026-06-22,2026_06.csv,128.16102232968046,-0.45477062185388384,127.89037192848264,-0.5663889368931141,129.2372710606324,-0.2858502860594303,127.91191201923807,-0.42926577798596544,,,,,,,,,,
2026-06-23,2026_06.csv,128.16102232968046,-0.4657606783900481,127.89037192848264,-0.5846666122509725,129.2372710606324,-0.2975040206061097,127.91191201923807,-0.4330532528371789,,,,,,,,,,
2026-06-24,2026_06.csv,128.16915400344823,-0.45156936529934244,127.88139910843908,-0.5776938539643006,129.24015738559248,-0.27916239123569886,127.93862670921104,-0.41401364651635353,,,,,,,,,,
2026-06-25,2026_06.csv,128.16572084815505,-0.4434624717922775,127.87387440931909,-0.578219034826144,129.16045981917986,-0.3490477320477914,127.9747839346156,-0.36088448590776423,,,,,,,,,,
2026-06-26,2026_06.csv,128.13948789310342,-0.43885301145273337,127.82964746429292,-0.5749092135983513,129.1627896143723,-0.3004363195425852,127.95213206903352,-0.37586965658410465,,,,,,,,,,
2026-06-27,2026_06.csv,128.119975956348,-0.4274745879819686,127.75742387356836,-0.6104589790982717,129.12802366213575,-0.35145466594359576,127.98946146382004,-0.2906810828033124,,,,,,,,,,
2026-06-28,2026_06.csv,128.10774693222027,-0.44874161941623747,127.74888466336613,-0.611863884228081,129.1163454774263,-0.3672681220221019,127.97349575695308,-0.33332468468325605,,,,,,,,,,
2026-06-29,2026_06.csv,128.11065766104448,-0.45456478097618547,127.76081783027922,-0.6197145642901636,129.14611769032626,-0.37300334045478056,127.95531480956956,-0.33724817994997824,,,,,,,,,,
2026-06-30,2026_06.csv,128.11065766104448,-0.6662122397475767,127.76081783027922,-0.9441901115560869,129.14611769032626,-0.6784164598884979,127.95531480956956,-0.39731311499842104,,,,,,,,,,
2026-07-01,2026_07.csv,128.1125041623548,-0.6647805089875614,127.8164232424321,-0.9010779960536675,128.97542351803307,-0.8096911415934605,127.98732231374566,-0.3723979059571447,136.6431037338441,-5.059894780654628,131.01028240561826,-2.790479820079106,138.45004284380275,-9.963215197966612,134.16312068601204,-6.017503060328188,133.19653339277284,0.40282295603324414
2026-07-02,2026_07.csv,128.5175581440709,-0.48269394205990857,128.24350595995233,-0.7542250255822336,129.4158130022334,-0.6927565757326448,128.35505243267937,-0.125505440108431,,,,,,,,,,
2026-07-03,2026_07.csv,128.46343101980491,-0.5411836348002019,128.2011332815439,-0.816156308851923,129.36658313892835,-0.7434245801388739,128.28754917175476,-0.1843826688073369,,,,,,,,,,
2026-07-04,2026_07.csv,128.42095135997533,-0.5553605596644084,128.2315246187488,-0.7917585860536591,129.39448921104594,-0.7143714930501477,128.1433913458576,-0.255558125442068,,,,,,,,,,
2026-07-05,2026_07.csv,128.42095135997533,-0.5540196656275365,128.2315246187488,-0.7822831756933546,129.39448921104594,-0.7134547981210826,128.1433913458576,-0.26177079874580844,,,,,,,,,,
2026-07-06,2026_07.csv,128.40439885051137,-0.5773505343318108,128.19937559146177,-0.8144135493226456,129.4027995319949,-0.7461105888726172,128.12989326306624,-0.2722768019121302,,,,,,,,,,
2026-07-07,2026_07.csv,128.4090786099998,-0.564063778118995,128.19937559146177,-0.7913681176104248,129.4027995319949,-0.7527937703011855,128.14117755288072,-0.2587801834163628,,,,,,,,,,
2026-07-08,2026_07.csv,128.40582832455237,-0.5667184321092367,128.18231649825137,-0.8045695024904265,129.4240689243259,-0.7364809256433569,128.1394571023499,-0.260454195855353,,,,,,,,,,
2026-07-09,2026_07.csv,128.38433224461627,-0.5825959169687311,128.14370624580457,-0.8317155663882914,129.44896334943462,-0.71982804403532,128.11235961294096,-0.2811183963663533,,,,,,,,,,
2026-07-10,2026_07.csv,128.34508443706991,-0.5450426740902459,128.13962903876063,-0.7337696269197003,129.44984340801366,-0.6659185200709405,128.02115295830404,-0.30871878488393234,,,,,,,,,,
2026-07-11,2026_07.csv,128.33061971420787,-0.4470072759543475,128.1283461803931,-0.5732536940216804,129.42448024543754,-0.5490919414706363,128.0087948893182,-0.2790328978398149,,,,,,,,,,
2026-07-12,2026_07.csv,128.33061971420787,-0.1793552306138202,128.1283461803931,-0.19002209236664847,129.42448024543754,-0.19980979504640173,128.0087948893182,-0.1595928188753204,,,,,,,,,,
2026-07-13,2026_07.csv,128.3264043154562,-0.18263413491811376,128.14282052468067,-0.17874680452724112,129.47801520404744,-0.15852858579022966,127.95990118676788,-0.19772744216771665,,,,,,,,,,
2026-07-14,2026_07.csv,128.331153055248,-0.17894037680398212,128.14831194766907,-0.17446907189826444,129.4914047358294,-0.1482038171215727,127.95990118676788,-0.19772744216771665,,,,,,,,,,
2026-07-15,2026_07.csv,128.29373699400668,-0.2080440729145261,128.11649499419184,-0.1992539810797167,129.46783810743068,-0.1663762215401321,127.91071750050617,-0.236088238137111,,,,,,,,,,
2026-07-16,2026_07.csv,128.2330974609348,-0.06546039966340844,128.00922922877754,0.013636627808200075,129.36870744252874,-0.01445269718353126,127.9120697935034,-0.16408878977871577,,,,,,,,,,
2026-07-17,2026_07.csv,128.23585656069758,-0.05015803670308516,128.01070628683087,0.013468738306809946,129.38288542819677,-0.01597524332827005,127.91068732071729,-0.12628805971655055,,,,,,,,,,
2026-07-18,2026_07.csv,128.24243698034175,-0.02660436168600011,128.02043034391895,0.024510385340592578,129.38356176008023,-0.012004959771549917,127.91707037087714,-0.08169481597174455,,,,,,,,,,
2026-07-19,2026_07.csv,128.19937628922963,-0.02684123334605326,127.96569455558544,-0.011408844238547378,129.3441466817896,-0.023000943182693856,127.8833083175441,-0.04321446371434723,,,,,,,,,,
2026-07-20,2026_07.csv,128.20539988419546,-0.025789213109361775,127.9694473417285,-0.009855702830829927,129.33970535224842,-0.02643388399015123,127.89637598291736,-0.04050916745306221,,,,,,,,,,
2026-07-21,2026_07.csv,128.2077911162018,0.011143149226167104,127.96639819637728,0.03466515170078566,129.35814675980274,0.0492658161361792,127.89637598291736,-0.029082406938740757,,,,,,,,,,
2026-07-22,2026_07.csv,128.2241267089622,0.04923835510566299,127.98130046674764,0.07109881447202593,129.37101220017317,0.10348496098933069,127.91568875897951,0.0029526098717536087,,,,,,,,,,
2026-07-23,2026_07.csv,128.22999002347376,0.05381331432880998,127.98006977328784,0.07013651102316665,129.37341369434048,0.10534316655774756,127.92986199401896,0.014033075182395827,,,,,,,,,,
2026-07-24,2026_07.csv,128.17615757593566,0.005464319821646413,127.89822560782127,0.01315789434546133,129.2623331646288,0.017158582506349163,127.92926085432282,-0.0073205841965906515,,,,,,,,,,
2026-07-25,2026_07.csv,128.17606423233673,0.008070320295661126,127.89529424092524,0.01675074889619932,129.26161072313954,0.07831414048951046,127.93213783072014,-0.03332383348054746,,,,,,,,,,
2026-07-26,2026_07.csv,128.1848130679867,0.03537174654630881,127.92228217817625,0.07246731546310947,129.23841022090446,0.058546743034848525,127.938661254127,-0.010528011287269656,,,,,,,,,,
2026-07-27,2026_07.csv,128.21076495981453,0.07086248868597433,127.92228217817625,0.12904009771756986,129.36467512786007,0.18326886682902277,127.94207859879974,-0.03702091131440044,,,,,,,,,,
2026-07-28,2026_07.csv,128.21462399774651,0.0834274804495605,127.92289255324854,0.1362108877435153,129.38330709223342,0.20676051031338627,127.94207859879974,-0.024549738184076464,,,,,,,,,,
2026-07-29,2026_07.csv,128.19566831306025,0.06635720522230049,127.86120152158531,0.07857157852531049,129.32487386107942,0.13841389423860928,127.98190876390088,0.02078378250320867,,,,,,,,,,
2026-07-30,2026_07.csv,128.22135932041377,0.0864109679790781,127.88977104154972,0.10093330135205747,129.32331541540884,0.13720716367755514,128.01765354315543,0.04871914361561647,,,,,,,,,,
2026-07-31,2026_07.csv,128.36897915739831,0.20019513061619865,127.99710535709472,0.14136064058054565,129.4260185926326,0.3493650668544124,128.22429809534728,0.18515566801271532,,,,,,,,,,
2026-08-01,2026_08.csv,128.59274206994996,0.05850089821561877,128.06671230601222,-0.13785778283019745,129.45404231055707,0.02953990508332005,128.68510432769685,0.25713977655112963,138.6684871538696,1.482243424425267,132.45114332906908,1.0998075089936998,140.53677456090884,1.507209152300737,136.85231912419454,2.0044244829964475,135.60813586194766,1.8105594851056894
2026-08-02,2026_08.csv,128.77790816298867,0.2447989600521172,128.07643820302977,-0.09726519206368911,129.5456271504981,0.13840051056883684,129.07951430792653,0.6173359311054227,,,,,,,,,,
2026-08-03,2026_08.csv,128.71792311804782,0.23124868249888575,127.99047868636396,-0.18797712426917856,129.42278210655647,0.02186561087960115,129.07346936324723,0.7258103657326931,,,,,,,,,,
2026-08-04,2026_08.csv,128.71800118524175,0.231309472574881,127.99047868636396,-0.18797712426917856,129.42318387056275,0.022176106333260392,129.07346936324723,0.7258103657326931,,,,,,,,,,
2026-08-05,2026_08.csv,128.84875727439334,0.3460616831354013,128.17268716157295,-0.020817909420922653,129.64885641674144,0.19014803824681792,129.1112461271743,0.765904691806174,,,,,,,,,,
2026-08-06,2026_08.csv,128.86803942519907,0.35742084607055524,128.20475151742423,0.004193410410668896,129.6238043781953,0.17078830365315767,129.13925020295594,0.7788851867412738,,,,,,,,,,
2026-08-07,2026_08.csv,128.90741626867535,0.3906270849755922,128.19974863150253,0.01359948370991404,129.62498443253492,0.155238132967761,129.23836305819844,0.857585930749516,,,,,,,,,,
2026-08-08,2026_08.csv,128.90684567558262,0.40699158676993363,128.19974863150253,0.04373401342900873,129.62498443253492,0.13597720564602067,129.23698718881016,0.8778447132399725,,,,,,,,,,
2026-08-09,2026_08.csv,128.90562085177345,0.4367416307076155,128.19661588429577,0.04447246020815587,129.62498443253492,0.13529643598657604,129.23698718881016,0.9497135453092831,,,,,,,,,,
2026-08-10,2026_08.csv,128.94801619378484,0.48109833876897046,128.2662046867477,0.10759407302465274,129.70568257035993,0.21727135731133274,129.2357992960578,0.9585313320076949,,,,,,,,,,
2026-08-11,2026_08.csv,128.94688765758016,0.4802189413132485,128.26432312032878,0.1061255717327736,129.70366059604163,0.21570907611501156,129.2357992960578,0.9585313320076949,,,,,,,,,,
2026-08-12,2026_08.csv,129.03283410711094,0.5504944952078539,128.29524582067515,0.11894954034128435,129.7136654148685,0.18200017234561994,129.4092014949778,1.1326206841114628,,,,,,,,,,
2026-08-13,2026_08.csv,129.42133253153472,0.8495049333947735,128.96127359114973,0.6343912230483806,129.98233519461905,0.3791220427264541,129.5922023830451,1.2756349302698755,,,,,,,,,,
2026-08-14,2026_08.csv,129.41938597381773,0.8773997906566855,128.98322200902362,0.6765147726458531,129.99101269232665,0.40409617750922777,129.56275089837334,1.2915519748066817,,,,,,,,,,
2026-08-15,2026_08.csv,129.4206610212834,0.9260975394518312,128.9688644531059,0.7496609659396691,129.99574011908874,0.4846865126472366,129.5771460813524,1.3017350829652274,,,,,,,,,,
2026-08-16,2026_08.csv,129.52323854731537,1.00391732947831,129.07268280497635,0.8295997646993181,130.23997211243545,0.6624420852898272,129.6121827885218,1.3302215033355713,,,,,,,,,,
2026-08-17,2026_08.csv,129.48805490629582,0.9712993259360925,129.04329880801276,0.7989884593778918,130.15360360295426,0.5951620378962463,129.59551374739655,1.3121340034234708,,,,,,,,,,
2026-08-18,2026_08.csv,129.48805490629582,1.0052144202002955,129.04329880801276,0.8421040155877302,130.15360360295426,0.625816429989734,129.59551374739655,1.3388810880626378,,,,,,,,,,
2026-08-19,2026_08.csv,129.48500398528094,0.9980890837993694,128.98414125628466,0.7929188846510726,129.970548635717,0.48774139522780313,129.72969704825613,1.4334425438165876,,,,,,,,,,
2026-08-20,2026_08.csv,129.49733885431112,1.0058263440016146,129.00177471864814,0.8091003082558945,129.9791794730279,0.48008782498896174,129.73877213381098,1.4405381987834476,,,,,,,,,,
2026-08-21,2026_08.csv,129.52547005173858,1.0148974114131626,129.01009027228568,0.8038594714900205,130.01962025369056,0.501355011827398,129.77981708080176,1.4573101547650458,,,,,,,,,,
2026-08-22,2026_08.csv,129.6262176381384,1.0888463879697996,129.0374870941133,0.8262359308747191,130.3935258908546,0.7885021871064213,129.82173055147447,1.478832641548511,,,,,,,,,,
2026-08-23,2026_08.csv,129.72955161154334,1.2119212067091434,129.21973474081875,1.0332505605274545,130.51104898025542,0.9660322423828083,129.8440200514581,1.4967327915039519,,,,,,,,,,
2026-08-24,2026_08.csv,129.71113435585252,1.1976261969889102,129.16406568928917,0.9920391957298103,130.51229674192535,0.9675618397364749,129.85150824193167,1.500303554491711,,,,,,,,,,
2026-08-25,2026_08.csv,129.7088038087134,1.1889011687510997,129.16002666637317,0.967575364605322,130.50842978379578,0.9826951296603825,129.85150824193167,1.4951281880347,,,,,,,,,,
2026-08-26,2026_08.csv,129.80359518054024,1.2423529500233066,129.22904604408237,1.0215295128068513,130.5728801484698,0.9339528116277362,129.98481232373285,1.5966082052947694,,,,,,,,,,
2026-08-27,2026_08.csv,129.78726973427618,1.226572825699912,129.22313982277595,1.0164304789982426,130.5659412724489,0.9140546851012399,129.95426609877757,1.5727331633305974,,,,,,,,,,
2026-08-28,2026_08.csv,129.77428544117473,1.231412222337669,129.21715540229195,1.060488924372982,130.52245722039802,0.9260270847857521,129.94897304756807,1.5369862058363326,,,,,,,,,,
2026-08-29,2026_08.csv,129.77428544117473,1.211129041987724,129.21715540229195,1.0379128447348451,130.52245722039802,0.927243321235105,129.94897304756807,1.5086352943983528,,,,,,,,,,
2026-08-30,2026_08.csv,129.75963481515203,1.083326880747859,129.21526230376932,0.9517066368619043,130.52673490765815,0.8504598433874744,129.91342649139384,1.3173231759791237,,,,,,,,,,
2026-08-31,2026_08.csv,129.79149970742418,0.9322125169569428,129.25457825381605,0.9275368488928182,130.55562435158438,0.8509444906978247,129.9396609813189,0.9749043295852688,,,,,,,,,,
2026-09-01,2026_09.csv,129.78890595829043,0.785070832197543,129.2518656440218,0.9177546295663808,130.55304321596998,0.7776534705424831,129.937173378739,0.6644424372146851,,,,,,,,,,
2026-09-02,2026_09.csv,130.39556251971328,1.3033456111056774,129.85858449313588,1.4595662317582692,131.15572308376963,1.33897676205601,130.54563446487106,1.1405636719043821,,,,,,,,,,
2026-09-03,2026_09.csv,130.36713058817637,1.2811956274564107,129.86072986370107,1.4612424271965407,131.2032879513935,1.375413606430076,130.4527679519272,1.0686151038508562,,,,,,,,,,
2026-09-04,2026_09.csv,130.38779234334396,1.1944508441576351,129.86362975634734,1.3192690519492567,131.20295281639733,1.1986965736592525,130.50001271494844,1.0756356471117945,,,,,,,,,,
2026-09-05,2026_09.csv,130.40004448913604,1.1888169252595837,129.8724727071849,1.3008263500545958,131.2202376650217,1.2315895945844924,130.51312086613476,1.0638676165609207,,,,,,,,,,
2026-09-06,2026_09.csv,130.45193585232272,1.1981619276490774,129.87314809052256,1.305306349570201,131.24335803699947,1.2485043771070625,130.62677677288727,1.0743046273834267,,,,,,,,,,
2026-09-07,2026_09.csv,130.45748798167148,1.2029169575612286,129.87349141666684,1.3055741552000288,131.25211569871092,1.2552605296727082,130.6357376033265,1.0823143164679472,,,,,,,,,,
2026-09-08,2026_09.csv,130.4577169746413,1.204056202213688,129.87380020209827,1.3082906332849253,131.25267287636356,1.255690367836304,130.6357376033265,1.0823143164679472,,,,,,,,,,
2026-09-09,2026_09.csv,130.56161313683083,1.2513546083726235,129.77828267948266,1.1788592298554113,131.14673319838568,1.1110158009029814,131.02594890639327,1.3851809019531425,,,,,,,,,,
2026-09-10,2026_09.csv,130.56301186294343,1.2533254851833986,129.79743933651784,1.195278764111829,131.14266978136112,1.109459192367157,131.01316549141453,1.3752893587055448,,,,,,,,,,
2026-09-11,2026_09.csv,130.5464162548838,1.1730209277713177,129.80211342632802,1.1745311340368048,131.1389230275209,1.0987721363774128,130.9704975398031,1.2064799309389862,,,,,,,,,,
2026-09-12,2026_09.csv,130.36912313080066,0.7323295014251219,129.53989243107884,0.4486764311614433,130.85799387289,0.6736751397486751,130.92182841451788,1.0260077435390036,,,,,,,,,,
2026-09-13,2026_09.csv,130.43027706437096,0.7810971153562329,129.59516089433507,0.4744329345941045,130.9098834771427,0.7068725489437488,130.99287163074752,1.1038054706757006,,,,,,,,,,
2026-09-14,2026_09.csv,130.48226933810872,0.8202773100121519,129.602596214381,0.49138353195745665,130.911430377781,0.7044002040785369,131.11050596764005,1.183356735859098,,,,,,,,,,
2026-09-15,2026_09.csv,130.48237029143493,0.7405093903432469,129.602596214381,0.41055426902789627,130.911949922685,0.5159535888639821,131.11050596764005,1.1560048962086622,,,,,,,,,,
2026-09-16,2026_09.csv,130.47045908533698,0.7586832466918159,129.5807362378806,0.4164783718582754,130.92151453438407,0.590003588200605,131.09791170121818,1.1592978108409424,,,,,,,,,,
2026-09-17,2026_09.csv,130.4778374424598,0.7643813453528381,129.5784466981125,0.4147041303523169,130.91683286148375,0.5864065514911143,131.12005514590967,1.1763843935868934,,,,,,,,,,
2026-09-18,2026_09.csv,130.41323812373108,0.7168661311202085,129.48056089129213,0.3848687367085768,130.9369492657021,0.7435535512693381,131.0471439909385,1.0155322741502548,,,,,,,,,,
2026-09-19,2026_09.csv,130.43818473581328,0.726536846105108,129.53337836153955,0.4120901778683628,130.95982371128449,0.7544625548741024,131.04678610113504,1.0081904937214725,,,,,,,,,,
2026-09-20,2026_09.csv,130.4855167777646,0.7412030434188033,129.5828683984834,0.44397932362409964,130.9955786603015,0.7506239479139198,131.09750803265447,1.0153281006955783,,,,,,,,,,
2026-09-21,2026_09.csv,130.485810662486,0.6631320731329327,129.58362007111842,0.42323590555262136,130.9955786603015,0.4617198325865157,131.09750803265447,0.9827148935394492,,,,,,,,,,
2026-09-22,2026_09.csv,130.48835470888656,0.58491152394895,129.59012701048047,0.2866375406238353,130.9955786603015,0.3712556782218268,131.09750803265447,0.9653798308921768,,,,,,,,,,
2026-09-23,2026_09.csv,130.54937861956333,0.6462392514517301,129.65082379391586,0.37685257275628103,131.088288986917,0.44133178203937806,131.1439939373287,0.995356706207029,,,,,,,,,,
2026-09-24,2026_09.csv,130.5664297736518,0.6611933344194298,129.67902858860762,0.40182859637762913,131.13042997927258,0.4765977159538526,131.13877430274212,0.9913370112052178,,,,,,,,,,
2026-09-25,2026_09.csv,130.57800563729143,0.5966017009575664,129.6938771679324,0.3596955468443852,131.14163203781516,0.43558194373796155,131.14743993971038,0.8944334304856749,,,,,,,,,,
2026-09-26,2026_09.csv,130.57760577843803,0.6089472764008175,129.69844991364147,0.3678211901656292,131.13037336303205,0.43229657373309305,131.14743993971038,0.9181490356198863,,,,,,,,,,
2026-09-27,2026_09.csv,130.62356464390925,0.6544279553128307,129.822301672435,0.46831728206602197,131.1178624946754,0.45617075172894594,131.14736037788188,0.9221983846499082,,,,,,,,,,
2026-09-28,2026_09.csv,130.63191890165905,0.6608654846903983,129.83645983926053,0.47927416064879047,131.1046644149405,0.44605902075482984,131.1603411384592,0.9321875059741247,,,,,,,,,,
